batch_idx	src_id	src_title	src_url	src_published_at	dossier_nummer	rapport_titel	datum	vergaderjaar	vraag_nr	vraag	antwoord	antwoord_zie_nr	verwijzingen	llm_label	llm_confidence	llm_reasoning	defl_types	defl_notes
0	rekenkamer__kamerstuk:2012:02:13:beantwoording-kamervragen-over-het-rapport-kosten-jeugdbescherming-en-jeugdreclassering	Beantwoording Kamervragen over het rapport Kosten jeugdbescherming en jeugdreclassering	https://www.rekenkamer.nl/binaries/rekenkamer/documenten/kamerstukken/2012/02/13/beantwoording-kamervragen-over-het-rapport-kosten-jeugdbescherming-en-jeugdreclassering/Beantwoorden+TK+vragen+Jeugdbescherming.pdf	2012-02-13	31 839, nr. 158	Kosten jeugdbescherming en jeugdreclassering	13 februari 2012	2011-2012	4	De Algemene Rekenkamer geeft aan dat Friesland en Groningen in 2009 en 2010 een hogere prijs financieerden dan de normprijs. Kan toegelicht worden waarom Friesland en Groningen in deze twee jaren een hogere prijs financierden?	Wij kennen de overwegingen van de provincies Friesland en Groningen om hun BJZ een hogere prijs per maatregel te vergoeden dan de normprijs niet. De achtergrond van de hogere vergoeding maakte geen deel uit van het onderzoek.			DEFL	H	De AR geeft expliciet aan dat zij de overwegingen niet kent en dat dit onderwerp geen deel uitmaakte van het onderzoek. Er wordt geen inhoudelijk antwoord gegeven op de vraag.	SCOPE	
0	rekenkamer__kamerstuk:2012:02:13:beantwoording-kamervragen-over-het-rapport-kosten-jeugdbescherming-en-jeugdreclassering	Beantwoording Kamervragen over het rapport Kosten jeugdbescherming en jeugdreclassering	https://www.rekenkamer.nl/binaries/rekenkamer/documenten/kamerstukken/2012/02/13/beantwoording-kamervragen-over-het-rapport-kosten-jeugdbescherming-en-jeugdreclassering/Beantwoorden+TK+vragen+Jeugdbescherming.pdf	2012-02-13	31 839, nr. 158	Kosten jeugdbescherming en jeugdreclassering	13 februari 2012	2011-2012	8	Is er zicht op hoeveel medewerkers in 2009, 2010 en 2011 ontslagen zijn of zijn afgevloeid als gevolg van de tekorten bij de BJZ/LWI? Zo ja, hoeveel waren dit?	Nee, dit onderwerp maakte geen deel uit van ons onderzoek.			DEFL	H	De AR geeft expliciet aan dat dit onderwerp geen deel uitmaakte van het onderzoek en beantwoordt de vraag niet inhoudelijk. Dit is een klassiek DEFL-antwoord.	SCOPE	
0	rekenkamer__kamerstuk:2012:02:13:beantwoording-kamervragen-over-het-rapport-kosten-jeugdbescherming-en-jeugdreclassering	Beantwoording Kamervragen over het rapport Kosten jeugdbescherming en jeugdreclassering	https://www.rekenkamer.nl/binaries/rekenkamer/documenten/kamerstukken/2012/02/13/beantwoording-kamervragen-over-het-rapport-kosten-jeugdbescherming-en-jeugdreclassering/Beantwoorden+TK+vragen+Jeugdbescherming.pdf	2012-02-13	31 839, nr. 158	Kosten jeugdbescherming en jeugdreclassering	13 februari 2012	2011-2012	9	Wat zijn de gevolgen geweest van te weinig personele inzet bij de BJZ/LWI?	Om dreigende tekorten af te wenden hebben de BJZ/LWI minder personeel ingezet. Wij hebben geen onderzoek gedaan naar de gevolgen van minder personeelsinzet voor bijvoorbeeld de kwaliteit.			DEFL	M	De AR geeft een korte feitelijke constatering (minder personeel ingezet), maar beantwoordt de eigenlijke vraag naar de gevolgen niet: ze geeft expliciet aan dit niet onderzocht te hebben. Omdat er geen substantieel antwoord op de gestelde vraag wordt gegeven, is DEFL het primaire label.	SCOPE	
0	rekenkamer__kamerstuk:2012:02:13:beantwoording-kamervragen-over-het-rapport-kosten-jeugdbescherming-en-jeugdreclassering	Beantwoording Kamervragen over het rapport Kosten jeugdbescherming en jeugdreclassering	https://www.rekenkamer.nl/binaries/rekenkamer/documenten/kamerstukken/2012/02/13/beantwoording-kamervragen-over-het-rapport-kosten-jeugdbescherming-en-jeugdreclassering/Beantwoorden+TK+vragen+Jeugdbescherming.pdf	2012-02-13	31 839, nr. 158	Kosten jeugdbescherming en jeugdreclassering	13 februari 2012	2011-2012	13	In 2009 en 2010 is bij de BJZ/LWI minder ander cliëntgebonden personeel in dienst geweest dan afgesproken en dan nodig werd geacht. Heeft dit ook geleid tot een gebrek aan benodigde zorgverlening door deze instanties? Zo ja, waar blijkt dat uit? Zo nee, pleit dit voor een herijking van de gemaakte uitvoeringsafspraken?	Wij hebben geen onderzoek gedaan naar de gevolgen van minder personeelsinzet voor bijvoorbeeld de kwaliteit. Om die reden kunnen wij geen uitspraak over de eventuele gevolgen doen. Zie ook het antwoord op vraag 9.			DEFL	H	De AR geeft expliciet aan dat zij dit niet heeft onderzocht en daarom geen uitspraak kan doen, en verwijst naar een ander antwoord. Er wordt geen inhoudelijk antwoord op de vraag gegeven.	SCOPE	
0	rekenkamer__kamerstuk:2012:02:13:beantwoording-kamervragen-over-het-rapport-kosten-jeugdbescherming-en-jeugdreclassering	Beantwoording Kamervragen over het rapport Kosten jeugdbescherming en jeugdreclassering	https://www.rekenkamer.nl/binaries/rekenkamer/documenten/kamerstukken/2012/02/13/beantwoording-kamervragen-over-het-rapport-kosten-jeugdbescherming-en-jeugdreclassering/Beantwoorden+TK+vragen+Jeugdbescherming.pdf	2012-02-13	31 839, nr. 158	Kosten jeugdbescherming en jeugdreclassering	13 februari 2012	2011-2012	16	Hoe kunnen de grote verschillen in het financiële resultaat per instelling (2009) uit figuur 1 worden verklaard?	De achtergrond van de verschillen in de financiële resultaten van de BJZ/LWI hebben we niet onderzocht.			DEFL	H	De AR geeft expliciet aan dat zij de achtergrond van de verschillen niet heeft onderzocht en biedt geen substantieel inhoudelijk antwoord op de vraag.	SCOPE	
0	rekenkamer__kamerstuk:2012:02:13:beantwoording-kamervragen-over-het-rapport-kosten-jeugdbescherming-en-jeugdreclassering	Beantwoording Kamervragen over het rapport Kosten jeugdbescherming en jeugdreclassering	https://www.rekenkamer.nl/binaries/rekenkamer/documenten/kamerstukken/2012/02/13/beantwoording-kamervragen-over-het-rapport-kosten-jeugdbescherming-en-jeugdreclassering/Beantwoorden+TK+vragen+Jeugdbescherming.pdf	2012-02-13	31 839, nr. 158	Kosten jeugdbescherming en jeugdreclassering	13 februari 2012	2011-2012	17	Hoe kunnen de verschillen tussen 2009 en 2010 van de financiële resultaten uit de figuren 1 en 2 worden verklaard?	De achtergrond van de verschillen in de financiële resultaten van de BJZ/LWI hebben we niet onderzocht.			DEFL	H	De AR geeft expliciet aan dat ze de achtergrond van de verschillen niet heeft onderzocht, waardoor er geen inhoudelijk antwoord wordt gegeven. Dit is een klassiek DEFL-signaal.	SCOPE	
0	rekenkamer__kamerstuk:2012:02:13:beantwoording-kamervragen-over-het-rapport-kosten-jeugdbescherming-en-jeugdreclassering	Beantwoording Kamervragen over het rapport Kosten jeugdbescherming en jeugdreclassering	https://www.rekenkamer.nl/binaries/rekenkamer/documenten/kamerstukken/2012/02/13/beantwoording-kamervragen-over-het-rapport-kosten-jeugdbescherming-en-jeugdreclassering/Beantwoorden+TK+vragen+Jeugdbescherming.pdf	2012-02-13	31 839, nr. 158	Kosten jeugdbescherming en jeugdreclassering	13 februari 2012	2011-2012	23	Wat bedoelt het IPO precies als het stelt dat de omvang van de tekorten wordt bepaald door het werken met een sluitende begroting?	Wij verwijzen hiervoor naar de Staatssecretaris van VenJ.			DEFL	H	De AR geeft geen inhoudelijk antwoord op de vraag en verwijst volledig naar de Staatssecretaris van VenJ. Dit is een klassiek geval van deflectie.	MIN_POL	
1	rekenkamer__kamerstuk:2012:03:13:beantwoording-kamervragen-over-het-rapport-vastgoed-van-het-rijk-volume-en-waarde	Beantwoording Kamervragen over het rapport Vastgoed van het Rijk: volume en waarde	https://www.rekenkamer.nl/binaries/rekenkamer/documenten/kamerstukken/2012/03/13/beantwoording-kamervragen-over-het-rapport-vastgoed-van-het-rijk-volume-en-waarde/Beantwoording+TK+vragen+Vastgoed+van+het+Rijk.pdf	2012-03-13	33 123, nr. 1	Vastgoed van het Rijk: volume en waarde	13 maart 2012	2011-2012	4	Ziet de Algemene Rekenkamer mogelijkheden om naar aanleiding van de bezuinigingen bij het ministerie van Defensie en de daarbij behorende beleidsbrief van 8 april 2011, een vervolg te geven aan dit onderzoek over het vastgoed van het Rijk?	Wij beraden ons momenteel op nieuwe onderzoeken op het terrein van vastgoed en zullen de suggestie van de Tweede Kamer in onze overwegingen meenemen.			DEFL	H	De AR geeft geen inhoudelijk antwoord op de vraag maar verwijst naar toekomstige overwegingen en een mogelijk toekomstig onderzoek. Er is geen substantiële inhoud; dit is een typisch DEFL-patroon ('wij zullen dit in de komende periode verkennen').	FUTURE	
4	rekenkamer__kamerstuk:2012:06:11:beantwoording-kamervragen-over-het-rapport-bij-het-jaarverslag-2011-van-het-ministerie-van-defensie	Beantwoording Kamervragen over het Rapport bij het Jaarverslag 2011 van het Ministerie van Defensie	https://www.rekenkamer.nl/binaries/rekenkamer/documenten/kamerstukken/2012/06/11/beantwoording-kamervragen-over-het-rapport-bij-het-jaarverslag-2011-van-het-ministerie-van-defensie/Antwoorden+op+Kamervragen.pdf	2012-06-11	33 240 X	Rapport bij het Jaarverslag 2011 van het Ministerie van Defensie	11 juni 2012	2011-2012	11	Wat zijn volgens u de gevolgen voor de defensieorganisatie van het feit dat er onvolkomenheden zijn geconstateerd bij de MIVD?	Wij hebben de gevolgen van de achterstanden bij de MIVD voor de Defensieorganisatie niet onderzocht. Tijdens ons onderzoek hebben de onderzochte onderdelen van het ministerie ons gemeld dat medewerkers in het uiterste geval hun werkzaamheden moeten staken zolang het veiligheidsonderzoek niet is afgerond. Dit is uiteraard ongewenst. Ons is niet bekend hoe vaak dit zich voordoet.			DEFL	M	De AR geeft expliciet aan de gevolgen niet te hebben onderzocht en kan geen uitspraak doen over de omvang. De toevoeging dat medewerkers in het uiterste geval werkzaamheden moeten staken is een beperkte feitelijke observatie, maar de kern van het antwoord is dat de AR de vraag niet substantieel kan beantwoorden. Het woord 'ongewenst' bevat een licht oordeel, wat een alternatief (OOR) plausibel maakt, maar de deflectie domineert.	SCOPE	
5	rekenkamer__kamerstuk:2012:06:11:beantwoording-kamervragen-rapport-bij-het-jaarverslag-2011-van-het-ministerie-van-algemene-zaken	Beantwoording Kamervragen over het Rapport bij het Jaarverslag 2011 van het Ministerie van Algemene Zaken	https://www.rekenkamer.nl/binaries/rekenkamer/documenten/kamerstukken/2012/06/11/beantwoording-kamervragen-rapport-bij-het-jaarverslag-2011-van-het-ministerie-van-algemene-zaken/Antwoorden+op+Kamervragen.pdf	2012-06-11	33 240 III	Rapport bij het Jaarverslag 2011 van het Ministerie van Algemene Zaken (III)	11 juni 2012	2011-2012	1	Heeft de ARK onderzocht of de CTIVD voldoende capaciteit had om haar taken uit te voeren en/of zij voldoende capaciteit had haar taken doelmatig uit te voeren? Indien dit niet onderzocht is, wat was hier de reden van? Indien dit wel onderzocht is, wat waren hiervan de uitkomsten en wat zijn eventuele aanbevelingen?	In het Rapport bij het Jaarverslag 2011 van het Ministerie van Algemene Zaken (III) zijn de uitkomsten opgenomen van ons onderzoek naar de bedrijfsvoering van het ministerie en de financiële informatie in het jaarverslag. Het jaarverslag moet ook beleidsinformatie geven over de realisatie van de beleidsdoelstellingen en de besteding van de gelden aan de doelen waarvoor ze beschikbaar zijn gesteld. De beoordeling van de doelmatigheid is geen aspect van dit verantwoordingsonderzoek. De Algemene Rekenkamer kan wel doelmatigheidsonderzoek doen, maar bij de CTIVD is dat niet aan de orde geweest. Er zijn dan ook geen uitkomsten of aanbevelingen te melden.		33 240 III: Jaarverslag 2011 Ministerie van Algemene Zaken	DEFL	H	De AR geeft aan dat doelmatigheidsonderzoek bij de CTIVD niet is uitgevoerd en dat er geen uitkomsten of aanbevelingen te melden zijn. Het antwoord verklaart waarom het niet onderzocht is (valt buiten scope van het verantwoordingsonderzoek), maar levert geen inhoudelijk antwoord op de gestelde vraag.	MIN_POL	
7	rekenkamer__kamerstuk:2012:09:10:beantwoording-kamervragen-over-het-rapport-geldstromen-in-het-hoger-beroepsonderwijs-in-2010	Beantwoording Kamervragen over het rapport Geldstromen in het hoger beroepsonderwijs in 2010	https://www.rekenkamer.nl/binaries/rekenkamer/documenten/kamerstukken/2012/09/14/beantwoording-kamervragen-over-het-rapport-geldstromen-in-het-hoger-beroepsonderwijs-in-2010/Beantwoording+TK+vragen+HBO.pdf	2012-09-10	31 288, nr. 302	Geldstromen in het hoger beroepsonderwijs in 2010	10 september 2012	2011-2012	4	Heeft de Algemene Rekenkamer nader contact gehad met het kabinet over de mogelijkheden om tot een eenduidige definitie van overhead te komen, aangezien het terugdringen van overhead een van de criteria van de prestatieafspraken is?	Nee, wij hebben hierover geen contact gehad met het kabinet. We hebben in ons rapport aangegeven dat het aan de staatssecretaris is om te bepalen of en zo ja, welke definitie wordt gebruikt.			DEFL	H	De AR geeft aan geen contact te hebben gehad en verwijst de verantwoordelijkheid door naar de staatssecretaris. Er wordt geen substantieel inhoudelijk antwoord gegeven op de vraag.	MIN_POL	
7	rekenkamer__kamerstuk:2012:09:10:beantwoording-kamervragen-over-het-rapport-geldstromen-in-het-hoger-beroepsonderwijs-in-2010	Beantwoording Kamervragen over het rapport Geldstromen in het hoger beroepsonderwijs in 2010	https://www.rekenkamer.nl/binaries/rekenkamer/documenten/kamerstukken/2012/09/14/beantwoording-kamervragen-over-het-rapport-geldstromen-in-het-hoger-beroepsonderwijs-in-2010/Beantwoording+TK+vragen+HBO.pdf	2012-09-10	31 288, nr. 302	Geldstromen in het hoger beroepsonderwijs in 2010	10 september 2012	2011-2012	11	Wat wordt verstaan onder 'overige huisvestingslasten'? Is dit verder te specificeren?	We hebben de hogescholen niet om een nadere specificatie gevraagd.			DEFL	H	De AR geeft aan dat zij de informatie niet heeft opgevraagd en dus niet kan specificeren. Er wordt geen inhoudelijk antwoord gegeven op de vraag, wat een duidelijke deflectie is.	NO_DATA	
9	rekenkamer__kamerstuk:2012:09:27:beantwoording-kamervragen-over-het-rapport-risico%E2%80%99s-voor-de-overheidsfinancien	Beantwoording Kamervragen over het rapport Risico’s voor de overheidsfinanciën	https://www.rekenkamer.nl/binaries/rekenkamer/documenten/kamerstukken/2012/09/27/beantwoording-kamervragen-over-het-rapport-risico%E2%80%99s-voor-de-overheidsfinancien/Brief+aan+TK-vragen+overheidsfinancien.pdf	2012-09-27	33 299, nr. 2	Risico's voor de overheidsfinanciën; Inzicht en beheersing	27 september 2012	2011-2012	5	Hoe groot kan de invloed van schokken en ontwikkelingen die positief kunnen uitwerken voor de overheidsfinanciën zijn op de overheidsfinanciën?	Wij verwijzen u naar ons antwoord op vraag 1 en vraag 3. We hebben in het rapport geen inschatting gemaakt van de potentiële impact van positieve schokken en/of ontwikkelingen op de overheidsfinanciën. Onderzoek naar de invloed van positieve schokken en ontwikkelingen zou wel deel uit kunnen maken van de stresstesten met scenarioanalyses.			DEFL	H	De AR verwijst naar andere antwoorden en geeft expliciet aan dat zij geen inschatting hebben gemaakt van de potentiële impact van positieve schokken. Er wordt geen substantieel inhoudelijk antwoord gegeven op de vraag; de opmerking over stresstesten is slechts een suggestie zonder concrete aanbeveling.	FUTURE|SCOPE	
10	rekenkamer__kamerstuk:2012:10:25:beantwoording-kamervragen-bij-het-rapport-centra-voor-jeugd-en-gezin-in-gemeenten	Beantwoording Kamervragen over het rapport Centra voor Jeugd en Gezin in gemeenten	https://www.rekenkamer.nl/binaries/rekenkamer/documenten/kamerstukken/2012/10/25/beantwoording-kamervragen-bij-het-rapport-centra-voor-jeugd-en-gezin-in-gemeenten/Beantwoording+vragen+TK+Jeugd+en+Gezin.pdf	2012-10-25	31 839, nr. 216	Centra voor Jeugd en Gezin in gemeenten	25 oktober 2012	2011-2012	9	Hoeveel provincies en welke hebben geld (eigen middelen) uitgegeven aan een CJG?	Dit is ons niet bekend. Provincies waren niet betrokken in het onderzoek.			DEFL	H	De AR geeft expliciet aan dat dit niet onderzocht is en dat provincies buiten het onderzoek vielen. Er wordt geen inhoudelijk antwoord gegeven.	SCOPE	
10	rekenkamer__kamerstuk:2012:10:25:beantwoording-kamervragen-bij-het-rapport-centra-voor-jeugd-en-gezin-in-gemeenten	Beantwoording Kamervragen over het rapport Centra voor Jeugd en Gezin in gemeenten	https://www.rekenkamer.nl/binaries/rekenkamer/documenten/kamerstukken/2012/10/25/beantwoording-kamervragen-bij-het-rapport-centra-voor-jeugd-en-gezin-in-gemeenten/Beantwoording+vragen+TK+Jeugd+en+Gezin.pdf	2012-10-25	31 839, nr. 216	Centra voor Jeugd en Gezin in gemeenten	25 oktober 2012	2011-2012	10	Hoeveel (eigen) middelen van provincies, stadsregio's en gemeenten zijn er in totaal extra naar CJG's gegaan? Als dit niet bekend is, bent u bereid dit te onderzoeken?	Zie onze antwoorden op de vragen 4 en 9.			DEFL	H	De AR geeft geen inhoudelijk antwoord maar verwijst enkel naar andere vragen. Dit is een klassiek DEFL-patroon: 'Zie het antwoord bij vraag X' zonder eigen inhoud.	CROSS_REF	
12	rekenkamer__kamerstuk:2013:02:01:beantwoording-kamervragen-op-de-kamerbrief-vastgoedplan-defensie	Beantwoording Kamervragen over de Kamerbrief Vastgoedplan Defensie	https://www.rekenkamer.nl/binaries/rekenkamer/documenten/kamerstukken/2013/02/01/beantwoording-kamervragen-op-de-kamerbrief-vastgoedplan-defensie/Brief+beantwoording+TK-vragen+Vastgoedplan+Defensie.pdf	2013-02-01	2012Z22420	Beantwoording vragen Tweede Kamer bij de brief van de Algemene Rekenkamer over Vastgoedplan Defensie	1 februari 2013	2012-2013	7	Heeft u inzicht gekregen in alle voor de besluitvorming over de marinierskazerne relevante informatie (zowel wat betreft documentatie van het Rijk als de provincie)?	Alle informatie die wij meenden nodig te hebben, hebben we bij het Ministerie van Defensie opgevraagd en verkregen. We hebben ons gericht op de informatie die ten grondslag lag aan de besluitvorming door de minister. Voor zo ver de minister daarbij informatie van anderen gebruikt — bijvoorbeeld van andere overheden- beoordelen wij het gebruik dat de minister van die informatie maakt. Onderzoek naar en beoordeling van de business cases die door een gemeente of provincie zelf zijn opgesteld, vallen buiten de reikwijdte van ons onderzoek en onze bevoegdheid.			DEFL	M	De AR beantwoordt de vraag niet volledig substantieel: ze beschrijft welke informatie ze wél heeft opgevraagd (bij Defensie), maar geeft expliciet aan dat informatie van provincie/gemeente buiten de reikwijdte en bevoegdheid van hun onderzoek valt. Het antwoord is grotendeels een afbakening van scope, wat DEFL kenmerkt. Er zit een beschrijvend element in (FEIT), maar het kernpunt is dat de vraag over 'alle relevante informatie' niet volledig wordt beantwoord.	SCOPE	
12	rekenkamer__kamerstuk:2013:02:01:beantwoording-kamervragen-op-de-kamerbrief-vastgoedplan-defensie	Beantwoording Kamervragen over de Kamerbrief Vastgoedplan Defensie	https://www.rekenkamer.nl/binaries/rekenkamer/documenten/kamerstukken/2013/02/01/beantwoording-kamervragen-op-de-kamerbrief-vastgoedplan-defensie/Brief+beantwoording+TK-vragen+Vastgoedplan+Defensie.pdf	2013-02-01	2012Z22420	Beantwoording vragen Tweede Kamer bij de brief van de Algemene Rekenkamer over Vastgoedplan Defensie	1 februari 2013	2012-2013	8	Hoe beoordeelt u het feit dat de minister zich in het DMP-proces ten aanzien van de nieuwe marinierskazerne beperkt tot de A-fase, en de B, C en D-fase achterwege wil laten?	Het is aan de Tweede Kamer om met de minister desgewenst aanvullende afspraken te maken over de informatievoorziening over dit project.			DEFL	H	De AR geeft geen inhoudelijk oordeel of feitelijke informatie maar verwijst de vraag door naar de Tweede Kamer en de minister. Dit is een klassieke deflectie: 'Het is aan de Tweede Kamer om...'.	MIN_POL	
12	rekenkamer__kamerstuk:2013:02:01:beantwoording-kamervragen-op-de-kamerbrief-vastgoedplan-defensie	Beantwoording Kamervragen over de Kamerbrief Vastgoedplan Defensie	https://www.rekenkamer.nl/binaries/rekenkamer/documenten/kamerstukken/2013/02/01/beantwoording-kamervragen-op-de-kamerbrief-vastgoedplan-defensie/Brief+beantwoording+TK-vragen+Vastgoedplan+Defensie.pdf	2013-02-01	2012Z22420	Beantwoording vragen Tweede Kamer bij de brief van de Algemene Rekenkamer over Vastgoedplan Defensie	1 februari 2013	2012-2013	16	Bent u bereid de besluitvormingsproces rondom de nieuwe marinierskazerne kritisch te blijven volgen en de Kamer daarover te informeren?	Ja, wij blijven het besluitvormingsproces over de marinierskazerne volgen. Indien we daar aanleiding voor zien, zullen we de Tweede Kamer daar aanvullend over informeren. Wij wijzen er wel op dat u voor de informatie allereerst afhankelijk bent van de wijze waarop de minister van Defensie u informeert.			DEFL	M	De AR zegt het proces te blijven volgen maar geeft geen inhoudelijke informatie. De toezegging is procedureel ('indien we aanleiding zien') en verwijst de Kamer voor informatie primair naar de minister van Defensie. Er is geen substantieel antwoord op de vraag.	MIN_POL	
12	rekenkamer__kamerstuk:2013:02:01:beantwoording-kamervragen-op-de-kamerbrief-vastgoedplan-defensie	Beantwoording Kamervragen over de Kamerbrief Vastgoedplan Defensie	https://www.rekenkamer.nl/binaries/rekenkamer/documenten/kamerstukken/2013/02/01/beantwoording-kamervragen-op-de-kamerbrief-vastgoedplan-defensie/Brief+beantwoording+TK-vragen+Vastgoedplan+Defensie.pdf	2013-02-01	2012Z22420	Beantwoording vragen Tweede Kamer bij de brief van de Algemene Rekenkamer over Vastgoedplan Defensie	1 februari 2013	2012-2013	18	Hoe beoordeelt u het business plan voor het behoud van de KMS in Weert? Deelt u de opvatting van de minister dat het niet voorziet in een substantiële compensatie voor de structurele besparing van €4,2 miljoen die Defensie zou mislopen door de KMS in Weert te houden?	We hebben ons gericht op de informatie die ten grondslag lag aan de besluitvorming door het Ministerie van Defensie. Onderzoek naar de business cases van gemeenten of provincies zelf vallen buiten de reikwijdte van ons onderzoek en onze bevoegdheid (zie ook ons antwoord op vraag 7).			DEFL	H	De AR geeft expliciet aan dat het onderzoek naar de business case buiten de reikwijdte en bevoegdheid valt en verwijst naar een ander antwoord. Er wordt geen inhoudelijk oordeel of bevinding geleverd.	MIN_POL|SCOPE	
12	rekenkamer__kamerstuk:2013:02:01:beantwoording-kamervragen-op-de-kamerbrief-vastgoedplan-defensie	Beantwoording Kamervragen over de Kamerbrief Vastgoedplan Defensie	https://www.rekenkamer.nl/binaries/rekenkamer/documenten/kamerstukken/2013/02/01/beantwoording-kamervragen-op-de-kamerbrief-vastgoedplan-defensie/Brief+beantwoording+TK-vragen+Vastgoedplan+Defensie.pdf	2013-02-01	2012Z22420	Beantwoording vragen Tweede Kamer bij de brief van de Algemene Rekenkamer over Vastgoedplan Defensie	1 februari 2013	2012-2013	20	Is uw onderzoek naar de ervaringen met afstootprojecten zoals Feniks en PrOMT beschikbaar voor de Kamer?	Er is geen afzonderlijke publicatie beschikbaar van het casusonderzoek naar twee van de vier Feniksprojecten en het PrOMT-project. In het antwoord op vraag 3 hebben wij deze uitkomsten nader toelicht.			DEFL	H	De AR geeft aan dat er geen afzonderlijke publicatie beschikbaar is en verwijst voor de inhoud naar het antwoord op vraag 3. Er wordt geen substantiële inhoud geleverd in dit antwoord zelf.	CROSS_REF|SCOPE	
12	rekenkamer__kamerstuk:2013:02:01:beantwoording-kamervragen-op-de-kamerbrief-vastgoedplan-defensie	Beantwoording Kamervragen over de Kamerbrief Vastgoedplan Defensie	https://www.rekenkamer.nl/binaries/rekenkamer/documenten/kamerstukken/2013/02/01/beantwoording-kamervragen-op-de-kamerbrief-vastgoedplan-defensie/Brief+beantwoording+TK-vragen+Vastgoedplan+Defensie.pdf	2013-02-01	2012Z22420	Beantwoording vragen Tweede Kamer bij de brief van de Algemene Rekenkamer over Vastgoedplan Defensie	1 februari 2013	2012-2013	24	Op welke manier zet u uw onderzoek naar vastgoed bij Defensie voort?	Indien daartoe aanleiding is zullen we de Tweede Kamer aanvullend informeren over de ontwikkelingen bij het vastgoed van Defensie (zie overigens ook antwoord op vraag 16). Eén van de onderzoeksonderwerpen van onze huidige strategie is vastgoed. Er zullen dus meer rapportages over dit onderwerp volgen.			DEFL	H	De AR beantwoordt de vraag niet inhoudelijk maar verwijst naar toekomstige rapportages en een ander antwoord (vraag 16). Er wordt geen substantiële informatie, oordeel of aanbeveling gegeven over het vastgoedonderzoek zelf.	FUTURE	
13	rekenkamer__kamerstuk:2013:02:14:beantwoording-kamervragen-over-het-rapport-uitstapkosten-joint-strike-fighter	Beantwoording Kamervragen over het rapport Uitstapkosten Joint Strike Fighter	https://www.rekenkamer.nl/binaries/rekenkamer/documenten/kamerstukken/2013/02/14/beantwoording-kamervragen-over-het-rapport-uitstapkosten-joint-strike-fighter/Beantwoording+TK-vragen+Uitstapkosten+JSF.pdf	2013-02-14	26488 / 31300	Uitstapkosten Joint Strike Fighter	14 februari 2013	2012-2013	1	Is het wenselijk om, na het bepalen van de ambities voor de krijgsmacht in de toekomstvisie, een nieuwe kandidatenvergelijking te maken tussen de verschillende alternatieven voor de vervanging van de F-16?	Het antwoord hierop is afhankelijk van de ambities die in de visie worden vastgesteld en de keuzes die gemaakt worden in de taken van de krijgsmacht en de capaciteiten die daarvoor nodig zijn. We merken op dat wij in onze brief aan de Tweede Kamer van 17 november 2009 overigens kanttekeningen hebben geplaatst bij de kandidatenevaluatie van 2008 (Tweede Kamer, vergaderjaar 2008-2009, 31 300, nr 12). Zie ook ons antwoord op vraag 8. De doorlooptijd van zo'n kandidatenvergelijking is 1 tot 2 jaar (zie ook antwoord op vraag 22).		31 300, nr 12: Kandidatenevaluatie 2008	DEFL	M	De AR beantwoordt de vraag niet inhoudelijk maar geeft aan dat het antwoord afhangt van nog te bepalen ambities, verwijst naar eerdere documenten en naar andere antwoorden (vraag 8 en 22). Er wordt geen eigen standpunt ingenomen over de wenselijkheid. De kanttekening bij de kandidatenevaluatie 2008 is een verwijzing, geen substantieel inhoudelijk antwoord op de gestelde vraag.	MIN_POL	
13	rekenkamer__kamerstuk:2013:02:14:beantwoording-kamervragen-over-het-rapport-uitstapkosten-joint-strike-fighter	Beantwoording Kamervragen over het rapport Uitstapkosten Joint Strike Fighter	https://www.rekenkamer.nl/binaries/rekenkamer/documenten/kamerstukken/2013/02/14/beantwoording-kamervragen-over-het-rapport-uitstapkosten-joint-strike-fighter/Beantwoording+TK-vragen+Uitstapkosten+JSF.pdf	2013-02-14	26488 / 31300	Uitstapkosten Joint Strike Fighter	14 februari 2013	2012-2013	7	Wat is het beste moment om de F35 aan te schaffen, gelet op de stukprijs?	Gezien de fluctuaties van de stukprijs en de onvoorspelbaarheid daarvan, is hierop door ons geen zeker antwoord te geven. Wij hebben in ons onderzoek een aantal mechanismes rond de stuksprijs van de JSF geschetst. Het bepalen van het beste moment om de JSF aan te schaffen ligt in eerste instantie op de weg van de minister van Defensie. Deze ontvangt volgens de systematiek van het JSF-programma dit voorjaar nieuwe kosteninformatie over de JSF CTOL uit de Verenigde Staten.			DEFL	H	De AR geeft expliciet aan geen zeker antwoord te kunnen geven en verwijst voor de beslissing naar de minister van Defensie. Er wordt geen substantieel inhoudelijk antwoord gegeven op de vraag; de verwijzing naar geschetste mechanismes is slechts een terloopse opmerking zonder inhoud in dit antwoord.	MIN_POL	
13	rekenkamer__kamerstuk:2013:02:14:beantwoording-kamervragen-over-het-rapport-uitstapkosten-joint-strike-fighter	Beantwoording Kamervragen over het rapport Uitstapkosten Joint Strike Fighter	https://www.rekenkamer.nl/binaries/rekenkamer/documenten/kamerstukken/2013/02/14/beantwoording-kamervragen-over-het-rapport-uitstapkosten-joint-strike-fighter/Beantwoording+TK-vragen+Uitstapkosten+JSF.pdf	2013-02-14	26488 / 31300	Uitstapkosten Joint Strike Fighter	14 februari 2013	2012-2013	11	Kent u een voorbeeld van een gevechtsvliegtuig waarbij tijdens de ontwikkeling alle testen zonder problemen zijn verlopen?	De Algemene Rekenkamer is niet in de positie om deze vraag adequaat te beantwoorden.			DEFL	H	De AR geeft expliciet aan niet in de positie te zijn om de vraag te beantwoorden, zonder enige inhoudelijke informatie te leveren. Dit is een klassiek DEFL-antwoord.	MIN_POL	
13	rekenkamer__kamerstuk:2013:02:14:beantwoording-kamervragen-over-het-rapport-uitstapkosten-joint-strike-fighter	Beantwoording Kamervragen over het rapport Uitstapkosten Joint Strike Fighter	https://www.rekenkamer.nl/binaries/rekenkamer/documenten/kamerstukken/2013/02/14/beantwoording-kamervragen-over-het-rapport-uitstapkosten-joint-strike-fighter/Beantwoording+TK-vragen+Uitstapkosten+JSF.pdf	2013-02-14	26488 / 31300	Uitstapkosten Joint Strike Fighter	14 februari 2013	2012-2013	12	Wat is uw mening over de kanttekening die Defensie plaatst bij het gevaar dat de F16 zal lopen door de ontwikkeling van vijandelijke wapensystemen en de gevolgen voor de inzet van de F16 hiervan?	De Algemene Rekenkamer is niet in de positie om deze vraag te beantwoorden. We kunnen hoogstens opmerken dat dit gevaar afhankelijk is van de ambitie voor de inzet van de gevechtsvliegtuigen. Indien de ambitie om Nederlandse jachtvliegtuigen in het hoogste gevechtsspectrum te laten opereren, (eventueel tijdelijk) wijzigt, dan verandert mogelijk ook het gevaar bij inzet van F-16.			DEFL	H	De AR geeft expliciet aan niet in de positie te zijn om de vraag te beantwoorden. De toevoeging is slechts een algemene kanttekening zonder substantieel inhoudelijk oordeel of aanbeveling. Dit is primair een deflectie.	MIN_POL	
13	rekenkamer__kamerstuk:2013:02:14:beantwoording-kamervragen-over-het-rapport-uitstapkosten-joint-strike-fighter	Beantwoording Kamervragen over het rapport Uitstapkosten Joint Strike Fighter	https://www.rekenkamer.nl/binaries/rekenkamer/documenten/kamerstukken/2013/02/14/beantwoording-kamervragen-over-het-rapport-uitstapkosten-joint-strike-fighter/Beantwoording+TK-vragen+Uitstapkosten+JSF.pdf	2013-02-14	26488 / 31300	Uitstapkosten Joint Strike Fighter	14 februari 2013	2012-2013	14	Wat zijn de huidige stukprijzen van de Advanced-F16, de Super Hornet, Eurofighter, Dassault Rafale en Gripen NG?	Wij hebben geen informatie hierover omdat wij niet in de positie zijn om zelf de informatie die benodigd is voor een kandidatenevaluatie te verzamelen en te beoordelen. De stuksprijs van een gevechtsvliegtuig is afhankelijk van een groot aantal factoren, zoals het af te nemen aantal, de exacte configuratie van het toestel, het moment van levering van de toestellen en dergelijke. Kosteninformatie die specifiek genoeg is om te kunnen dienen als onderbouwing van een raming van de stuksprijs van deze toestellen voor de Nederlandse situatie dient in een apart proces door de Nederlandse overheid (het Ministerie van Defensie) te worden opgevraagd. Het ministerie beschikte niet over actuele informatie over op de Nederlandse situatie toegespitste stuksprijzen voor deze toestellen. Voor de conclusie van de Algemene Rekenkamer was deze informatie ook niet nodig.			DEFL	H	De AR geeft expliciet aan deze informatie niet te hebben en niet in de positie te zijn om deze te verzamelen. Ze verwijst naar het Ministerie van Defensie als de partij die dit zou moeten opvragen. Er wordt geen substantieel inhoudelijk antwoord op de vraag gegeven.	NO_DATA	
13	rekenkamer__kamerstuk:2013:02:14:beantwoording-kamervragen-over-het-rapport-uitstapkosten-joint-strike-fighter	Beantwoording Kamervragen over het rapport Uitstapkosten Joint Strike Fighter	https://www.rekenkamer.nl/binaries/rekenkamer/documenten/kamerstukken/2013/02/14/beantwoording-kamervragen-over-het-rapport-uitstapkosten-joint-strike-fighter/Beantwoording+TK-vragen+Uitstapkosten+JSF.pdf	2013-02-14	26488 / 31300	Uitstapkosten Joint Strike Fighter	14 februari 2013	2012-2013	18	Is er inmiddels duidelijkheid over de beschikbaarheid van de SAAB Gripen? Om welke zes missies gaat het bij de beoordeling? Is het mogelijk dat de operationele capaciteiten sinds de evaluatie van 2008 verbeterd zijn? Indien ja, waarom worden eventuele nieuwe data niet meegenomen in de vergelijking?	Op de vraag of er inmiddels duidelijkheid is over de beschikbaarheid van de SAAB Gripen heeft de Algemene Rekenkamer geen antwoord. Op de vraag of de operationele capaciteiten (van de Saab Gripen) sinds de evaluatie van 2008 verbeterd zijn, is zonder nadere evaluatie van deze kandidaat geen antwoord te geven.			DEFL	H	De AR geeft expliciet aan geen antwoord te hebben op de gestelde vragen en verwijst naar het ontbreken van nader onderzoek. Er wordt geen inhoudelijke informatie, oordeel of aanbeveling gegeven.	NO_DATA	
13	rekenkamer__kamerstuk:2013:02:14:beantwoording-kamervragen-over-het-rapport-uitstapkosten-joint-strike-fighter	Beantwoording Kamervragen over het rapport Uitstapkosten Joint Strike Fighter	https://www.rekenkamer.nl/binaries/rekenkamer/documenten/kamerstukken/2013/02/14/beantwoording-kamervragen-over-het-rapport-uitstapkosten-joint-strike-fighter/Beantwoording+TK-vragen+Uitstapkosten+JSF.pdf	2013-02-14	26488 / 31300	Uitstapkosten Joint Strike Fighter	14 februari 2013	2012-2013	20	Klopt de IOC (2021) van optie 1 nog wel, gezien de voortdurende ontwikkelingsproblemen van de JSF?	Ten tijde van publicatie van ons onderzoek was uitgangspunt dat Nederland in 2021 initiële operationele capaciteit (IOC) zou bereiken met de JSF, op basis van de start van de instroom van de JSF toestellen begin 2019. Het ligt op de weg van de minister van Defensie om aan te geven in hoeverre dit momenteel nog mogelijk wordt geacht.			DEFL	H	De AR geeft geen inhoudelijk antwoord op de vraag maar verwijst door naar de minister van Defensie om te beoordelen of de IOC-datum nog haalbaar is. Er wordt geen eigen oordeel, verklaring of aanbeveling gegeven.	MIN_POL	
14	rekenkamer__kamerstuk:2013:03:01:beantwoording-kamervragen-op-het-rapport-aanpassing-aan-klimaatverandering-strategie-en-beeld	Beantwoording Kamervragen over het rapport Aanpassing aan klimaatverandering: strategie en beeld	https://www.rekenkamer.nl/binaries/rekenkamer/documenten/kamerstukken/2013/03/01/beantwoording-kamervragen-op-het-rapport-aanpassing-aan-klimaatverandering-strategie-en-beeld/Brief+beantwoording+TK-vragen+Aanpassing+aan+klimaatverandering.pdf	2013-03-01	33 470	Aanpassing aan klimaatverandering: strategie en beleid	1 februari 2013	2012-2013	5	Is er een reden aan te wijzen waarom in ons land niet één nationale risico- en kwetsbaarheidsanalyse is waarin de samenhang tussen de verschillende effecten van de klimaatverandering in beeld wordt gebracht?	Een reden hiervoor is ons niet bekend.			DEFL	H	De AR geeft aan geen inhoudelijk antwoord te kunnen geven: 'Een reden hiervoor is ons niet bekend.' Dit is een niet-substantieel antwoord, wat past bij DEFL.	NO_DATA	
14	rekenkamer__kamerstuk:2013:03:01:beantwoording-kamervragen-op-het-rapport-aanpassing-aan-klimaatverandering-strategie-en-beeld	Beantwoording Kamervragen over het rapport Aanpassing aan klimaatverandering: strategie en beeld	https://www.rekenkamer.nl/binaries/rekenkamer/documenten/kamerstukken/2013/03/01/beantwoording-kamervragen-op-het-rapport-aanpassing-aan-klimaatverandering-strategie-en-beeld/Brief+beantwoording+TK-vragen+Aanpassing+aan+klimaatverandering.pdf	2013-03-01	33 470	Aanpassing aan klimaatverandering: strategie en beleid	1 februari 2013	2012-2013	7	Welke criteria kunnen gebruikt worden om adaptatieopties tegen elkaar af te wegen en prioriteiten te stellen?	Inzicht in de kosten en baten is van belang bij de besluitvorming over klimaatadaptatie. Het is één van de criteria aan de hand waarvan adaptieopties tegen elkaar kunnen worden afgewogen. Wij hebben in het kader van dit onderzoek geen onderzoek gedaan naar andere mogelijke criteria om adaptatieopties tegen elkaar af te wegen. De website van het European Climate Adaptation Platform (climate-adapt.eea.europa.eu) bevat informatie over adaptatieopties en de criteria die kunnen worden gehanteerd om opties tegen elkaar af te wegen en prioriteiten te stellen. Dit publiek toegankelijke internetplatform, onderhouden door het Europees Milieu Agentschap, is op initiatief van de Europese Commissie opgezet om beleidsmakers op Europees, nationaal, regionaal en lokaal niveau bij te staan bij de ontwikkeling van beleid en maatregelen voor aanpassing aan de klimaatverandering. Ook de VN-klimaatconventie (United Nations Framework Convention on Climate Change) biedt de aangesloten landen informatie en handvatten (www.unfccc.int).			DEFL	M	De AR geeft expliciet aan dat zij geen onderzoek heeft gedaan naar andere criteria om adaptatieopties af te wegen en verwijst voor het antwoord naar externe bronnen (Europees Milieu Agentschap, UNFCCC). Er wordt geen eigen inhoudelijk antwoord op de vraag gegeven, enkel doorverwezen.	SCOPE	
15	rekenkamer__kamerstuk:2013:04:17:beantwoording-kamervragen-over-het-rapport-bezuinigingen-op-uitvoeringsorganisaties	Beantwoording Kamervragen over het rapport Bezuinigingen op uitvoeringsorganisaties	https://www.rekenkamer.nl/binaries/rekenkamer/documenten/kamerstukken/2013/04/17/beantwoording-kamervragen-over-het-rapport-bezuinigingen-op-uitvoeringsorganisaties/Brief+TK+beantwoording+vragen+rapport+Bezuinigingen+op+uitvoeriingsorganisaties.pdf	2013-04-17	31 490, nr. 104	Bezuinigingen op uitvoeringsorganisaties	17 april 2013	2012-2013	6	Uw rapport geeft grafisch weer hoe de apparaatskosten zich verhouden tot de rijksbijdrage. Kan in dezelfde grafieken worden weergegeven hoe de apparaatskosten zich verhouden tot de totale inkomsten van de betreffende uitvoeringsorganisaties? (p.23-26, p.31-34, p.59-62, p.79-82, p.83-86, p.87-90, p.99-102, p.103-106, p.107-11O).	In de factsheets over de afzonderlijke uitvoeringsorganisaties hebben we de totale inkomsten over 2011 weergegeven. Voor de jaren na 2011, die wel in de grafieken zijn opgenomen, hebben we geen informatie over de (begrote) totale inkomsten. Voor de komende jaren liggen bij veel uitvoeringsorganisaties de begrote overige inkomsten ook niet vast. Voor die jaren kunnen we dus uitsluitend de verhouding tussen de (begrote) apparaatskosten en de (begrote) rijksbijdrage grafisch weergeven.			DEFL	H	De AR legt uit waarom zij de gevraagde informatie niet kan leveren: ze hebben geen gegevens over begrote totale inkomsten voor de jaren na 2011. Dit is een inhoudelijke uitleg van waarom de vraag niet beantwoord kan worden, wat onder DEFL valt.	NO_DATA	
15	rekenkamer__kamerstuk:2013:04:17:beantwoording-kamervragen-over-het-rapport-bezuinigingen-op-uitvoeringsorganisaties	Beantwoording Kamervragen over het rapport Bezuinigingen op uitvoeringsorganisaties	https://www.rekenkamer.nl/binaries/rekenkamer/documenten/kamerstukken/2013/04/17/beantwoording-kamervragen-over-het-rapport-bezuinigingen-op-uitvoeringsorganisaties/Brief+TK+beantwoording+vragen+rapport+Bezuinigingen+op+uitvoeriingsorganisaties.pdf	2013-04-17	31 490, nr. 104	Bezuinigingen op uitvoeringsorganisaties	17 april 2013	2012-2013	12	Welke versobering van de gezondheidszorg voor asielzoekers heeft het Centraal Orgaan opvang Asielzoekers op het oog?	Het COA heeft deze versobering niet nader toegelicht. De Nationale ombudsman voert op dit moment een onderzoek uit naar de vraag in hoeverre het recht op (zorg voor de) gezondheid is gewaarborgd voor in Nederland verblijvende vreemdelingen. Dat onderzoek is ingesteld op basis van signalen dat zich nu al knelpunten voordoen in de gezondheidszorg voor asielzoekers.			DEFL	H	De AR geeft aan dat het COA de versobering niet nader heeft toegelicht en verwijst vervolgens naar een lopend onderzoek van de Nationale ombudsman. Er wordt geen substantieel inhoudelijk antwoord op de vraag gegeven; de AR kan de vraag niet beantwoorden.	NO_DATA	
15	rekenkamer__kamerstuk:2013:04:17:beantwoording-kamervragen-over-het-rapport-bezuinigingen-op-uitvoeringsorganisaties	Beantwoording Kamervragen over het rapport Bezuinigingen op uitvoeringsorganisaties	https://www.rekenkamer.nl/binaries/rekenkamer/documenten/kamerstukken/2013/04/17/beantwoording-kamervragen-over-het-rapport-bezuinigingen-op-uitvoeringsorganisaties/Brief+TK+beantwoording+vragen+rapport+Bezuinigingen+op+uitvoeriingsorganisaties.pdf	2013-04-17	31 490, nr. 104	Bezuinigingen op uitvoeringsorganisaties	17 april 2013	2012-2013	16	Hoe ernstig is de financiële situatie bij de Dienst Justitiële Inrichtingen als gevolg van de stapeling van bezuinigingen?	We hebben in dit onderzoek geen inschatting gemaakt van de ernst van de situatie bij DJI door de bezuinigingen. DJI zelf heeft aangegeven dat over de jaren 2011 en 2012 er een gezamenlijk tekort is (rijksbijdrage minus apparaatskosten) van maximaal € 81,8 miljoen gerealiseerd mag worden. Die tekorten moet DJI afdekken door een positief exploitatieresultaat in de jaren 2013-2015.			DEFL	M	De AR geeft expliciet aan dat ze geen inschatting hebben gemaakt van de ernst van de situatie bij DJI. Vervolgens citeert de AR wel cijfers van DJI zelf, maar dit is eerder contextuele informatie dan een eigen inhoudelijk antwoord; de kern is dat de AR de vraag niet substantieel beantwoordt. Omdat er wel enige feitelijke informatie wordt gegeven, is er een plausibel alternatief (FEIT), vandaar M.	SCOPE	
15	rekenkamer__kamerstuk:2013:04:17:beantwoording-kamervragen-over-het-rapport-bezuinigingen-op-uitvoeringsorganisaties	Beantwoording Kamervragen over het rapport Bezuinigingen op uitvoeringsorganisaties	https://www.rekenkamer.nl/binaries/rekenkamer/documenten/kamerstukken/2013/04/17/beantwoording-kamervragen-over-het-rapport-bezuinigingen-op-uitvoeringsorganisaties/Brief+TK+beantwoording+vragen+rapport+Bezuinigingen+op+uitvoeriingsorganisaties.pdf	2013-04-17	31 490, nr. 104	Bezuinigingen op uitvoeringsorganisaties	17 april 2013	2012-2013	19	Kan worden aangegeven wat de hoogte van de salarissen is bij topambtenaren en bestuurders van de Dienst Uitvoering Onderwijs?	De hoogte van salarissen van medewerkers van uitvoeringsorganisaties als DUO maakte geen deel uit van dit onderzoek. In de jaarverslagen van DUO is geen informatie terug te vinden over de salarissen van topambtenaren en bestuurders van DUO. De internetsite van het Ministerie van OCW en van DUO geven evenmin uitsluitsel hierover. Het ligt daarom meer op de weg van de minister van OCW om deze vraag te beantwoorden.			DEFL	H	De AR geeft aan dat dit onderwerp geen deel uitmaakte van het onderzoek en verwijst voor beantwoording naar de minister van OCW. Er wordt geen substantiële inhoud geleverd.	SCOPE	
15	rekenkamer__kamerstuk:2013:04:17:beantwoording-kamervragen-over-het-rapport-bezuinigingen-op-uitvoeringsorganisaties	Beantwoording Kamervragen over het rapport Bezuinigingen op uitvoeringsorganisaties	https://www.rekenkamer.nl/binaries/rekenkamer/documenten/kamerstukken/2013/04/17/beantwoording-kamervragen-over-het-rapport-bezuinigingen-op-uitvoeringsorganisaties/Brief+TK+beantwoording+vragen+rapport+Bezuinigingen+op+uitvoeriingsorganisaties.pdf	2013-04-17	31 490, nr. 104	Bezuinigingen op uitvoeringsorganisaties	17 april 2013	2012-2013	20	Hoeveel kosten gaan er gepaard met de voorgestelde efficiency- en moderniseringsplannen bij de Dienst Uitvoering Onderwijs? Is aan te geven hoe de apparaatskosten zich de komende jaren zullen ontwikkelen?	De kosten van voorgestelde efficiency- en moderniseringsplannen bij DUO maakten geen deel uit van dit onderzoek. De geraamde ontwikkeling van de apparaatskosten van DUO (stand ontwerpbegroting 2012) staat in de eerste grafiek 'Geraamde rijksbijdragen en apparaatskosten' op pagina 52 van het rapport.			DEFL	M	De AR geeft aan dat de kosten van de plannen niet zijn onderzocht en verwijst voor de apparaatskosten naar een grafiek in het rapport. De eerste deelvraag wordt expliciet niet beantwoord ('maakte geen deel uit van dit onderzoek') en de tweede wordt beantwoord met een doorverwijzing naar een rapportpagina zonder eigen inhoudelijke toelichting. Er is geen substantiële inhoud geleverd.	SCOPE	
15	rekenkamer__kamerstuk:2013:04:17:beantwoording-kamervragen-over-het-rapport-bezuinigingen-op-uitvoeringsorganisaties	Beantwoording Kamervragen over het rapport Bezuinigingen op uitvoeringsorganisaties	https://www.rekenkamer.nl/binaries/rekenkamer/documenten/kamerstukken/2013/04/17/beantwoording-kamervragen-over-het-rapport-bezuinigingen-op-uitvoeringsorganisaties/Brief+TK+beantwoording+vragen+rapport+Bezuinigingen+op+uitvoeriingsorganisaties.pdf	2013-04-17	31 490, nr. 104	Bezuinigingen op uitvoeringsorganisaties	17 april 2013	2012-2013	25	Kan worden aangegeven wat de hoogte van de salarissen is bij topambtenaren en bestuurders van de Inspectie van het onderwijs?	Zie ook vraag 19. De hoogte van de salarissen van topambtenaren en bestuurders is niet uit het Jaarverslag van de Inspectie te herleiden. Evenmin geven de site van het ministerie van OCW en de Inspectie uitsluitsel hierover. Het ligt daarom meer op de weg van de minister van OCW om deze vraag te beantwoorden. De hoogte van salarissen van medewerkers van uitvoeringsorganisaties vormde overigens geen onderwerp van onderzoek.			DEFL	H	De AR geeft aan dat de gevraagde informatie niet uit beschikbare bronnen te herleiden is, dat het niet onderzocht is, en verwijst de vraag door naar de minister van OCW. Er wordt geen substantieel inhoudelijk antwoord gegeven.	NO_DATA	
15	rekenkamer__kamerstuk:2013:04:17:beantwoording-kamervragen-over-het-rapport-bezuinigingen-op-uitvoeringsorganisaties	Beantwoording Kamervragen over het rapport Bezuinigingen op uitvoeringsorganisaties	https://www.rekenkamer.nl/binaries/rekenkamer/documenten/kamerstukken/2013/04/17/beantwoording-kamervragen-over-het-rapport-bezuinigingen-op-uitvoeringsorganisaties/Brief+TK+beantwoording+vragen+rapport+Bezuinigingen+op+uitvoeriingsorganisaties.pdf	2013-04-17	31 490, nr. 104	Bezuinigingen op uitvoeringsorganisaties	17 april 2013	2012-2013	26	Betreffen de fte's die verloren gingen door eerdere bezuinigingen bij de Inspectie van het Onderwijs dezelfde functies die werden aangevuld na uitbreiding van het takenpakket?	Zoals hiervoor in ons antwoord op vraag 5 aangegeven, rapporteren wij hoe de organisaties omgaan met bezuinigingen. Antwoord op deze vraag kunnen we dan ook niet geven. Eventueel kan de vraag aan de minister gesteld worden.			DEFL	H	De AR geeft expliciet aan dat zij deze vraag niet kan beantwoorden, verwijst naar een eerder antwoord en suggereert de vraag aan de minister te stellen. Er wordt geen substantiële inhoud geleverd.	MIN_POL|NO_DATA	
17	rekenkamer__kamerstuk:2013:06:07:beantwoording-kamervragen-over-het-rapport-bij-het-jaarverslag-2012-van-het-ministerie-van-defensie	Beantwoording Kamervragen over het Rapport bij het Jaarverslag 2012 van het Ministerie van Defensie	https://www.rekenkamer.nl/binaries/rekenkamer/documenten/kamerstukken/2013/06/07/beantwoording-kamervragen-over-het-rapport-bij-het-jaarverslag-2012-van-het-ministerie-van-defensie/Beantwoording+TK+vragen+RJv+2012+Defensie.pdf	2013-06-07	33 605 X	Beantwoording vragen Tweede Kamer over het Rapport bij het Jaarverslag 2012 van het Ministerie van Defensie	7 juni 2013	2012-2013	2	Bent u van mening dat Defensie met het huidige budget niet in staat is de bijdrage aan missies zoals die nu is in de toekomst vol te houden?	Wij hebben in ons rapport aangegeven dat de mate waarin de krijgsmacht kan blijven bijdragen aan internationale missies afhangt van de budgettaire ruimte om personeel en materieel inzetbaar te maken en te houden. Om te beoordelen of inzetbaarheidsdoelstellingen nu en in de toekomst kunnen worden gehaald is betrouwbare informatie nodig over de operationele gereedheid en over de kosten van personeel en materieel per wapensysteem. Mede op basis van deze informatie en afhankelijk van de inzetbaarheidsdoelstellingen kan bepaald worden of de krijgsmacht in staat is de gewenste bijdragen nu en in de toekomst te leveren. Uit de keuze van de wapensystemen in de aangekondigde, nog te verschijnen, visie op de krijgsmacht van de toekomst zal moeten blijken aan welk soort internationale missies Defensie wil en kan bijdragen.			DEFL	M	De AR beantwoordt de vraag niet inhoudelijk met een eigen standpunt of oordeel over of het budget toereikend is. In plaats daarvan beschrijft de AR welke informatie en keuzes nodig zijn om die vraag te beantwoorden, en verwijst impliciet naar toekomstige beleidsdocumenten. Er wordt geen inhoudelijk oordeel, aanbeveling of causale verklaring gegeven; de AR ontwijkt de kern van de vraag.	MIN_POL	
17	rekenkamer__kamerstuk:2013:06:07:beantwoording-kamervragen-over-het-rapport-bij-het-jaarverslag-2012-van-het-ministerie-van-defensie	Beantwoording Kamervragen over het Rapport bij het Jaarverslag 2012 van het Ministerie van Defensie	https://www.rekenkamer.nl/binaries/rekenkamer/documenten/kamerstukken/2013/06/07/beantwoording-kamervragen-over-het-rapport-bij-het-jaarverslag-2012-van-het-ministerie-van-defensie/Beantwoording+TK+vragen+RJv+2012+Defensie.pdf	2013-06-07	33 605 X	Beantwoording vragen Tweede Kamer over het Rapport bij het Jaarverslag 2012 van het Ministerie van Defensie	7 juni 2013	2012-2013	4	Wanneer kan de Kamer uw onderzoek naar het programma SPEER verwachten?	Wij hebben hier nog geen tijdstip voor vastgelegd omdat wij het eindrapport van de minister in ons onderzoek willen betrekken. De minister heeft uw Kamer in het Algemeen Overleg van 2 april ji. toegezegd eind 2013 een eindrapport van de programmaorganisatie SPEER en eind 2014 een eindevaluatie - waarin de migratie in de lijnorganisatie wordt meegenomen — te sturen.			DEFL	H	De AR geeft geen inhoudelijk antwoord op de vraag maar legt uit waarom ze nog geen tijdstip hebben vastgelegd en verwijst naar toekomstige rapportages van de minister. Dit is een klassiek DEFL-antwoord: geen substantiële inhoud, alleen uitleg waarom er nog niet geantwoord kan worden.	FUTURE	
17	rekenkamer__kamerstuk:2013:06:07:beantwoording-kamervragen-over-het-rapport-bij-het-jaarverslag-2012-van-het-ministerie-van-defensie	Beantwoording Kamervragen over het Rapport bij het Jaarverslag 2012 van het Ministerie van Defensie	https://www.rekenkamer.nl/binaries/rekenkamer/documenten/kamerstukken/2013/06/07/beantwoording-kamervragen-over-het-rapport-bij-het-jaarverslag-2012-van-het-ministerie-van-defensie/Beantwoording+TK+vragen+RJv+2012+Defensie.pdf	2013-06-07	33 605 X	Beantwoording vragen Tweede Kamer over het Rapport bij het Jaarverslag 2012 van het Ministerie van Defensie	7 juni 2013	2012-2013	16	Welke functionaliteiten van SPEER zijn momenteel ingevoerd?	SPEER levert binnen de scope van het bestaande programma functionaliteiten in het financiële domein en in het materieellogistieke domein. Het financiële administratiesysteem FINAD is in 2008 ingevoerd. In het materieellogistieke domein zijn nog niet alle functionaliteiten geïmplementeerd en zijn nog niet alle defensieonderdelen over op het nieuwe systeem. Wij kunnen niet aangeven welke functionaliteiten bij welke defensieonderdelen momenteel zijn ingevoerd. Indien gewenst ligt het op de weg van de minister van Defensie om dit verder toe te lichten.			DEFL	M	De AR geeft enige feitelijke achtergrondinformatie over SPEER, maar beantwoordt de kernvraag (welke functionaliteiten zijn momenteel ingevoerd) niet: 'Wij kunnen niet aangeven welke functionaliteiten bij welke defensieonderdelen momenteel zijn ingevoerd' en verwijst naar de minister. De substantiële inhoud is te beperkt om als FEIT te labelen; de deflectie op de eigenlijke vraag overheerst.	MIN_POL	
17	rekenkamer__kamerstuk:2013:06:07:beantwoording-kamervragen-over-het-rapport-bij-het-jaarverslag-2012-van-het-ministerie-van-defensie	Beantwoording Kamervragen over het Rapport bij het Jaarverslag 2012 van het Ministerie van Defensie	https://www.rekenkamer.nl/binaries/rekenkamer/documenten/kamerstukken/2013/06/07/beantwoording-kamervragen-over-het-rapport-bij-het-jaarverslag-2012-van-het-ministerie-van-defensie/Beantwoording+TK+vragen+RJv+2012+Defensie.pdf	2013-06-07	33 605 X	Beantwoording vragen Tweede Kamer over het Rapport bij het Jaarverslag 2012 van het Ministerie van Defensie	7 juni 2013	2012-2013	17	Welke functionaliteiten van SPEER zullen na 2013 gerealiseerd moeten worden?	Geavanceerde functionaliteit voor operationele gereedheid en besturing en beheersing van de materieellogistieke processen zijn in 2006 buiten de programmascope geplaatst omdat het te complex en teveel bleek te zijn om in een keer te ontwikkelen. De minister heeft eerder commercieel vertrouwelijke informatie met u gedeeld over specifieke functionaliteiten die binnen en buiten de scope van het programma vallen. Een deel van de buiten de scope geplaatste functionaliteiten en eventuele nieuwe functionaliteiten zullen na beëindiging van het programma (door)ontwikkeld/ gerealiseerd worden door de staande organisatie op basis van een afweging van nieuwe behoeftestellingen en beschikbare middelen. Indien gewenst ligt het op de weg van de minister van Defensie om dit verder toe te lichten.		<UNKNOWN>: Aanvullende vragen SPEER oktober 2011 (CvT) met onbekende datum en kenmerk BS 2011031529	DEFL	M	De AR beschrijft op hoofdlijnen wat buiten scope is geplaatst (FEIT-element), maar beantwoordt de concrete vraag naar welke functionaliteiten na 2013 gerealiseerd moeten worden niet: ze verwijst naar eerder door de minister gedeelde vertrouwelijke informatie en stelt dat de minister dit verder kan toelichten. Het substantiële deel van het antwoord is een doorverwijzing naar de minister, dus DEFL prevaleert.	MIN_POL	
17	rekenkamer__kamerstuk:2013:06:07:beantwoording-kamervragen-over-het-rapport-bij-het-jaarverslag-2012-van-het-ministerie-van-defensie	Beantwoording Kamervragen over het Rapport bij het Jaarverslag 2012 van het Ministerie van Defensie	https://www.rekenkamer.nl/binaries/rekenkamer/documenten/kamerstukken/2013/06/07/beantwoording-kamervragen-over-het-rapport-bij-het-jaarverslag-2012-van-het-ministerie-van-defensie/Beantwoording+TK+vragen+RJv+2012+Defensie.pdf	2013-06-07	33 605 X	Beantwoording vragen Tweede Kamer over het Rapport bij het Jaarverslag 2012 van het Ministerie van Defensie	7 juni 2013	2012-2013	18	Welke beoogde functionaliteiten van SPEER worden geschrapt?	Zie de antwoorden op vraag 16 en 17. Indien gewenst ligt het op de weg van de minister van Defensie om dit verder toe te lichten.			DEFL	H	De AR verwijst naar andere antwoorden en naar de minister van Defensie, zonder zelf inhoudelijk antwoord te geven op de vraag. Dit is een klassiek DEFL-patroon.	MIN_POL	
18	rekenkamer__kamerstuk:2013:06:07:beantwoording-kamervragen-over-het-rapport-bij-het-jaarverslag-2012-van-het-ministerie-van-ez	Beantwoording Kamervragen over het Rapport bij het Jaarverslag 2012 van het Ministerie van EZ	https://www.rekenkamer.nl/binaries/rekenkamer/documenten/kamerstukken/2013/06/07/beantwoording-kamervragen-over-het-rapport-bij-het-jaarverslag-2012-van-het-ministerie-van-ez/Beantwoording+TK+vragen+RJv+2012+EZ.pdf	2013-06-07	33 605 XIII	Rapport bij het Jaarverslag 2012. Ministerie van Economische Zaken (XIII)	7 juni 2013	2012-2013	3	Kunt u aangeven hoeveel de daadwerkelijke energieprijzen in 2012 afweken van het worst case scenario waarop de Stimulering Duurzame Energieproductie (SDE) subsidie uitgaven worden gebaseerd?	Wij hebben niet onderzocht in hoeverre daadwerkelijke energieprijzen in 2012 afweken van het worst case scenario.		33 605 XIII: Jaarverslag 2012. Ministerie van Economische Zaken	DEFL	H	De AR geeft expliciet aan dat zij dit niet hebben onderzocht en levert geen inhoudelijk antwoord op de vraag. Dit is een klassiek DEFL-geval.	SCOPE	
21	rekenkamer__kamerstuk:2013:06:07:beantwoording-kamervragen-over-het-rapport-bij-het-jaarverslag-2012-van-het-ministerie-van-venj	Beantwoording Kamervragen over het Rapport bij het Jaarverslag 2012 van het Ministerie van VenJ	https://www.rekenkamer.nl/binaries/rekenkamer/documenten/kamerstukken/2013/06/07/beantwoording-kamervragen-over-het-rapport-bij-het-jaarverslag-2012-van-het-ministerie-van-venj/Beantwoording+TK+vragen+RJv+2012+VenJ.pdf	2013-06-07	33 605 VI	Beantwoording vragen Tweede Kamer over het Rapport bij het Jaarverslag 2012 van het Ministerie van Veiligheid en Justitie	7 juni 2013	2012-2013	3	Hoe groot zijn de risico's bij de vorming van de Nationale Politie uitgedrukt in geld en/of fte's?	Hoe groot de risico's bij de vorming van de Nationale politie zijn is nog niet bekend. Momenteel is er overleg gaande tussen de Nationale politie en het ministerie over het opstellen van de openingsbalans voor de Nationale politie. Punt van overleg is welke reserves en voorzieningen nodig zijn en wat de omvang daarvan moet zijn. De uitkomsten daarvan worden eind juli 2013 in de openingsbalans van de Nationale politie 2013 duidelijk. De minister heeft toegezegd de openingsbalans aan de Tweede Kamer te sturen. In ons Werkprogramma 2013 is 'Inrichting Nationale politie' opgenomen. In het kader daarvan zal ook de openingsbalans nader onderzocht worden.			DEFL	H	De AR geeft aan dat de gevraagde informatie nog niet bekend is, verwijst naar toekomstig overleg en een toekomstige openingsbalans, en naar een toekomstig eigen onderzoek. Er wordt geen substantieel inhoudelijk antwoord gegeven op de vraag.	FUTURE	
21	rekenkamer__kamerstuk:2013:06:07:beantwoording-kamervragen-over-het-rapport-bij-het-jaarverslag-2012-van-het-ministerie-van-venj	Beantwoording Kamervragen over het Rapport bij het Jaarverslag 2012 van het Ministerie van VenJ	https://www.rekenkamer.nl/binaries/rekenkamer/documenten/kamerstukken/2013/06/07/beantwoording-kamervragen-over-het-rapport-bij-het-jaarverslag-2012-van-het-ministerie-van-venj/Beantwoording+TK+vragen+RJv+2012+VenJ.pdf	2013-06-07	33 605 VI	Beantwoording vragen Tweede Kamer over het Rapport bij het Jaarverslag 2012 van het Ministerie van Veiligheid en Justitie	7 juni 2013	2012-2013	10	Is er inzicht in de gevolgen van de veiligheidsincidenten bij het ministerie van Veiligheid en Justitie voor de nationale veiligheid? Zo nee, kan de regering verplicht worden om de Tweede Kamer hierover te rapporteren?	Het verantwoordingsonderzoek was gericht op de naleving van het rijksbeleid op het gebied van informatiebeveiliging. Wij hebben geen onderzoek gedaan naar de gevolgen van veiligheidsincidenten.			DEFL	H	De AR geeft expliciet aan dat zij geen onderzoek heeft gedaan naar de gevolgen van veiligheidsincidenten en beantwoordt de vraag daarmee niet inhoudelijk. Dit is een klassiek DEFL-antwoord: 'dit hebben wij niet onderzocht'.	SCOPE	
21	rekenkamer__kamerstuk:2013:06:07:beantwoording-kamervragen-over-het-rapport-bij-het-jaarverslag-2012-van-het-ministerie-van-venj	Beantwoording Kamervragen over het Rapport bij het Jaarverslag 2012 van het Ministerie van VenJ	https://www.rekenkamer.nl/binaries/rekenkamer/documenten/kamerstukken/2013/06/07/beantwoording-kamervragen-over-het-rapport-bij-het-jaarverslag-2012-van-het-ministerie-van-venj/Beantwoording+TK+vragen+RJv+2012+VenJ.pdf	2013-06-07	33 605 VI	Beantwoording vragen Tweede Kamer over het Rapport bij het Jaarverslag 2012 van het Ministerie van Veiligheid en Justitie	7 juni 2013	2012-2013	15	Zijn burgers de dupe geworden van het onvoldoende naleven van politiekorpsen van de privacy-regels uit de Wet Politiegegevens? Zo ja, om hoeveel mensen gaat het en wat was de persoonlijke schade?	Wij hebben hiernaar geen onderzoek gedaan.			DEFL	H	De AR geeft expliciet aan dat zij hiernaar geen onderzoek heeft gedaan en biedt geen inhoudelijk antwoord op de vraag. Dit is een klassiek DEFL-antwoord.	SCOPE	
22	rekenkamer__kamerstuk:2013:06:11:beantwoording-kamervragen-over-het-rapport-staat-van-de-rijksverantwoording-2012	Beantwoording Kamervragen over het rapport Staat van de rijksverantwoording 2012	https://www.rekenkamer.nl/binaries/rekenkamer/documenten/kamerstukken/2013/06/11/beantwoording-kamervragen-over-het-rapport-staat-van-de-rijksverantwoording-2012/Beantwoording+TK+vragen+aan+SRV.pdf	2013-06-11	33 605, nr. 2	Beantwoording vragen Tweede Kamer over het rapport Staat van de rijksverantwoording 2012	11 juni 2013	2012-2013	2	Is de Algemene Rekenkamer van mening dat de Nederlandse regering voorzieningen moet treffen in verband met de afgegeven garanties? Indien nee, waarom niet? Indien ja, welke omvang zouden dergelijke voorzieningen minimaal moeten hebben, uitgesplitst naar garantietype?	In ons rapport Risico's voor de overheidsfinanciën van juni 2012 hebben we de minister van Financiën aanbevolen om periodiek en integraal de financiële risico's voor het Rijk in beeld te brengen inclusief de mogelijkheden om deze te beheersen. De Miljoennota 2013 bevatte een eerste overkoepelende analyse van de risico's en het Financieel Jaarverslag Rijk 2012 bevatte een actualisatie hiervan. Verder hebben we de minister aanbevolen om een stresstest op de overheidsfinanciën uit te voeren. In het verantwoordingsdebat op 16 mei 2013 zei de minister van Financiën toe dat hij deze aanbeveling gaat opvolgen.		33 605, nr. 2: Staat van de rijksverantwoording 2012	DEFL	M	De vraag is of de AR vindt dat er voorzieningen getroffen moeten worden en zo ja, welke omvang. De AR beantwoordt deze vraag niet inhoudelijk: ze geeft geen oordeel over de noodzaak of omvang van voorzieningen, maar verwijst naar eerdere aanbevelingen aan de minister en diens toezegging. Er is geen substantieel antwoord op de gestelde vraag.	FUTURE	
24	rekenkamer__kamerstuk:2013:11:04:beantwoording-kamervragen-over-het-rapport-validering-nota-in-het-belang-van-nederland	Beantwoording Kamervragen over het rapport Validering nota 'In het belang van Nederland'	https://www.rekenkamer.nl/binaries/rekenkamer/documenten/kamerstukken/2013/11/04/beantwoording-kamervragen-over-het-rapport-validering-nota-in-het-belang-van-nederland/Beantwoording+kamervragen.pdf	2013-11-04	33 763	Validering nota 'In het belang van Nederland'	4 november 2013	2013-2014	9	Welke verbeteringen en aanpassingen moeten nog worden doorgevoerd om de benodigde betrouwbare in formatie over de operationele gereedheid en over de kosten van personeel en materieel per wapensysteem inzichtelijk te krijgen?	De Algemene Rekenkamer zal dit in de komende maanden samen met het Ministerie van Defensie verkennen.			DEFL	H	De AR geeft geen inhoudelijk antwoord op de vraag maar verwijst naar een toekomstige verkenning samen met het ministerie. Dit is een klassiek DEFL-signaal: 'zullen wij in de komende periode verkennen'.	FUTURE	
24	rekenkamer__kamerstuk:2013:11:04:beantwoording-kamervragen-over-het-rapport-validering-nota-in-het-belang-van-nederland	Beantwoording Kamervragen over het rapport Validering nota 'In het belang van Nederland'	https://www.rekenkamer.nl/binaries/rekenkamer/documenten/kamerstukken/2013/11/04/beantwoording-kamervragen-over-het-rapport-validering-nota-in-het-belang-van-nederland/Beantwoording+kamervragen.pdf	2013-11-04	33 763	Validering nota 'In het belang van Nederland'	4 november 2013	2013-2014	10	Heeft u kunnen nagaan wat de gevolgen zijn voor de werkgelegenheid in Nederland als gevolg van de in de Nota In het belang van Nederland (33763, nr. 1) gemaakte keuzes?	De beantwoording van deze vragen hoorde niet tot de validering van de nota. We merken op dat recente denkbeelden bij het 3SF Program Office (JPO) rond de uitwerking van het onderhoudsconcept van de JSF, waarvan wij vernamen tijdens onze auditgesprekken in de VS, mogelijk gevolgen hebben voor de mate van inschakeling van de industrie van de partnerlanden, en dus Nederland, bij dit onderhoud, en daarmee voor de werkgelegenheid als gevolg van die inschakeling.		33 763: Nota In het belang van Nederland	DEFL	H	De AR geeft expliciet aan dat deze vraag niet tot de validering behoorde ('hoorde niet tot de validering'). De opmerking over recente denkbeelden bij het JPO is een kanttekening maar beantwoordt de vraag niet substantieel; er wordt geen feitelijk antwoord, oordeel of aanbeveling gegeven over de werkgelegenheidsgevolgen.	SCOPE	
24	rekenkamer__kamerstuk:2013:11:04:beantwoording-kamervragen-over-het-rapport-validering-nota-in-het-belang-van-nederland	Beantwoording Kamervragen over het rapport Validering nota 'In het belang van Nederland'	https://www.rekenkamer.nl/binaries/rekenkamer/documenten/kamerstukken/2013/11/04/beantwoording-kamervragen-over-het-rapport-validering-nota-in-het-belang-van-nederland/Beantwoording+kamervragen.pdf	2013-11-04	33 763	Validering nota 'In het belang van Nederland'	4 november 2013	2013-2014	13	Is het stappenplan uit de nota met een looptijd tot en met 2016 voor het structureel inbedden van het Life cycle costing in het plan- en begrotingsproces voldoende?	De Algemene Rekenkamer zal dit in de komende maanden samen met het Ministerie van Defensie verkennen.			DEFL	H	De AR geeft geen inhoudelijk antwoord op de vraag, maar verwijst naar een toekomstige verkenning samen met het ministerie. Dit is een klassiek DEFL-signaal: 'zullen wij in de komende periode verkennen'.	FUTURE	
24	rekenkamer__kamerstuk:2013:11:04:beantwoording-kamervragen-over-het-rapport-validering-nota-in-het-belang-van-nederland	Beantwoording Kamervragen over het rapport Validering nota 'In het belang van Nederland'	https://www.rekenkamer.nl/binaries/rekenkamer/documenten/kamerstukken/2013/11/04/beantwoording-kamervragen-over-het-rapport-validering-nota-in-het-belang-van-nederland/Beantwoording+kamervragen.pdf	2013-11-04	33 763	Validering nota 'In het belang van Nederland'	4 november 2013	2013-2014	18	Hoe is het mogelijk, dat bij gebruik van open bronnen er wel over de F-35 actuele verifieerbare informatie beschikbaar is en over de andere vijf toestellen niet?	De zinsnede is afkomstig uit het 'Eindrapport Actualisering vervanging F-16'. Het ligt op de weg van de minister van Defensie om deze vraag te beantwoorden.			DEFL	H	De AR geeft geen inhoudelijk antwoord op de vraag maar verwijst door naar de minister van Defensie. Dit is een klassiek DEFL-patroon: 'Het ligt op de weg van de minister om deze vraag te beantwoorden.'	MIN_POL	
24	rekenkamer__kamerstuk:2013:11:04:beantwoording-kamervragen-over-het-rapport-validering-nota-in-het-belang-van-nederland	Beantwoording Kamervragen over het rapport Validering nota 'In het belang van Nederland'	https://www.rekenkamer.nl/binaries/rekenkamer/documenten/kamerstukken/2013/11/04/beantwoording-kamervragen-over-het-rapport-validering-nota-in-het-belang-van-nederland/Beantwoording+kamervragen.pdf	2013-11-04	33 763	Validering nota 'In het belang van Nederland'	4 november 2013	2013-2014	19	Is het u bekend waarom de minister van Defensie alleen voor de F-35 heeft berekend hoeveel toestellen met het beschikbare budget aangeschaft en geëxploiteerd kunnen worden? Zo ja, waarom? Zo nee, waarom niet?	Het ligt op de weg van de minister van Defensie om deze vraag te beantwoorden.			DEFL	H	De AR beantwoordt de vraag niet inhoudelijk en verwijst expliciet naar de minister van Defensie. Dit is een klassiek DEFL-patroon: 'Het ligt op de weg van de minister om deze vraag te beantwoorden.'	MIN_POL	
24	rekenkamer__kamerstuk:2013:11:04:beantwoording-kamervragen-over-het-rapport-validering-nota-in-het-belang-van-nederland	Beantwoording Kamervragen over het rapport Validering nota 'In het belang van Nederland'	https://www.rekenkamer.nl/binaries/rekenkamer/documenten/kamerstukken/2013/11/04/beantwoording-kamervragen-over-het-rapport-validering-nota-in-het-belang-van-nederland/Beantwoording+kamervragen.pdf	2013-11-04	33 763	Validering nota 'In het belang van Nederland'	4 november 2013	2013-2014	24	Heeft u zicht op de levensduur in vlieguren van de F-35, met de ervaring dat de levensduur van de F-16 is gesteld op 6000 vlieguren?	Het ligt op de weg van de minister van Defensie om deze vraag te beantwoorden.			DEFL	H	De AR verwijst de vraag door naar de minister van Defensie zonder zelf inhoudelijk te antwoorden. Dit is een klassiek DEFL-patroon.	MIN_POL	
25	rekenkamer__kamerstuk:2013:12:10:beantwoording-kamervragen-over-de-kamerbrief-input-voor-rondetafelgesprek-modernisering-comptabiliteitswet	Beantwoording Kamervragen over de Kamerbrief Input voor rondetafelgesprek modernisering Comptabiliteitswet	https://www.rekenkamer.nl/binaries/rekenkamer/documenten/kamerstukken/2013/12/10/beantwoording-kamervragen-over-de-kamerbrief-input-voor-rondetafelgesprek-modernisering-comptabiliteitswet/Beantwoording+vragen+Tweede+Kamer+Modernisering+van+de+Comptabiliteitswet.pdf	2013-12-10	13008074 R	Beantwoording vragen Tweede Kamer Modernisering van de Comptabiliteitswet	10 december 2013	2012-2013	2	Heeft de Algemene Rekenkamer voorbeelden uit andere EU-lidstaten die via premiefinanciering de zorgsector en de sector sociale zekerheid en werkgelegenheid financieren? Zo ja, hebben de parlementen daar ook minder budgetrecht ten opzichte van de niet premie-gefinancierde onderdelen van de begroting?	De Algemene Rekenkamer heeft geen overzicht van de financiering van zorg en sociale zekerheid in andere EU-lidstaten en de betrokkenheid van de parlementen in deze sectoren.			DEFL	H	De AR geeft expliciet aan niet over de gevraagde informatie te beschikken en levert geen inhoudelijk antwoord op de vraag. Dit is een klassiek geval van 'niet onderzocht/geen informatie beschikbaar'.	NO_DATA	
25	rekenkamer__kamerstuk:2013:12:10:beantwoording-kamervragen-over-de-kamerbrief-input-voor-rondetafelgesprek-modernisering-comptabiliteitswet	Beantwoording Kamervragen over de Kamerbrief Input voor rondetafelgesprek modernisering Comptabiliteitswet	https://www.rekenkamer.nl/binaries/rekenkamer/documenten/kamerstukken/2013/12/10/beantwoording-kamervragen-over-de-kamerbrief-input-voor-rondetafelgesprek-modernisering-comptabiliteitswet/Beantwoording+vragen+Tweede+Kamer+Modernisering+van+de+Comptabiliteitswet.pdf	2013-12-10	13008074 R	Beantwoording vragen Tweede Kamer Modernisering van de Comptabiliteitswet	10 december 2013	2012-2013	3	Impliceert de invloed van Europees beleid op de budgetcyclus, dat wanneer de Kamer haar budgetrecht onverkort wil handhaven, dat de Rijksbegroting voor 2015 eigenlijk in het voorjaar 2014 moet worden besproken? Met andere woorden dat de derde dinsdag van september een derde dinsdag in februari moet worden?	Voor het antwoord op deze vraag verwijzen wij u naar de brief die wij op 28 november 2013 hebben gestuurd aan de voorzitter van de Eerste Kamer over de implicaties van de Europese regels voor economisch bestuur op het Nederlandse begrotings- en verantwoordingsproces. In aanvulling op deze brief publiceert de Algemene Rekenkamer in het voorjaar van 2014 een rapport over het Europees Semester, met daarin de opzet en werking van dit coördinatiemechanisme in lidstaatvergelijkend perspectief.		Eerste Kamer, vergaderjaar 2013-2014, 33454, nr. BE: implicaties van de Europese regels voor economisch bestuur op het Nederlandse begrotings- en verantwoordingsproces	DEFL	H	De AR geeft geen inhoudelijk antwoord op de vraag maar verwijst naar een eerder verstuurde brief en kondigt een toekomstig rapport aan. Er is geen substantiële inhoud in het antwoord zelf; dit is een klassieke deflectie.	FUTURE	
25	rekenkamer__kamerstuk:2013:12:10:beantwoording-kamervragen-over-de-kamerbrief-input-voor-rondetafelgesprek-modernisering-comptabiliteitswet	Beantwoording Kamervragen over de Kamerbrief Input voor rondetafelgesprek modernisering Comptabiliteitswet	https://www.rekenkamer.nl/binaries/rekenkamer/documenten/kamerstukken/2013/12/10/beantwoording-kamervragen-over-de-kamerbrief-input-voor-rondetafelgesprek-modernisering-comptabiliteitswet/Beantwoording+vragen+Tweede+Kamer+Modernisering+van+de+Comptabiliteitswet.pdf	2013-12-10	13008074 R	Beantwoording vragen Tweede Kamer Modernisering van de Comptabiliteitswet	10 december 2013	2012-2013	5	Ziet de Algemene Rekenkamer alternatieven om de controle op de uitgaven aan sociale zekerheid te verbeteren, bijvoorbeeld door financiering van de sociale zekerheid geheel uit de algemene begrotingsmiddelen?	Zoals wij ook bij vraag 4 hebben aangegeven, is het aan de wetgever om de governance ten aanzien van de premiemiddelen vorm te geven.			DEFL	H	De AR geeft geen inhoudelijk antwoord op de vraag naar alternatieven, maar verwijst de kwestie door naar de wetgever. Dit is een klassieke deflectie: de AR geeft aan dat het niet aan haar is om hierover uitspraken te doen.	MIN_POL	
25	rekenkamer__kamerstuk:2013:12:10:beantwoording-kamervragen-over-de-kamerbrief-input-voor-rondetafelgesprek-modernisering-comptabiliteitswet	Beantwoording Kamervragen over de Kamerbrief Input voor rondetafelgesprek modernisering Comptabiliteitswet	https://www.rekenkamer.nl/binaries/rekenkamer/documenten/kamerstukken/2013/12/10/beantwoording-kamervragen-over-de-kamerbrief-input-voor-rondetafelgesprek-modernisering-comptabiliteitswet/Beantwoording+vragen+Tweede+Kamer+Modernisering+van+de+Comptabiliteitswet.pdf	2013-12-10	13008074 R	Beantwoording vragen Tweede Kamer Modernisering van de Comptabiliteitswet	10 december 2013	2012-2013	6	Welke belemmeringen ziet de Algemene Rekenkamer voor de marktwerking in de zorg, indien de premie-gefinancieerde zorguitgaven onder de Comptabiliteitswet worden gebracht?	Of het onder de Comptabiliteitswet brengen van de premie-gefinancieerde zorguitgaven belemmeringen met zich meebrengt voor de marktwerking, is afhankelijk van hetgeen met 'onder de Comptabiliteitswet brengen' wordt bedoeld. Zoals hierboven ook aangegeven bij vraag 4, zal een governance moeten worden ontwikkeld die past bij het stelsel.			DEFL	H	De AR geeft geen inhoudelijk antwoord op de vraag maar stelt dat het antwoord afhangt van nadere definiëring en verwijst naar het antwoord bij vraag 4. Er wordt geen substantiële inhoud over belemmeringen voor marktwerking geleverd.	FUTURE	
25	rekenkamer__kamerstuk:2013:12:10:beantwoording-kamervragen-over-de-kamerbrief-input-voor-rondetafelgesprek-modernisering-comptabiliteitswet	Beantwoording Kamervragen over de Kamerbrief Input voor rondetafelgesprek modernisering Comptabiliteitswet	https://www.rekenkamer.nl/binaries/rekenkamer/documenten/kamerstukken/2013/12/10/beantwoording-kamervragen-over-de-kamerbrief-input-voor-rondetafelgesprek-modernisering-comptabiliteitswet/Beantwoording+vragen+Tweede+Kamer+Modernisering+van+de+Comptabiliteitswet.pdf	2013-12-10	13008074 R	Beantwoording vragen Tweede Kamer Modernisering van de Comptabiliteitswet	10 december 2013	2012-2013	8	Is er voor het jaar 2013 ook sprake van grote overschrijdingen in de zorgsector en in mindere mate in de sector sociale zekerheid en werkgelegenheid (zie ook factsheet 3, blz. 3)?	Voor de meest actuele gegevens verwijzen we naar de Najaarsnota 2013.		Najaarsnota 2013. Brief van de minister van Financiën aan de voorzitter van de Tweede Kamer der Staten-Generaal. 29 november 2013: actuele gegevens overschrijdingen in de zorgsector en sector sociale zekerheid	DEFL	H	De AR geeft geen inhoudelijk antwoord op de vraag maar verwijst door naar de Najaarsnota 2013. Dit is een klassiek geval van deflectie: geen substantiële informatie, alleen een verwijzing.	CROSS_REF	
25	rekenkamer__kamerstuk:2013:12:10:beantwoording-kamervragen-over-de-kamerbrief-input-voor-rondetafelgesprek-modernisering-comptabiliteitswet	Beantwoording Kamervragen over de Kamerbrief Input voor rondetafelgesprek modernisering Comptabiliteitswet	https://www.rekenkamer.nl/binaries/rekenkamer/documenten/kamerstukken/2013/12/10/beantwoording-kamervragen-over-de-kamerbrief-input-voor-rondetafelgesprek-modernisering-comptabiliteitswet/Beantwoording+vragen+Tweede+Kamer+Modernisering+van+de+Comptabiliteitswet.pdf	2013-12-10	13008074 R	Beantwoording vragen Tweede Kamer Modernisering van de Comptabiliteitswet	10 december 2013	2012-2013	11	Momenteel hebben aftrekposten en heffingskortin gen impact op de instroom van premie voor de Algemene Ouderdomswet, de Algemene Nabestaanden wet en de Algemene Wet Bijzondere Ziektekosten. Indien daar geen verrekening mee zou plaatsvinden zouden rijksbijdragen niet nodig zijn om deze fondsen te voeden. Zou het naar het oordeel van de Algemene Rekenkamer, uit het oogpunt van verstandig begroten, een aanbeveling zijn om de premiefinanciering los te maken van verrekeningen met aftrekposten en heffingskortingen (zie ook factsheet 3, blz. 4)?	Sinds de Wet inkomstenbelasting 2001 mogen belastingplichtigen heffingskortingen verrekenen bij de afdracht van de inkomstenbelasting en premies volksverzekeringen. In antwoord op Kamervragen naar aanleiding van ons rapport Uitgavenbeheersing in de zorg hebben wij in 2011 hierover het volgende opgemerkt: Vanwege de integrale heffing int de Belastingdienst belasting en premies volksverzekeringen tegelijk. heffingskortingen leiden niet alleen tot minder inkomsten voor de schatkist, maar ook voor de sociale fondsen. De fondsen worden daarvoor ten laste van de schatkist gedeeltelijk gecompenseerd door de Bijdrage In Kosten Kortingen (BIKK). De Algemene Rekenkamer heeft geen onderzoek gedaan naar deze specifieke constructie. We merken op dat het compenseren van de feitelijke premie-inkomsten via de BIKK voor de toepassing van de heffingskortingen, een gevolg is van de systematiek van de Wet Inkomstenbelasting 2001. Dit is expliciet door de wetgever beoogd.		Tweede Kamer, vergaderjaar 2011-2012, 33060, nr. 3: Kamervragen naar aanleiding van rapport Uitgavenbeheersing in de zorg	DEFL	M	De AR geeft feitelijke achtergrond over de BIKK-constructie, maar beantwoordt de kernvraag — of het een aanbeveling zou zijn om de premiefinanciering los te maken — niet inhoudelijk. Ze geeft expliciet aan geen onderzoek te hebben gedaan naar deze specifieke constructie en verwijst naar de keuze van de wetgever. De AR deflecteert dus de gevraagde aanbeveling.	SCOPE	
29	rekenkamer__kamerstuk:2014:04:15:beantwoording-kamervragen-over-het-rapport-bezuiniging-op-de-zorgtoeslag	Beantwoording Kamervragen over het rapport Bezuiniging op de zorgtoeslag	https://www.rekenkamer.nl/binaries/rekenkamer/documenten/kamerstukken/2014/04/15/beantwoording-kamervragen-over-het-rapport-bezuiniging-op-de-zorgtoeslag/Antwoorden_TK-vragen_Bezuiniging_zorgtoeslag.pdf	2014-04-15	2014D05579	Beantwoording vragen Tweede Kamer bij de publicatie Bezuiniging op de zorgtoeslag; realisatie en effect	15 april 2014	2014	5	Kan een kwantitatieve opsplitsing worden gegeven van de drie verschillende factoren die worden genoemd over de tegenvaller van de ontwikkeling van de uitgaven? Welke invloed had de lager dan verwachte economische groei?	Het is op basis van ons onderzoek niet mogelijk om hier een kwantitatieve uitsplitsing van te geven.			DEFL	H	De AR geeft expliciet aan dat het op basis van hun onderzoek niet mogelijk is om de gevraagde kwantitatieve uitsplitsing te geven. Er wordt geen inhoudelijk antwoord geleverd, wat past bij DEFL.	SCOPE	
29	rekenkamer__kamerstuk:2014:04:15:beantwoording-kamervragen-over-het-rapport-bezuiniging-op-de-zorgtoeslag	Beantwoording Kamervragen over het rapport Bezuiniging op de zorgtoeslag	https://www.rekenkamer.nl/binaries/rekenkamer/documenten/kamerstukken/2014/04/15/beantwoording-kamervragen-over-het-rapport-bezuiniging-op-de-zorgtoeslag/Antwoorden_TK-vragen_Bezuiniging_zorgtoeslag.pdf	2014-04-15	2014D05579	Beantwoording vragen Tweede Kamer bij de publicatie Bezuiniging op de zorgtoeslag; realisatie en effect	15 april 2014	2014	6	In hoeverre is er sprake van een typische tegenvaller die vaker wordt waargenomen als de groei tegenvalt? Is deze tegenvaller vergelijkbaar met tegenvallers hij andere toeslagen of uitkeringen?	Wij hebben in dit onderzoek geen andere toeslagen of uitkeringen bekeken. In onze volgende publicatie kijken we naar de bezuiniging op de kinderopvangtoeslag, waarbij dit punt eventueel opnieuw aan de orde komt.			DEFL	H	De AR geeft expliciet aan dat ze geen andere toeslagen of uitkeringen hebben onderzocht en verwijst naar een toekomstige publicatie. Er wordt geen substantieel inhoudelijk antwoord op de vraag gegeven.	FUTURE|SCOPE	
32	rekenkamer__kamerstuk:2014:06:11:beantwoording-kamervragen-over-het-rapport-resultaten-verantwoordingsonderzoek-2013-bij-het-ministerie-van-volksgezondheid-welzijn-en-sport	Beantwoording Kamervragen over het rapport Resultaten verantwoordingsonderzoek 2013 bij het Ministerie van Volksgezondheid, Welzijn en Sport	https://www.rekenkamer.nl/binaries/rekenkamer/documenten/kamerstukken/2014/06/11/beantwoording-kamervragen-over-het-rapport-resultaten-verantwoordingsonderzoek-2013-bij-het-ministerie-van-volksgezondheid-welzijn-en-sport/Antwoorden_op_Kamervragen_over_Resultaten_verantwoordingsonderzoek_2013_bij_het_Ministerie_van_VWS.pdf	2014-06-11	33 930 XVI, nr. 2	Beantwoording vragen Tweede Kamer over het Rapport bij het Jaarverslag 2013 van het Ministerie van Volksgezondheid, Welzijn en Sport	11 juni 2014	2013-2014	12	Voor hoeveel geld is er te hoog geïndiceerd?	Dit is niet door de Algemene Rekenkamer onderzocht. Wel willen wij u attenderen op het onderzoek dat de NZa naar de kostengevolgen van 'upcoding' voor de AWBZ uitvoert. Het Ministerie van VWS verwacht de resultaten van het NZa-onderzoek in juli 2014 te publiceren in het eindrapport Zorgfraude.			DEFL	H	De AR geeft expliciet aan dit niet onderzocht te hebben en verwijst door naar onderzoek van de NZa en het Ministerie van VWS. Er wordt geen eigen inhoudelijk antwoord gegeven op de vraag.	FUTURE|SCOPE	
32	rekenkamer__kamerstuk:2014:06:11:beantwoording-kamervragen-over-het-rapport-resultaten-verantwoordingsonderzoek-2013-bij-het-ministerie-van-volksgezondheid-welzijn-en-sport	Beantwoording Kamervragen over het rapport Resultaten verantwoordingsonderzoek 2013 bij het Ministerie van Volksgezondheid, Welzijn en Sport	https://www.rekenkamer.nl/binaries/rekenkamer/documenten/kamerstukken/2014/06/11/beantwoording-kamervragen-over-het-rapport-resultaten-verantwoordingsonderzoek-2013-bij-het-ministerie-van-volksgezondheid-welzijn-en-sport/Antwoorden_op_Kamervragen_over_Resultaten_verantwoordingsonderzoek_2013_bij_het_Ministerie_van_VWS.pdf	2014-06-11	33 930 XVI, nr. 2	Beantwoording vragen Tweede Kamer over het Rapport bij het Jaarverslag 2013 van het Ministerie van Volksgezondheid, Welzijn en Sport	11 juni 2014	2013-2014	13	Hoeveel geld levert het op als instellingen zelf indiceren?	Dit is niet door de Algemene Rekenkamer onderzocht.			DEFL	H	De AR geeft expliciet aan dat dit niet is onderzocht, zonder enige inhoudelijke beantwoording. Dit is een klassiek DEFL-antwoord.	SCOPE	
32	rekenkamer__kamerstuk:2014:06:11:beantwoording-kamervragen-over-het-rapport-resultaten-verantwoordingsonderzoek-2013-bij-het-ministerie-van-volksgezondheid-welzijn-en-sport	Beantwoording Kamervragen over het rapport Resultaten verantwoordingsonderzoek 2013 bij het Ministerie van Volksgezondheid, Welzijn en Sport	https://www.rekenkamer.nl/binaries/rekenkamer/documenten/kamerstukken/2014/06/11/beantwoording-kamervragen-over-het-rapport-resultaten-verantwoordingsonderzoek-2013-bij-het-ministerie-van-volksgezondheid-welzijn-en-sport/Antwoorden_op_Kamervragen_over_Resultaten_verantwoordingsonderzoek_2013_bij_het_Ministerie_van_VWS.pdf	2014-06-11	33 930 XVI, nr. 2	Beantwoording vragen Tweede Kamer over het Rapport bij het Jaarverslag 2013 van het Ministerie van Volksgezondheid, Welzijn en Sport	11 juni 2014	2013-2014	14	Hoeveel instellingen hebben er doelbewust meer zorg geïndiceerd? Waarom worden er geen boetes opgelegd?	Hoeveel instellingen doelbewust meer zorg indiceren, is niet onderzocht door de Algemene Rekenkamer. In september 2013 heeft de staatssecretaris van VWS een brief en rapport verstuurd aan de Tweede Kamer over een onderzoek naar de omvang van 'upcoding' bij gemandateerde indicatiestellingen. In 2013 zijn geen boetes opgelegd omdat deze mogelijkheid er in 2013 niet was. In zijn brief aan de Tweede Kamer geeft de staatssecretaris van VWS aan deze optie te verkennen.			DEFL	M	De AR geeft expliciet aan dat zij het aantal instellingen niet heeft onderzocht en verwijst voor de inhoud naar de staatssecretaris van VWS. De feitelijke informatie over boetes is minimaal en komt neer op een verwijzing naar de staatssecretaris. Het antwoord bevat geen substantieel eigen onderzoeksresultaat of oordeel, waardoor DEFL de beste classificatie is, al is er een kleine feitelijke component (geen boetes mogelijk in 2013).	NO_DATA	
32	rekenkamer__kamerstuk:2014:06:11:beantwoording-kamervragen-over-het-rapport-resultaten-verantwoordingsonderzoek-2013-bij-het-ministerie-van-volksgezondheid-welzijn-en-sport	Beantwoording Kamervragen over het rapport Resultaten verantwoordingsonderzoek 2013 bij het Ministerie van Volksgezondheid, Welzijn en Sport	https://www.rekenkamer.nl/binaries/rekenkamer/documenten/kamerstukken/2014/06/11/beantwoording-kamervragen-over-het-rapport-resultaten-verantwoordingsonderzoek-2013-bij-het-ministerie-van-volksgezondheid-welzijn-en-sport/Antwoorden_op_Kamervragen_over_Resultaten_verantwoordingsonderzoek_2013_bij_het_Ministerie_van_VWS.pdf	2014-06-11	33 930 XVI, nr. 2	Beantwoording vragen Tweede Kamer over het Rapport bij het Jaarverslag 2013 van het Ministerie van Volksgezondheid, Welzijn en Sport	11 juni 2014	2013-2014	15	De zorginstelling neemt de indicerende rol van het Centrum Indicatiestelling Zorg (CIZ) over; is het CIZ wel de aangewezen instantie om de zorginstelling te controleren? Is het CIZ wel onafhankelijk in dezen?	Het antwoord op deze vraag is niet door de Algemene Rekenkamer op basis van onderzoek te geven.			DEFL	H	De AR geeft expliciet aan dat zij deze vraag niet op basis van onderzoek kan beantwoorden, zonder enige inhoudelijke bijdrage. Dit is een klassiek DEFL-antwoord.	SCOPE	
34	rekenkamer__kamerstuk:2014:06:13:beantwoording-kamervragen-over-het-rapport-resultaten-verantwoordingsonderzoek-2013-bij-het-ministerie-van-financien	Beantwoording Kamervragen over het rapport Resultaten verantwoordingsonderzoek 2013 bij het Ministerie van Financiën	https://www.rekenkamer.nl/binaries/rekenkamer/documenten/kamerstukken/2014/06/13/beantwoording-kamervragen-over-het-rapport-resultaten-verantwoordingsonderzoek-2013-bij-het-ministerie-van-financien/Antwoorden_op_Kamervragen_over_Resultaten_verantwoordingsonderzoek_2013_bij_het_Ministerie_van_Financien.pdf	2014-06-13	33 930 IX	Beantwoording vragen Tweede Kamer over de Resultaten verantwoordingsonderzoek 2013 bij het Ministerie van Financiën	13 juni 2014	2013-2014	4	Een deel van de afname van de garantie aan het EFSF kan worden verklaard vanuit een verschuiving van activiteiten naar het ESM, maar de totaal uitstaande garanties op eurozonelanden zijn afgenomen, terwijl het totale risico voor de Nederlandse staat hoger is dan alleen garanties en geleende bedragen. Vindt de Rekenkamer de verlaging van de garantie aan het EFSF gerechtvaardigd door daadwerkelijk lagere risico's?	Voor het EFSF geldt dat het plafond van de Nederlandse garantie is teruggebracht omdat nieuwe steunaanvragen per juli 2013 niet meer via het EFSF, maar via het ESM worden afgehandeld. Wij hebben niet in het onderzoek betrokken of met deze verlaging het risico dat Nederland loopt op de resterende garantstelling voor het EFSF op de bedragen die deze instelling reeds heeft uitgeleend, anders uitvalt.			DEFL	H	De AR legt uit waarom de garantie is verlaagd (feitelijke context), maar geeft vervolgens expliciet aan dat zij niet heeft onderzocht of het risico daadwerkelijk lager is. De gestelde vraag wordt daarmee niet inhoudelijk beantwoord; het is een klassieke deflectie ('wij hebben niet in het onderzoek betrokken').	SCOPE	
35	rekenkamer__kamerstuk:2014:06:13:beantwoording-kamervragen-over-het-rapport-resultaten-verantwoordingsonderzoek-2013-bij-het-ministerie-van-infrastructuur-en-milieu	Beantwoording Kamervragen over het rapport Resultaten verantwoordingsonderzoek 2013 bij het Ministerie van Infrastructuur en Milieu	https://www.rekenkamer.nl/binaries/rekenkamer/documenten/kamerstukken/2014/06/13/beantwoording-kamervragen-over-het-rapport-resultaten-verantwoordingsonderzoek-2013-bij-het-ministerie-van-infrastructuur-en-milieu/Antwoorden_op_Kamervragen_over_Resultaten_verantwoordingsonderzoek_2013_bij_IenM.pdf	2014-06-13	33 930 XII, nr. 1	Beantwoording vragen Tweede Kamer over de Resultaten verantwoordingsonderzoek 2013 bij het Ministerie van Infrastructuur en Milieu	13 juni 2014	2013-2014	7	Kunt u toelichten wat de maatschappelijke baten zijn van het beleid voor energiezuinige auto's op het vlak van gezondheid; dit mede in het licht van de fijnstofreductie, en zijn deze baten meegenomen in het oordeel van de Rekenkamer over het nut van dit beleid?	Hier hebben wij in het kader van ons Verantwoordingsonderzoek 2013 geen onderzoek naar gedaan.			DEFL	H	De AR geeft expliciet aan dit niet onderzocht te hebben en levert geen inhoudelijk antwoord op de gestelde vraag.	SCOPE	
35	rekenkamer__kamerstuk:2014:06:13:beantwoording-kamervragen-over-het-rapport-resultaten-verantwoordingsonderzoek-2013-bij-het-ministerie-van-infrastructuur-en-milieu	Beantwoording Kamervragen over het rapport Resultaten verantwoordingsonderzoek 2013 bij het Ministerie van Infrastructuur en Milieu	https://www.rekenkamer.nl/binaries/rekenkamer/documenten/kamerstukken/2014/06/13/beantwoording-kamervragen-over-het-rapport-resultaten-verantwoordingsonderzoek-2013-bij-het-ministerie-van-infrastructuur-en-milieu/Antwoorden_op_Kamervragen_over_Resultaten_verantwoordingsonderzoek_2013_bij_IenM.pdf	2014-06-13	33 930 XII, nr. 1	Beantwoording vragen Tweede Kamer over de Resultaten verantwoordingsonderzoek 2013 bij het Ministerie van Infrastructuur en Milieu	13 juni 2014	2013-2014	8	Kunt u aangeven in welke mate Nederland tweedehands energiezuinige auto's importeert, en hoe dit zich verhoudt tot andere categorieën auto's?	De Algemene Rekenkamer beschikt niet over informatie om deze vraag te kunnen beantwoorden.			DEFL	H	De AR geeft expliciet aan niet over de informatie te beschikken om de vraag te beantwoorden. Er wordt geen inhoudelijk antwoord gegeven, wat een duidelijk geval van DEFL is.	NO_DATA	
35	rekenkamer__kamerstuk:2014:06:13:beantwoording-kamervragen-over-het-rapport-resultaten-verantwoordingsonderzoek-2013-bij-het-ministerie-van-infrastructuur-en-milieu	Beantwoording Kamervragen over het rapport Resultaten verantwoordingsonderzoek 2013 bij het Ministerie van Infrastructuur en Milieu	https://www.rekenkamer.nl/binaries/rekenkamer/documenten/kamerstukken/2014/06/13/beantwoording-kamervragen-over-het-rapport-resultaten-verantwoordingsonderzoek-2013-bij-het-ministerie-van-infrastructuur-en-milieu/Antwoorden_op_Kamervragen_over_Resultaten_verantwoordingsonderzoek_2013_bij_IenM.pdf	2014-06-13	33 930 XII, nr. 1	Beantwoording vragen Tweede Kamer over de Resultaten verantwoordingsonderzoek 2013 bij het Ministerie van Infrastructuur en Milieu	13 juni 2014	2013-2014	11	Is het aanpakken van de beveiliging tegen cornputerhackers van wegen en vaarwegen in 2015 en 2016 alert genoeg?	Wij kunnen nog geen oordeel geven over de beveiliging tegen computerhackers van het hoofdvaarwegennet en hoofdwegennet, omdat de aanpak, de maatregelen en de financiering nog niet voldoende concreet zijn.			DEFL	M	De AR geeft expliciet aan nog geen oordeel te kunnen geven vanwege onvoldoende concrete informatie. Hoewel er een impliciete reden wordt gegeven (aanpak/maatregelen/financiering niet concreet genoeg), is de kern dat de vraag niet substantieel wordt beantwoord. Wel zou het 'niet voldoende concreet' als impliciet oordeel kunnen gelden, maar de hoofdboodschap is dat de AR de vraag niet kan beantwoorden.	NO_DATA	
39	rekenkamer__kamerstuk:2014:06:13:beantwoording-kamervragen-over-het-rapport-staat-van-de-rijksverantwoording-2013	Beantwoording Kamervragen over het rapport Staat van de rijksverantwoording 2013	https://www.rekenkamer.nl/binaries/rekenkamer/documenten/kamerstukken/2014/06/13/beantwoording-kamervragen-over-het-rapport-staat-van-de-rijksverantwoording-2013/Antwoorden_op_Kamervragen_over_Staat_van_de_rijksverantwoording_2013_rijksbrede_resultaten_en_themas.pdf	2014-06-13	33 930, nr. 1	Beantwoording vragen Tweede Kamer over 'Staat van de rijksverantwoording 2013, rijksbrede resultaten en thema's'	13 juni 2014	2013-2014	1	Welke conclusie moet worden getrokken indien bij het beoordelingsmoment blijkt dat de decentralisaties per 1 januari 2015 niet haalbaar en/of verantwoord zijn?	Het beoordelingsmoment is er vooral op gericht om te beoordelen wat nog nodig is bij gemeenten en/of Rijk om tot een verantwoorde overdracht over te kunnen gaan en niet bedoeld als go-no go moment.			DEFL	M	De AR beantwoordt de hypothetische vraag niet inhoudelijk (welke conclusie dan getrokken moet worden), maar verduidelijkt alleen de aard van het beoordelingsmoment zonder zelf een standpunt in te nemen of een aanbeveling te doen over wat er zou moeten gebeuren. De vraag wordt feitelijk ontweken.	SCOPE	
39	rekenkamer__kamerstuk:2014:06:13:beantwoording-kamervragen-over-het-rapport-staat-van-de-rijksverantwoording-2013	Beantwoording Kamervragen over het rapport Staat van de rijksverantwoording 2013	https://www.rekenkamer.nl/binaries/rekenkamer/documenten/kamerstukken/2014/06/13/beantwoording-kamervragen-over-het-rapport-staat-van-de-rijksverantwoording-2013/Antwoorden_op_Kamervragen_over_Staat_van_de_rijksverantwoording_2013_rijksbrede_resultaten_en_themas.pdf	2014-06-13	33 930, nr. 1	Beantwoording vragen Tweede Kamer over 'Staat van de rijksverantwoording 2013, rijksbrede resultaten en thema's'	13 juni 2014	2013-2014	2	Kan de belastingfraude worden uitgesplitst naar belastingsoort?	De Algemene Rekenkamer beschikt niet over deze gegevens. Technisch is het mogelijk. De Britse belastingdienst maakt een uitgebreide onderverdeling van de Tax Gap naar soort en oorzaak. Zie daarvoor: http://webarchive.nationalarchives.gov.uk/*/http://www.hmrc.gov.uk/statistics/taxgaps/mtg-2013.pdf.			DEFL	H	De AR geeft aan niet over de gevraagde gegevens te beschikken en verwijst naar een externe bron (de Britse belastingdienst) in plaats van zelf een inhoudelijk antwoord te geven. Dit is een klassieke deflectie: geen substantieel antwoord op de gestelde vraag.	NO_DATA	
39	rekenkamer__kamerstuk:2014:06:13:beantwoording-kamervragen-over-het-rapport-staat-van-de-rijksverantwoording-2013	Beantwoording Kamervragen over het rapport Staat van de rijksverantwoording 2013	https://www.rekenkamer.nl/binaries/rekenkamer/documenten/kamerstukken/2014/06/13/beantwoording-kamervragen-over-het-rapport-staat-van-de-rijksverantwoording-2013/Antwoorden_op_Kamervragen_over_Staat_van_de_rijksverantwoording_2013_rijksbrede_resultaten_en_themas.pdf	2014-06-13	33 930, nr. 1	Beantwoording vragen Tweede Kamer over 'Staat van de rijksverantwoording 2013, rijksbrede resultaten en thema's'	13 juni 2014	2013-2014	3	Kan de sociale uitkeringsfraude worden uitgesplitst naar uitkeringssoort?	De Algemene Rekenkamer beschikt niet over deze gegevens. Over de geconstateerde overtredingen rapporteert het Ministerie van SZW in haar jaarverslag per uitkeringssoort (diverse kerncijfers fraude en handhaving).			DEFL	H	De AR geeft aan niet over de gevraagde gegevens te beschikken en verwijst door naar het Ministerie van SZW. Er wordt geen inhoudelijk antwoord op de vraag geleverd, wat duidelijk DEFL is.	NO_DATA	
43	rekenkamer__kamerstuk:2015:04:22:beantwoording-kamervragen-over-het-rapport-bezuiniging-op-cultuur	Beantwoording Kamervragen over het rapport Bezuiniging op cultuur	https://www.rekenkamer.nl/binaries/rekenkamer/documenten/kamerstukken/2015/04/22/beantwoording-kamervragen-over-het-rapport-bezuiniging-op-cultuur/Brief_aan_TK_beantwoording_vragen_Bezuiniging_cultuur.pdf	2015-04-22	2015D09109	Beantwoording vragen Tweede Kamer bij de publicatie Bezuiniging op cultuur; Realisatie en effect	22 april 2015	<UNKNOWN>	5	Welke 23 instellingen zijn gestopt als gevolg van het niet meer krijgen van rijkssubsidie?	Wij beschikken over onvoldoende informatie om een lijst te geven van de 23 instellingen, die zijn gestopt nadat ze geen rijkssubsidie meer ontvingen. Deze informatie is niet openbaar beschikbaar. We hebben de informatie gedurende het onderzoek bovendien niet opgevraagd bij het Ministerie van OCW, omdat die niet relevant was voor de beantwoording van onze onderzoeksvragen. In onze publicatie geven wij over deze 23 instellingen overigens aan dat onduidelijk is of, en in hoeverre de bezuiniging de directe aanleiding voor het stoppen is geweest.		32 820, nr. 124: Cultuur in Beeld 2014	DEFL	H	De AR geeft expliciet aan niet over de gevraagde informatie te beschikken, deze niet te hebben opgevraagd en niet openbaar beschikbaar te hebben. Er wordt geen substantieel inhoudelijk antwoord op de vraag gegeven; dit is een klassieke deflectie.	NO_DATA	
43	rekenkamer__kamerstuk:2015:04:22:beantwoording-kamervragen-over-het-rapport-bezuiniging-op-cultuur	Beantwoording Kamervragen over het rapport Bezuiniging op cultuur	https://www.rekenkamer.nl/binaries/rekenkamer/documenten/kamerstukken/2015/04/22/beantwoording-kamervragen-over-het-rapport-bezuiniging-op-cultuur/Brief_aan_TK_beantwoording_vragen_Bezuiniging_cultuur.pdf	2015-04-22	2015D09109	Beantwoording vragen Tweede Kamer bij de publicatie Bezuiniging op cultuur; Realisatie en effect	22 april 2015	<UNKNOWN>	7	"Hoe verklaart de Algemene Rekenkamer de negatieve ontwikkeling van de eigen inkomsten bij BIS-instellingen in de groepen ""theater"" ""festivals""?"	Op basis van ons onderzoek kunnen wij de groei of daling van de eigen inkomsten bij de deelsectoren niet verklaren. Hiervoor beschikken wij over onvoldoende detailinformatie over de eigen inkomsten van de rijksgesubsidieerde instellingen. Zo constateren wij dat de categorie overige eigen inkomsten niet uitgesplitst is, waardoor onduidelijk is welke soort eigen inkomsten (zoals sponsorinkomsten, particuliere giften of inkomsten uit commerciële activiteiten) het meest hebben bijgedragen aan de geconstateerde ontwikkeling.			DEFL	H	De AR geeft expliciet aan dat zij de ontwikkeling niet kan verklaren wegens onvoldoende detailinformatie. Er wordt geen substantieel inhoudelijk antwoord op de vraag gegeven; de uitleg waarom ze niet kunnen antwoorden maakt het nog steeds DEFL.	SCOPE	
43	rekenkamer__kamerstuk:2015:04:22:beantwoording-kamervragen-over-het-rapport-bezuiniging-op-cultuur	Beantwoording Kamervragen over het rapport Bezuiniging op cultuur	https://www.rekenkamer.nl/binaries/rekenkamer/documenten/kamerstukken/2015/04/22/beantwoording-kamervragen-over-het-rapport-bezuiniging-op-cultuur/Brief_aan_TK_beantwoording_vragen_Bezuiniging_cultuur.pdf	2015-04-22	2015D09109	Beantwoording vragen Tweede Kamer bij de publicatie Bezuiniging op cultuur; Realisatie en effect	22 april 2015	<UNKNOWN>	9	De Algemene Rekenkamer geeft een verklaring voor de stijging van het aantal gemiddelde bezoekers aan voorstellingen in het buitenland, maar hoe verklaart de Algemene Rekenkamer de daling van het gemiddelde aantal bezoekers bij voorstellingen in Nederland?	Op basis van ons onderzoek kunnen wij noch de groei van het gemiddeld aantal bezoekers aan voorstellingen in het buitenland noch de daling van het gemiddeld aantal bezoekers bij voorstellingen in Nederland verklaren, omdat wij dit niet specifiek onderzocht hebben. Om verklaringen te kunnen geven voor de groei of daling van het gemiddeld aantal bezoekers per voorstelling, is inzicht nodig in de ontwikkeling van de bezettingsgraad van voorstellingen. Deze informatie hebben wij tijdens ons onderzoek niet aangetroffen. Wel hebben we getracht een mogelijke oorzaak voor het aanzienlijke groeipercentage van het gemiddelde aantal bezoekers bij voorstellingen in het buitenland (178,3%) aan te wijzen. Wij willen hierbij benadrukken dat we hiermee geen sluitende verklaring hebben willen geven.			DEFL	H	De AR geeft expliciet aan dat zij de daling niet kan verklaren omdat dit niet specifiek is onderzocht en de benodigde informatie ontbreekt. Er wordt geen substantieel inhoudelijk antwoord op de vraag gegeven; het is een klassieke deflectie ('dit hebben wij niet onderzocht').	SCOPE	
44	rekenkamer__kamerstuk:2015:05:20:beantwoording-kamervragen-over-de-webpublicatie-belastinguitgaven-en-milieueffecten	Beantwoording Kamervragen over de webpublicatie 'Belastinguitgaven en milieueffecten'	https://www.rekenkamer.nl/binaries/rekenkamer/documenten/kamerstukken/2015/05/20/beantwoording-kamervragen-over-de-webpublicatie-belastinguitgaven-en-milieueffecten/Beantwoording_vragen_TK_Belastinguitgaven_en_milieueffecten.pdf	2015-05-20	34000, nr. 54	Beantwoording vragen Tweede Kamer bij webpublicatie 'Belastinguitgaven en milieueffecten'	20 mei 2015	2014-2015	3	De Algemene Rekenkamer benoemt terecht zowel de doelstellingen van regelingen als de milieueffecten van regelingen. Beide zijn van belang, en beide zouden tegen elkaar moeten worden afgezet. Hoe zouden beleidsdoelstellingen en milieueffecten tegen elkaar zijn af te wegen?	Het tegen elkaar afwegen van beleidsdoelstellingen en milieueffecten is een politieke afweging. Daarbij kunnen hulpmiddelen worden gebruikt, zoals rekenmethoden waarmee zowel (economische) beleidseffecten als milieueffecten van een regeling worden geschat. De schattingen zijn complex en kennen zodoende onzekerheidsmarges.			DEFL	M	De AR geeft aan dat het afwegen van beleidsdoelstellingen en milieueffecten een politieke afweging is en verwijst daarmee impliciet naar de politiek/minister. Hoewel er een korte toelichting wordt gegeven over mogelijke hulpmiddelen, neemt de AR zelf geen inhoudelijk standpunt in en beantwoordt de vraag niet substantieel. Het alternatief FEIT is plausibel vanwege de vermelding van rekenmethoden, maar de kern is deflectie naar de politieke arena.	MIN_POL	
44	rekenkamer__kamerstuk:2015:05:20:beantwoording-kamervragen-over-de-webpublicatie-belastinguitgaven-en-milieueffecten	Beantwoording Kamervragen over de webpublicatie 'Belastinguitgaven en milieueffecten'	https://www.rekenkamer.nl/binaries/rekenkamer/documenten/kamerstukken/2015/05/20/beantwoording-kamervragen-over-de-webpublicatie-belastinguitgaven-en-milieueffecten/Beantwoording_vragen_TK_Belastinguitgaven_en_milieueffecten.pdf	2015-05-20	34000, nr. 54	Beantwoording vragen Tweede Kamer bij webpublicatie 'Belastinguitgaven en milieueffecten'	20 mei 2015	2014-2015	4	Hoe beoordeelt u de kwaliteit van de evaluaties op basis waarvan de effectiviteit nu wordt getoetst?	Wij hebben de (methodologische) kwaliteit van de in opdracht van de minister gemaakte evaluaties die we in ons overzicht hebben opgenomen, niet beoordeeld.			DEFL	H	De AR geeft expliciet aan dat zij de kwaliteit van de evaluaties niet heeft beoordeeld. Er wordt geen inhoudelijk antwoord op de vraag gegeven; dit is een klassiek 'niet onderzocht'-antwoord.	SCOPE	
44	rekenkamer__kamerstuk:2015:05:20:beantwoording-kamervragen-over-de-webpublicatie-belastinguitgaven-en-milieueffecten	Beantwoording Kamervragen over de webpublicatie 'Belastinguitgaven en milieueffecten'	https://www.rekenkamer.nl/binaries/rekenkamer/documenten/kamerstukken/2015/05/20/beantwoording-kamervragen-over-de-webpublicatie-belastinguitgaven-en-milieueffecten/Beantwoording_vragen_TK_Belastinguitgaven_en_milieueffecten.pdf	2015-05-20	34000, nr. 54	Beantwoording vragen Tweede Kamer bij webpublicatie 'Belastinguitgaven en milieueffecten'	20 mei 2015	2014-2015	5	Welke mogelijkheden ziet u om in het nieuwe belastingstelsel vergroening en verduurzaming te verweven?	Het antwoord op de vraag hoe vergroening en verduurzaming in het nieuwe belastingstelsel kunnen worden verweven, is een kwestie van politieke afwegingen en keuzes. Daarbij is goede beleidsinformatie, waarbij alle relevante aspecten in ogenschouw worden genomen, behulpzaam. Zie in dit verband ook ons antwoord op vraag 3.			DEFL	H	De AR beantwoordt de vraag niet inhoudelijk maar verwijst naar politieke afwegingen en naar het antwoord op een andere vraag. Er wordt geen eigen standpunt, feit, verklaring of aanbeveling gegeven over hoe vergroening in het belastingstelsel kan worden verweven.	MIN_POL	
44	rekenkamer__kamerstuk:2015:05:20:beantwoording-kamervragen-over-de-webpublicatie-belastinguitgaven-en-milieueffecten	Beantwoording Kamervragen over de webpublicatie 'Belastinguitgaven en milieueffecten'	https://www.rekenkamer.nl/binaries/rekenkamer/documenten/kamerstukken/2015/05/20/beantwoording-kamervragen-over-de-webpublicatie-belastinguitgaven-en-milieueffecten/Beantwoording_vragen_TK_Belastinguitgaven_en_milieueffecten.pdf	2015-05-20	34000, nr. 54	Beantwoording vragen Tweede Kamer bij webpublicatie 'Belastinguitgaven en milieueffecten'	20 mei 2015	2014-2015	9	Bent u bereid nader onderzoek te (laten) doen naar de effectiviteit van de zeven belastinguitgaven die zijn gericht op verbetering van het milieu die tot op heden niet zijn geëvalueerd of waar geen effectiviteitsuitspraak over is gedaan en de kamer hier nader over te informeren?	Het is aan de verantwoordelijke minister om hiernaar nader onderzoek te (laten) doen, conform artikel 20 van de Comptabiliteitswet 2001 en de Regeling Periodiek Evaluatieonderzoek (RPE). Deze vraag moet u aan de desbetreffende minister(s) voorleggen.			DEFL	H	De AR beantwoordt de vraag niet inhoudelijk maar verwijst door naar de verantwoordelijke minister(s), met als argument dat dit conform de Comptabiliteitswet de verantwoordelijkheid van de minister is. Er is geen substantiële inhoud; dit is een klassiek DEFL-patroon.	MIN_POL	
44	rekenkamer__kamerstuk:2015:05:20:beantwoording-kamervragen-over-de-webpublicatie-belastinguitgaven-en-milieueffecten	Beantwoording Kamervragen over de webpublicatie 'Belastinguitgaven en milieueffecten'	https://www.rekenkamer.nl/binaries/rekenkamer/documenten/kamerstukken/2015/05/20/beantwoording-kamervragen-over-de-webpublicatie-belastinguitgaven-en-milieueffecten/Beantwoording_vragen_TK_Belastinguitgaven_en_milieueffecten.pdf	2015-05-20	34000, nr. 54	Beantwoording vragen Tweede Kamer bij webpublicatie 'Belastinguitgaven en milieueffecten'	20 mei 2015	2014-2015	15	U geeft aan dat het financiële belang van belastinguitgaven ruim drie keer zo groot is als dat van subsidies. Wat ziet de Algemene Rekenkamer als belangrijkste reden voor het grote aandeel belastinguitgaven vis à vis subsidieregelingen? Welk resultaat krijg je als je de twee groepen vergelijkt op basis van de omvang van milieueffecten? Welk middel is dan effectiever?	Wij hebben niet onderzocht waarom het aandeel belastinguitgaven groter is dan subsidieregelingen en welk middel per doelstelling effectiever is.			DEFL	H	De AR geeft expliciet aan dat zij dit niet heeft onderzocht en beantwoordt de vraag niet inhoudelijk. Er is geen substantiële inhoud aanwezig, dus DEFL is het enige passende label.	SCOPE	
44	rekenkamer__kamerstuk:2015:05:20:beantwoording-kamervragen-over-de-webpublicatie-belastinguitgaven-en-milieueffecten	Beantwoording Kamervragen over de webpublicatie 'Belastinguitgaven en milieueffecten'	https://www.rekenkamer.nl/binaries/rekenkamer/documenten/kamerstukken/2015/05/20/beantwoording-kamervragen-over-de-webpublicatie-belastinguitgaven-en-milieueffecten/Beantwoording_vragen_TK_Belastinguitgaven_en_milieueffecten.pdf	2015-05-20	34000, nr. 54	Beantwoording vragen Tweede Kamer bij webpublicatie 'Belastinguitgaven en milieueffecten'	20 mei 2015	2014-2015	16	Welke stappen zijn sinds 2012 op Europees niveau gezet om te werken aan een definitie van milieuschadelijke regelingen om vervolgens op Europees niveau naar mogelijk afschaffing te kijken? Welke rol heeft Nederland hierin gespeeld?	In Europees verband zijn studies verricht om milieubelastende subsidies te identificeren. Voor actuele informatie verwijzen we naar de verantwoordelijke bewindspersoon.			DEFL	H	De AR geeft minimaal eigen inhoud en verwijst voor actuele informatie naar de verantwoordelijke bewindspersoon. Het antwoord beantwoordt de vraag niet substantieel; de verwijzing naar de minister is kenmerkend voor DEFL.	MIN_POL	
44	rekenkamer__kamerstuk:2015:05:20:beantwoording-kamervragen-over-de-webpublicatie-belastinguitgaven-en-milieueffecten	Beantwoording Kamervragen over de webpublicatie 'Belastinguitgaven en milieueffecten'	https://www.rekenkamer.nl/binaries/rekenkamer/documenten/kamerstukken/2015/05/20/beantwoording-kamervragen-over-de-webpublicatie-belastinguitgaven-en-milieueffecten/Beantwoording_vragen_TK_Belastinguitgaven_en_milieueffecten.pdf	2015-05-20	34000, nr. 54	Beantwoording vragen Tweede Kamer bij webpublicatie 'Belastinguitgaven en milieueffecten'	20 mei 2015	2014-2015	17	Kunt u toelichten waar het van afhankelijk is of de genoemde belastinguitgaven met mogelijk negatieve milieueffecten daadwerkelijk negatieve milieugevolgen hebben?	Wij hebben niet onderzocht waarvan het afhankelijk is of belastinguitgaven daadwerkelijk negatieve milieugevolgen hebben. In ons antwoord op vraag 3 verwijzen we naar methodes die deze dergelijke gevolgen kunnen schatten.			DEFL	H	De AR geeft expliciet aan dit niet onderzocht te hebben ('Wij hebben niet onderzocht...') en verwijst voor verdere informatie naar een ander antwoord. Er wordt geen substantiële inhoud gegeven op de gestelde vraag.	SCOPE	
44	rekenkamer__kamerstuk:2015:05:20:beantwoording-kamervragen-over-de-webpublicatie-belastinguitgaven-en-milieueffecten	Beantwoording Kamervragen over de webpublicatie 'Belastinguitgaven en milieueffecten'	https://www.rekenkamer.nl/binaries/rekenkamer/documenten/kamerstukken/2015/05/20/beantwoording-kamervragen-over-de-webpublicatie-belastinguitgaven-en-milieueffecten/Beantwoording_vragen_TK_Belastinguitgaven_en_milieueffecten.pdf	2015-05-20	34000, nr. 54	Beantwoording vragen Tweede Kamer bij webpublicatie 'Belastinguitgaven en milieueffecten'	20 mei 2015	2014-2015	19	Bent u bereid nader onderzoek te (laten) doen naar de effectiviteit van de vier belastinguitgaven die mogelijk milieubelastend zijn maar die tot op heden niet zijn geëvalueerd of waar geen effectiviteitsuitspraken over zijn gedaan en de Kamer hier nader over te informeren?	Het is aan de verantwoordelijke minister om hiernaar nader onderzoek te (laten) doen, conform artikel 20 van de Comptabiliteitswet 2001 en de Regeling Periodiek Evaluatieonderzoek (RPE). Deze vraag moet u aan de desbetreffende minister(s) voorleggen.			DEFL	H	De AR beantwoordt de vraag niet inhoudelijk maar verwijst door naar de verantwoordelijke minister en geeft aan dat het aan de minister is om dit te doen. Dit is een klassiek DEFL-patroon: geen substantieel antwoord, enkel doorverwijzing.	MIN_POL	
46	rekenkamer__kamerstuk:2015:06:03:beantwoording-kamervragen-over-het-trendrapport-open-data-2015	Beantwoording Kamervragen over het Trendrapport open data 2015	https://www.rekenkamer.nl/binaries/rekenkamer/documenten/kamerstukken/2015/06/03/beantwoording-kamervragen-over-het-trendrapport-open-data-2015/Antwoorden_TKvragen_Trendrapport_open_data.pdf	2015-06-03	32802, nr. 11	Beantwoording vragen Tweede Kamer bij de publicatie Trendrapport open data 2015	3 juni 2015	2014-2015	5	In hoeverre is de praktijk van de National Health Service (NHS) in het Verenigd Koninkrijk toe te passen in de Zorgverzekeringswet (ZVW) met privaatrechtelijke verzekeraars?	De minister van VWS heeft mede als doel het 'scheppen van randvoorwaarden om het zorgstelsel te laten werken zodat de kwaliteit, de toegankelijkheid en de betaalbaarheid van de zorg voor de burger is gewaarborgd' (zie Begroting 2015 Ministerie van VWS). Op basis hiervan en gegeven de Organisatie van de Nederlandse gezondheidszorg zet de minister van VWS zich al in voor meer open data in de zorg. Dit doet ze hoofdzakelijk via eigen websites zoals www.zorgopdekaart.nl en www.monitorlangdurigezorg.nl. Voor de minister van VWS is 2015 het jaar van de transparantie. In dat kader zet ze verdere stappen op het gebied van open data. In haar brief aan de Tweede Kamer van 7 mei 2015 kondigt ze verschillende initiatieven aan die meer open data in de zorg moeten opleveren. Of dat de praktijk van de National Health Service zal evenaren, is op dit moment lastig te beantwoorden. Hiervoor is aanvullend onderzoek nodig. Voor de beheersing van de zorguitgaven is het overigens van belang dat data over geldstromen in de zorg en de daarvoor geleverde prestaties eerder en op groter detailniveau beschikbaar komen. Dit kan bijvoorbeeld via het Zorginstituut Nederland dat nu al deze gegevens op meer geaggregeerd niveau ontsluit via www.zorgcijfersdatabank.nl.		Begroting 2015 Ministerie van VWS: randvoorwaarden zorgstelsel	DEFL	M	De AR beantwoordt de kernvraag (in hoeverre de NHS-praktijk toepasbaar is in het ZVW-stelsel) niet substantieel: ze geeft aan dat dit 'lastig te beantwoorden' is en dat 'aanvullend onderzoek nodig' is. De rest is feitelijke context over bestaand beleid, maar de eigenlijke vraag wordt gedeflecteerd. Hoewel er enige feitelijke inhoud en een lichte aanbeveling over data-ontsluiting aanwezig is, overheerst het niet-beantwoorden van de gestelde vraag. De slotzin bevat een licht adviesachtig element, maar is te impliciet om ADV te rechtvaardigen.	NO_DATA	
46	rekenkamer__kamerstuk:2015:06:03:beantwoording-kamervragen-over-het-trendrapport-open-data-2015	Beantwoording Kamervragen over het Trendrapport open data 2015	https://www.rekenkamer.nl/binaries/rekenkamer/documenten/kamerstukken/2015/06/03/beantwoording-kamervragen-over-het-trendrapport-open-data-2015/Antwoorden_TKvragen_Trendrapport_open_data.pdf	2015-06-03	32802, nr. 11	Beantwoording vragen Tweede Kamer bij de publicatie Trendrapport open data 2015	3 juni 2015	2014-2015	7	Bij welke ministeries en/of beleidsterreinen kunnen er wat betreft open data eenvoudig grote stappen gezet worden of quick wins behaald worden en hoe kan dat?	Hiervoor is de rijksbrede data-inventarisatie van belang. De minister van BZK coördineert deze op dit moment. Departementen moeten daarvoor inventariseren over welke data ze beschikken, welke data openbaar zijn en welke data opengemaakt kunnen worden. Juni 2015 moeten de resultaten beschikbaar zijn en wordt de Tweede Kamer hierover geïnformeerd. Een gedegen analyse van deze inventarisatie kan zicht geven op waar de overheid zonder veel moeite snel meer open data kan ontsluiten.			DEFL	H	De AR beantwoordt de vraag niet inhoudelijk maar verwijst naar een lopende inventarisatie van de minister van BZK waarvan de resultaten nog niet beschikbaar zijn. Er wordt geen eigen analyse, oordeel of aanbeveling gegeven over welke ministeries quick wins kunnen behalen.	FUTURE	
46	rekenkamer__kamerstuk:2015:06:03:beantwoording-kamervragen-over-het-trendrapport-open-data-2015	Beantwoording Kamervragen over het Trendrapport open data 2015	https://www.rekenkamer.nl/binaries/rekenkamer/documenten/kamerstukken/2015/06/03/beantwoording-kamervragen-over-het-trendrapport-open-data-2015/Antwoorden_TKvragen_Trendrapport_open_data.pdf	2015-06-03	32802, nr. 11	Beantwoording vragen Tweede Kamer bij de publicatie Trendrapport open data 2015	3 juni 2015	2014-2015	9	Wat zijn de redenen dat de door de Kamer gevraagde datasets (nog) niet beschikbaar zijn of kunnen worden gesteld?	Wij hebben in ons onderzoek niet onderzocht welke redenen departementen aanvoeren om de gevraagde datasets niet beschikbaar te stellen.			DEFL	H	De AR geeft expliciet aan dat zij dit niet heeft onderzocht en levert geen inhoudelijk antwoord op de vraag. Dit is een klassiek DEFL-patroon.	SCOPE	
47	rekenkamer__kamerstuk:2016:04:28:beantwoording-kamervragen-over-het-rapport-intensivering-toezicht-en-invordering-bij-de-belastingdienst	Beantwoording Kamervragen over het rapport Intensivering toezicht en invordering bij de Belastingdienst	https://www.rekenkamer.nl/binaries/rekenkamer/documenten/kamerstukken/2016/04/28/beantwoording-kamervragen-over-het-rapport-intensivering-toezicht-en-invordering-bij-de-belastingdienst/Beantwoording_TK-vragen_Intensivering_toezicht.pdf	2016-04-28	16002391 R	Beantwoording vragen Tweede Kamer bij Rekenkamerrapport Intensivering toezicht en invordering bij de Belastingdienst	28 april 2016	2015-2016	3	Zijn er andere manieren denkbaar om dit inzichtelijk te maken?	Onderzoek naar alternatieve manieren om de relatie tussen opbrengsten en investeringen zichtbaar te maken is geen onderdeel geweest van ons onderzoek.			DEFL	H	De AR geeft expliciet aan dat dit geen onderdeel is geweest van hun onderzoek, zonder enige inhoudelijke bijdrage. Dit is een klassiek DEFL-antwoord.	SCOPE	
47	rekenkamer__kamerstuk:2016:04:28:beantwoording-kamervragen-over-het-rapport-intensivering-toezicht-en-invordering-bij-de-belastingdienst	Beantwoording Kamervragen over het rapport Intensivering toezicht en invordering bij de Belastingdienst	https://www.rekenkamer.nl/binaries/rekenkamer/documenten/kamerstukken/2016/04/28/beantwoording-kamervragen-over-het-rapport-intensivering-toezicht-en-invordering-bij-de-belastingdienst/Beantwoording_TK-vragen_Intensivering_toezicht.pdf	2016-04-28	16002391 R	Beantwoording vragen Tweede Kamer bij Rekenkamerrapport Intensivering toezicht en invordering bij de Belastingdienst	28 april 2016	2015-2016	5	Is de beoogde doelstelling van 0,38% extra inkomsten in 2014 gebaseerd op het uitgangspunt dat alle overige variabelen en omstandigheden gelijk blijven? Indien ja, dan wordt dus ook aangenomen dat de belastingmoraal gelijk is gebleven?	De (interne) business case 'Intensivering toezicht en invordering' vermeldt het effect dat versterking van het toezicht op bepaalde belastingen kan hebben op de belastingmoraal. Zelf hebben wij het effect van deze variabele op de extra belastinginkomsten niet onderzocht.			DEFL	H	De AR verwijst naar wat de interne business case vermeldt (geen eigen inhoud) en geeft expliciet aan dat zij het effect van deze variabele niet zelf hebben onderzocht. Er wordt geen substantieel antwoord op de vraag gegeven.	SCOPE	
47	rekenkamer__kamerstuk:2016:04:28:beantwoording-kamervragen-over-het-rapport-intensivering-toezicht-en-invordering-bij-de-belastingdienst	Beantwoording Kamervragen over het rapport Intensivering toezicht en invordering bij de Belastingdienst	https://www.rekenkamer.nl/binaries/rekenkamer/documenten/kamerstukken/2016/04/28/beantwoording-kamervragen-over-het-rapport-intensivering-toezicht-en-invordering-bij-de-belastingdienst/Beantwoording_TK-vragen_Intensivering_toezicht.pdf	2016-04-28	16002391 R	Beantwoording vragen Tweede Kamer bij Rekenkamerrapport Intensivering toezicht en invordering bij de Belastingdienst	28 april 2016	2015-2016	9	"Zijn de eerder door de Algemene Rekenkamer geconstateerde ""ernstige onvolkomendheden"" op het gebied van ICT-systemen bij de Belastingdienst toegenomen, afgenomen of gelijk gebleven?"	Onderzoek naar de 'ernstige onvolkomenheid' op het gebied van ICT-systemen maakt deel uit van ons onderzoek naar het Jaarverslag 2015 van het Ministerie van Financiën. Wij zullen hierover rapporteren op 18 mei 2016, wanneer we de resultaten van ons verantwoordingsonderzoek 2015 aan de Tweede Kamer aanbieden.			DEFL	H	De AR beantwoordt de vraag niet inhoudelijk maar verwijst naar toekomstig onderzoek (rapportage op 18 mei 2016). Er wordt geen substantiële informatie over de stand van zaken gegeven.	FUTURE|SCOPE	
48	rekenkamer__kamerstuk:2016:05:12:beantwoording-kamervragen-over-het-rapport-begrotingsreserves	Beantwoording Kamervragen over het rapport Begrotingsreserves	https://www.rekenkamer.nl/binaries/rekenkamer/documenten/kamerstukken/2016/05/12/beantwoording-kamervragen-over-het-rapport-begrotingsreserves/Antwoorden_TK_Begrotingsreserves.pdf	2016-05-12	31 865, nr. 78	Begrotingsreserves; Het opzij zetten van geld als begrotingsinstrument	12 mei 2016	2015-2016	3	Kunt u een nadere duiding geven over hoe een balans wordt opgemaakt bij een nieuw kabinet, mede met het oog op begrotingsreserves?	Op dit moment kunnen we nog geen nadere duiding geven van de wijze waarop een balans voor de rijksoverheid wordt opgemaakt, omdat een balans onderdeel is van een baten-lastenboekhouding. De minister van Financiën heeft in reactie op ons rapport voorgesteld om samen met de Algemene Rekenkamer een werkgroep in te stellen die gaat onderzoeken wat de voor- en nadelen zijn van een rijksbrede toevoeging van een baten-lastenboekhouding aan de huidige verplichtingen-kasboekhouding, rekening houdend met internationale ontwikkelingen. Het ligt in de rede dat het opmaken van een balans tot de aandachtspunten van deze werkgroep zal behoren.			DEFL	H	De AR geeft aan dat ze op dit moment geen nadere duiding kan geven en verwijst naar een toekomstige werkgroep die dit onderwerp zal onderzoeken. Er wordt geen substantieel inhoudelijk antwoord op de vraag gegeven.	FUTURE	
48	rekenkamer__kamerstuk:2016:05:12:beantwoording-kamervragen-over-het-rapport-begrotingsreserves	Beantwoording Kamervragen over het rapport Begrotingsreserves	https://www.rekenkamer.nl/binaries/rekenkamer/documenten/kamerstukken/2016/05/12/beantwoording-kamervragen-over-het-rapport-begrotingsreserves/Antwoorden_TK_Begrotingsreserves.pdf	2016-05-12	31 865, nr. 78	Begrotingsreserves; Het opzij zetten van geld als begrotingsinstrument	12 mei 2016	2015-2016	9	Wat zijn de kosten van een rijksbrede toevoeging van een baten-lastenboekhouding aan een strakke verplichtingen-kasboekhouding?	Het ligt in de rede dat de werkgroep die op voorstel van de minister van Financiën zal worden ingesteld, deze vraag betrekt in haar onderzoek. Zie ook ons antwoord op vraag 3.			DEFL	H	De AR beantwoordt de vraag niet inhoudelijk maar verwijst naar een nog in te stellen werkgroep en naar het antwoord op een andere vraag. Er wordt geen eigen feit, oordeel of aanbeveling gegeven.	MIN_POL	
48	rekenkamer__kamerstuk:2016:05:12:beantwoording-kamervragen-over-het-rapport-begrotingsreserves	Beantwoording Kamervragen over het rapport Begrotingsreserves	https://www.rekenkamer.nl/binaries/rekenkamer/documenten/kamerstukken/2016/05/12/beantwoording-kamervragen-over-het-rapport-begrotingsreserves/Antwoorden_TK_Begrotingsreserves.pdf	2016-05-12	31 865, nr. 78	Begrotingsreserves; Het opzij zetten van geld als begrotingsinstrument	12 mei 2016	2015-2016	12	In hoeverre heeft de Rekenkamer in beeld waaraan de 398 miljoen euro die wordt onttrokken aan de begrotingsreserve duurzame energie in de komende jaren wordt gespendeerd?	Wij hebben geen informatie over de bestemming van dit geld, anders dan de informatie die de Staten-Generaal al van de minister van EZ hebben ontvangen in het kader van de eerste suppletoire begrotingswet 2015.			DEFL	H	De AR geeft expliciet aan geen aanvullende informatie te hebben en verwijst naar de minister van EZ als bron. Er wordt geen inhoudelijk antwoord op de vraag gegeven.	NO_DATA	
48	rekenkamer__kamerstuk:2016:05:12:beantwoording-kamervragen-over-het-rapport-begrotingsreserves	Beantwoording Kamervragen over het rapport Begrotingsreserves	https://www.rekenkamer.nl/binaries/rekenkamer/documenten/kamerstukken/2016/05/12/beantwoording-kamervragen-over-het-rapport-begrotingsreserves/Antwoorden_TK_Begrotingsreserves.pdf	2016-05-12	31 865, nr. 78	Begrotingsreserves; Het opzij zetten van geld als begrotingsinstrument	12 mei 2016	2015-2016	14	Wanneer is de beoogde Rekenkamer-Financiën werkgroep over een baten-lasten stelsel naar verwachting klaar en in staat te rapporteren?	Het ligt in de rede dat de minister van Financiën als initiatiefnemer van de werkgroep uw Kamer hierover nader informeert.			DEFL	H	De AR beantwoordt de vraag niet inhoudelijk maar verwijst door naar de minister van Financiën als degene die de Kamer hierover moet informeren. Dit is een klassiek DEFL-patroon: 'het is aan de minister om'.	MIN_POL	
50	rekenkamer__kamerstuk:2016:06:06:beantwoording-kamervragen-over-het-rapport-resultaten-verantwoordingsonderzoek-2015-bij-het-ministerie-van-binnenlandse-zaken-en-koninkrijksrelaties	Beantwoording Kamervragen over het rapport Resultaten verantwoordingsonderzoek 2015 bij het Ministerie van Binnenlandse Zaken en Koninkrijksrelaties	https://www.rekenkamer.nl/binaries/rekenkamer/documenten/kamerstukken/2016/06/06/beantwoording-kamervragen-over-het-rapport-resultaten-verantwoordingsonderzoek-2015-bij-het-ministerie-van-binnenlandse-zaken-en-koninkrijksrelaties/Reactie_AR_aan_BZK_met_handtekening.pdf	2016-06-06	16002990	Beantwoording vragen Tweede Kamer over de Resultaten verantwoordingsonderzoek 2015 bij het Ministerie van BZK	6 juni 2016	2015	4	Kan u toelichten welke verbeteringen ten aanzien van het financieel beheer en materieelbeheer bij de AIVD wenselijk zijn?	De vraag die u ons stelt houdt direct verband met de nog openstaande vraag welke informatie over de bedrijfsvoering van de AIVD in het openbaar besproken kan worden. Wij kunnen op deze plaats niet verder in detail toelichten welke verbeteringen in de bedrijfsvoering bij de AIVD wenselijk zijn, omdat er onduidelijkheid is over de demarcatielijnen tussen openbaarheid en geheimhouding zolang het parlement hier niet over heeft besloten. Dit hebben wij toegelicht in ons rapport Bezuinigingen en intensiveringen bij de AIVD; Gevolgen van de budgettaire turbulentie in de periode 2012-2015 (mei 2015). Wij hebben de vaste commissie voor Binnenlandse Zaken en de Commissie voor de Inlichtingen en Veiligheidsdiensten vorig jaar aangeraden hierin gezamenlijk duidelijkheid te verschaffen, zodat de democratische controle in het juiste gremium plaatsvindt.		Bezuinigingen en intensiveringen bij de AIVD; Gevolgen van de budgettaire turbulentie in de periode 2012-2015 (mei 2015)	DEFL	H	De AR geeft aan niet inhoudelijk te kunnen antwoorden vanwege onduidelijkheid over geheimhouding en verwijst naar een eerder rapport en de commissies. Er wordt geen substantiële inhoud over de gevraagde verbeteringen geleverd. De eerdere aanbeveling aan de commissies betreft een historische vermelding, niet een nieuw advies als antwoord op de vraag.	NO_DATA	
52	rekenkamer__kamerstuk:2016:06:06:beantwoording-kamervragen-over-het-rapport-resultaten-verantwoordingsonderzoek-2015-bij-het-ministerie-van-financien-en-nationale-schuld	Beantwoording Kamervragen over het rapport Resultaten verantwoordingsonderzoek 2015 bij het Ministerie van Financiën en Nationale schuld	https://www.rekenkamer.nl/binaries/rekenkamer/documenten/kamerstukken/2016/06/06/beantwoording-kamervragen-over-het-rapport-resultaten-verantwoordingsonderzoek-2015-bij-het-ministerie-van-financien-en-nationale-schuld/Brief_AR_VO_Fin.pdf	2016-06-06	16003015 R	Beantwoording vragen Tweede Kamer over de Resultaten verantwoordingsonderzoek 2015 bij het Ministerie van Financiën	6 juni 2016	2015	6	Kan de Rekenkamer een lijst opstellen met fiscale maatregelen, die juist bijdragen aan het verminderen van de ICT legacy-problemen bij de Belastingdienst?	Het is aan de staatssecretaris van Financiën om deze vraag te beantwoorden.			DEFL	H	De AR beantwoordt de vraag niet inhoudelijk en verwijst expliciet naar de staatssecretaris van Financiën. Dit is een klassiek DEFL-antwoord: geen substantiële inhoud, alleen doorverwijzing.	MIN_POL	
52	rekenkamer__kamerstuk:2016:06:06:beantwoording-kamervragen-over-het-rapport-resultaten-verantwoordingsonderzoek-2015-bij-het-ministerie-van-financien-en-nationale-schuld	Beantwoording Kamervragen over het rapport Resultaten verantwoordingsonderzoek 2015 bij het Ministerie van Financiën en Nationale schuld	https://www.rekenkamer.nl/binaries/rekenkamer/documenten/kamerstukken/2016/06/06/beantwoording-kamervragen-over-het-rapport-resultaten-verantwoordingsonderzoek-2015-bij-het-ministerie-van-financien-en-nationale-schuld/Brief_AR_VO_Fin.pdf	2016-06-06	16003015 R	Beantwoording vragen Tweede Kamer over de Resultaten verantwoordingsonderzoek 2015 bij het Ministerie van Financiën	6 juni 2016	2015	8	Wat zijn de verwachtingen van benodigde inhuur van externen voor de investeringsagenda Belastingdienst?	Het is aan de staatssecretaris van Financiën om deze vraag te beantwoorden.			DEFL	H	De AR beantwoordt de vraag niet inhoudelijk en verwijst expliciet naar de staatssecretaris van Financiën. Dit is een klassiek DEFL-patroon: 'Het is aan de staatssecretaris om deze vraag te beantwoorden.'	MIN_POL	
53	rekenkamer__kamerstuk:2016:06:06:beantwoording-kamervragen-over-het-rapport-resultaten-verantwoordingsonderzoek-2015-bij-het-ministerie-van-infrastructuur-en-milieu	Beantwoording Kamervragen over het rapport Resultaten verantwoordingsonderzoek 2015 bij het Ministerie van Infrastructuur en Milieu	https://www.rekenkamer.nl/binaries/rekenkamer/documenten/kamerstukken/2016/06/06/beantwoording-kamervragen-over-het-rapport-resultaten-verantwoordingsonderzoek-2015-bij-het-ministerie-van-infrastructuur-en-milieu/Brief_AR_aan_IenM.pdf	2016-06-06	34475-XII-2/2016	Beantwoording vragen Tweede Kamer over de Resultaten verantwoordingsonderzoek 2015 bij het Ministerie van Infrastructuur en Milieu	6 juni 2016	2015-2016	7	Kunt u, in het licht van de door u geformuleerde onvolkomenheid waar het gaat om de rol van de hoofddirectie Financiën, Management en Control (FMC), aangeven hoe u aankijkt tegen de aansturing van bovenaf op FMC, op hoog ambtelijk en politiek niveau? Had op beide niveaus volgens u ingegrepen kunnen en/of moeten worden?	We hebben niet onderzocht of en hoe op hoog ambtelijk en politiek niveau de directie FMC wordt aangestuurd. Als het gaat om het zorgdragen voor een goed financieel beheer redeneren wij vanuit het zogenoemde 'three mes of defence' model, waarbij de beleidsdirectie de eerst verantwoordelijke is voor het bewaken van een goed financieel beheer. De directie FMC zou vervolgens moeten nagaan of de beleidsdirecties de beheerafspraken nakomen; de 'second line of defence'. De 'third line of defence' wordt gevormd door de Auditdienst Rijk (ADR).			DEFL	M	Het antwoord begint expliciet met 'We hebben niet onderzocht of en hoe op hoog ambtelijk en politiek niveau de directie FMC wordt aangestuurd', waarmee de kernvraag (had ingegrepen kunnen/moeten worden) niet wordt beantwoord. De aanvullende uitleg over het three lines of defence-model is context maar geen inhoudelijk oordeel over de aansturing. Wel zou het beschrijven van het model als FEIT kunnen gelden, maar de hoofdvraag wordt gedeflecteerd.	SCOPE	
53	rekenkamer__kamerstuk:2016:06:06:beantwoording-kamervragen-over-het-rapport-resultaten-verantwoordingsonderzoek-2015-bij-het-ministerie-van-infrastructuur-en-milieu	Beantwoording Kamervragen over het rapport Resultaten verantwoordingsonderzoek 2015 bij het Ministerie van Infrastructuur en Milieu	https://www.rekenkamer.nl/binaries/rekenkamer/documenten/kamerstukken/2016/06/06/beantwoording-kamervragen-over-het-rapport-resultaten-verantwoordingsonderzoek-2015-bij-het-ministerie-van-infrastructuur-en-milieu/Brief_AR_aan_IenM.pdf	2016-06-06	34475-XII-2/2016	Beantwoording vragen Tweede Kamer over de Resultaten verantwoordingsonderzoek 2015 bij het Ministerie van Infrastructuur en Milieu	6 juni 2016	2015-2016	8	Kunt u, in het licht van uw opmerking dat de regels voor de objectieve leverancierskeuze niet goed worden nageleefd, aangeven of dit eveneens een effect heeft op de keuze voor duurzame leveranciers, in het kader van het duurzaam inkoopbeleid van de rijksoverheid? Met andere woorden: kunt u aangeven of bewust voor duurzame leveranciers is gekozen?	Het wel of niet bewust kiezen van duurzame leveranciers is geen onderwerp van ons onderzoek naar het inkoopbeheer geweest.			DEFL	H	De AR geeft expliciet aan dat dit onderwerp geen deel uitmaakte van hun onderzoek en beantwoordt de vraag daarmee niet inhoudelijk. Dit is een klassiek DEFL-antwoord: 'dit hebben wij niet onderzocht'.	SCOPE	
53	rekenkamer__kamerstuk:2016:06:06:beantwoording-kamervragen-over-het-rapport-resultaten-verantwoordingsonderzoek-2015-bij-het-ministerie-van-infrastructuur-en-milieu	Beantwoording Kamervragen over het rapport Resultaten verantwoordingsonderzoek 2015 bij het Ministerie van Infrastructuur en Milieu	https://www.rekenkamer.nl/binaries/rekenkamer/documenten/kamerstukken/2016/06/06/beantwoording-kamervragen-over-het-rapport-resultaten-verantwoordingsonderzoek-2015-bij-het-ministerie-van-infrastructuur-en-milieu/Brief_AR_aan_IenM.pdf	2016-06-06	34475-XII-2/2016	Beantwoording vragen Tweede Kamer over de Resultaten verantwoordingsonderzoek 2015 bij het Ministerie van Infrastructuur en Milieu	6 juni 2016	2015-2016	12	Hoe is over de € 152 miljoen extra sinds 1 september 2013 door het ministerie gerapporteerd?	Het is volgens ons aan de minister van IenM om deze vraag te beantwoorden.			DEFL	H	De AR beantwoordt de vraag niet inhoudelijk en verwijst expliciet naar de minister van IenM. Dit is een klassiek DEFL-antwoord.	MIN_POL	
53	rekenkamer__kamerstuk:2016:06:06:beantwoording-kamervragen-over-het-rapport-resultaten-verantwoordingsonderzoek-2015-bij-het-ministerie-van-infrastructuur-en-milieu	Beantwoording Kamervragen over het rapport Resultaten verantwoordingsonderzoek 2015 bij het Ministerie van Infrastructuur en Milieu	https://www.rekenkamer.nl/binaries/rekenkamer/documenten/kamerstukken/2016/06/06/beantwoording-kamervragen-over-het-rapport-resultaten-verantwoordingsonderzoek-2015-bij-het-ministerie-van-infrastructuur-en-milieu/Brief_AR_aan_IenM.pdf	2016-06-06	34475-XII-2/2016	Beantwoording vragen Tweede Kamer over de Resultaten verantwoordingsonderzoek 2015 bij het Ministerie van Infrastructuur en Milieu	6 juni 2016	2015-2016	13	Bevatten de voortgangsrapportages in het kader van de grootprojectstatus in de jaren 2008 en 2009, toen de overschrijding bekend werd verondersteld, informatie over de hogere kosten?	"Het is volgens ons aan de minister van IenM om deze vraag te beantwoorden. In het kader van dit onderzoek hebben wij ons gericht op de (nakoming van de) gemaakte afspraken met de Tweede Kamer over de informatievoorziening na de afsluiting van de Betuweroute als Groot Project in 2010. Uit ons onderzoek is gebleken dat pas in de brief van 29 juni 2011 (Tweede Kamer, vergaderjaar 2010-2011, 22 589, nr. 310) het parlement werd ingelicht over de ""significant hogere exploitatiekosten"", terwijl al in 2008 op het departement bekend was dat de uitgaven voor het Rijk hoger zouden uitvallen."		22 589: nr. 310	DEFL	M	Het antwoord begint met een expliciete deflectie ('Het is volgens ons aan de minister van IenM om deze vraag te beantwoorden') en geeft aan dat de specifieke vraag buiten de scope van het eigen onderzoek valt. Wel bevat het antwoord feitelijke informatie over de informatievoorziening, maar de kern van de gevraagde vraag (of de voortgangsrapportages 2008-2009 informatie bevatten) wordt niet beantwoord. De prioriteitsregel zegt dat inhoud wint van deflectie, maar de feitelijke informatie beantwoordt een andere vraag dan gesteld; de gestelde vraag wordt expliciet doorverwezen.	MIN_POL	
55	rekenkamer__kamerstuk:2016:06:06:beantwoording-kamervragen-over-het-rapport-resultaten-verantwoordingsonderzoek-2015-bij-wonen-en-rijksdienst	Beantwoording Kamervragen over het rapport Resultaten verantwoordingsonderzoek 2015 bij Wonen en Rijksdienst	https://www.rekenkamer.nl/binaries/rekenkamer/documenten/kamerstukken/2016/06/06/beantwoording-kamervragen-over-het-rapport-resultaten-verantwoordingsonderzoek-2015-bij-wonen-en-rijksdienst/Brief_AR_aan_WenR.pdf	2016-06-06	16003130 R	Beantwoording vragen Tweede Kamer over de Resultaten verantwoordingsonderzoek 2015 Wonen en Rijksdienst	6 juni 2016	2015-2016	4	Kunt u aangeven hoe u een duidelijke invulling van de opdrachtgeversrol voor kantoorhuisvesting ziet?	Het invullen van een duidelijke opdrachtgeversrol voor de kantoorhuisvesting is aan de minister voor Wonen en Rijksdienst. De onduidelijkheid komt voort uit het niet op elkaar passen van de Regeling agentschappen en het Rijkshuisvestingsstelsel voor kantoren. Beide stelsels hanteren een andere invulling van het opdrachtgeverschap.			DEFL	M	De AR verwijst de invulling van de opdrachtgeversrol expliciet naar de minister ('is aan de minister voor Wonen en Rijksdienst') en geeft zelf geen prescriptief advies of normatief oordeel. De aanvullende uitleg over de onduidelijkheid is context bij de deflectie, maar geen substantieel inhoudelijk antwoord op de 'hoe'-vraag. Alternatief FEIT is verdedigbaar vanwege de causale beschrijving, maar de kern is doorverwijzing.	MIN_POL	
55	rekenkamer__kamerstuk:2016:06:06:beantwoording-kamervragen-over-het-rapport-resultaten-verantwoordingsonderzoek-2015-bij-wonen-en-rijksdienst	Beantwoording Kamervragen over het rapport Resultaten verantwoordingsonderzoek 2015 bij Wonen en Rijksdienst	https://www.rekenkamer.nl/binaries/rekenkamer/documenten/kamerstukken/2016/06/06/beantwoording-kamervragen-over-het-rapport-resultaten-verantwoordingsonderzoek-2015-bij-wonen-en-rijksdienst/Brief_AR_aan_WenR.pdf	2016-06-06	16003130 R	Beantwoording vragen Tweede Kamer over de Resultaten verantwoordingsonderzoek 2015 Wonen en Rijksdienst	6 juni 2016	2015-2016	9	Wat zijn de redenen of kunnen de redenen zijn dat de minister voor Wonen en Rijksdienst de Kamer verkeerd heeft voorgelicht over de betrouwbaarheid van het energielabel?	Wij hebben in ons onderzoek daar geen reden voor kunnen vaststellen.			DEFL	H	De AR geeft aan dat zij geen reden heeft kunnen vaststellen, wat betekent dat zij de vraag niet inhoudelijk beantwoordt. Dit is een klassiek geval van 'niet onderzocht / geen uitspraak kunnen doen'.	NO_DATA	
55	rekenkamer__kamerstuk:2016:06:06:beantwoording-kamervragen-over-het-rapport-resultaten-verantwoordingsonderzoek-2015-bij-wonen-en-rijksdienst	Beantwoording Kamervragen over het rapport Resultaten verantwoordingsonderzoek 2015 bij Wonen en Rijksdienst	https://www.rekenkamer.nl/binaries/rekenkamer/documenten/kamerstukken/2016/06/06/beantwoording-kamervragen-over-het-rapport-resultaten-verantwoordingsonderzoek-2015-bij-wonen-en-rijksdienst/Brief_AR_aan_WenR.pdf	2016-06-06	16003130 R	Beantwoording vragen Tweede Kamer over de Resultaten verantwoordingsonderzoek 2015 Wonen en Rijksdienst	6 juni 2016	2015-2016	11	Het aantal energie besparen de maatregelen neemt niet toe, maar mensen verbruiken wel minder energie. Heeft u hier een uitleg voor?	Wij hebben daar geen onderzoek naar gedaan.			DEFL	H	De AR geeft expliciet aan geen onderzoek te hebben gedaan naar dit onderwerp en levert geen inhoudelijk antwoord. Dit is een klassiek DEFL-antwoord.	SCOPE	
55	rekenkamer__kamerstuk:2016:06:06:beantwoording-kamervragen-over-het-rapport-resultaten-verantwoordingsonderzoek-2015-bij-wonen-en-rijksdienst	Beantwoording Kamervragen over het rapport Resultaten verantwoordingsonderzoek 2015 bij Wonen en Rijksdienst	https://www.rekenkamer.nl/binaries/rekenkamer/documenten/kamerstukken/2016/06/06/beantwoording-kamervragen-over-het-rapport-resultaten-verantwoordingsonderzoek-2015-bij-wonen-en-rijksdienst/Brief_AR_aan_WenR.pdf	2016-06-06	16003130 R	Beantwoording vragen Tweede Kamer over de Resultaten verantwoordingsonderzoek 2015 Wonen en Rijksdienst	6 juni 2016	2015-2016	12	Welke te bewijzen maatregelen beveelt u aan om toe te voegen? Ofwel: welke vrijstellingen beveelt u aan te laten vervallen bij het energielabel?	Het type maatregel waarvoor vrijstelling gegeven wordt wisselt per type woning, bouwjaar en labelniveau, dus daar is geen generiek antwoord op te geven.			DEFL	H	De AR geeft geen inhoudelijk antwoord op de vraag naar aanbevelingen, maar wijst erop dat er geen generiek antwoord mogelijk is. Er wordt geen aanbeveling, oordeel of feitelijke bevinding geleverd; de vraag wordt in feite niet beantwoord.	NO_DATA	
56	rekenkamer__kamerstuk:2016:06:07:beantwoording-kamervragen-over-het-rapport-resultaten-verantwoordingsonderzoek-2015-bij-het-ministerie-van-defensie	Beantwoording Kamervragen over het rapport Resultaten verantwoordingsonderzoek 2015 bij het Ministerie van Defensie	https://www.rekenkamer.nl/binaries/rekenkamer/documenten/kamerstukken/2016/06/07/beantwoording-kamervragen-over-het-rapport-resultaten-verantwoordingsonderzoek-2015-bij-het-ministerie-van-defensie/Brief_AR_VO_Defensie.pdf	2016-06-07	34475-X-2/2016D1980	Beantwoording vragen Tweede Kamer over de Resultaten verantwoordingsonderzoek 2015 bij het Ministerie van Defensie	7 juni 2016	2015-2016	3	Kunt u nagaan wat de gevolgen zijn van valutawisselingen en de ontwikkeling van materieel- en munitieprijzen, zoals omschreven in de motie Knops en Teeven (Kamerstuk 27830, nr 154), voor Defensie? Bent u bereid hier onderzoek naar te doen?	In haar brief van 8 maart ji. heeft de minister van Defensie aangegeven dat het kabinet de ontwikkeling van materieel- en munitieprijzen in relatie tot de te ontvangen prijsbijstelling en de omgang met valutakoerswisselingen onderzoekt en de Tweede Kamer daarover ten tijde van de Voorjaarsnota 2016 te informeren (TK 33 763, nr. 98). We zullen de uitkomsten van het onderzoek bestuderen en daarover mogelijk rapporteren in één van onze reguliere publicaties.		27830: motie Knops en Teeven | 33 763: Voorjaarsnota 2016	DEFL	H	De AR geeft geen inhoudelijk antwoord op de vraag, maar verwijst naar de minister die dit onderzoekt en naar een toekomstig moment waarop de AR zelf mogelijk zal rapporteren. Er is geen eigen bevinding, oordeel of aanbeveling.	FUTURE	
56	rekenkamer__kamerstuk:2016:06:07:beantwoording-kamervragen-over-het-rapport-resultaten-verantwoordingsonderzoek-2015-bij-het-ministerie-van-defensie	Beantwoording Kamervragen over het rapport Resultaten verantwoordingsonderzoek 2015 bij het Ministerie van Defensie	https://www.rekenkamer.nl/binaries/rekenkamer/documenten/kamerstukken/2016/06/07/beantwoording-kamervragen-over-het-rapport-resultaten-verantwoordingsonderzoek-2015-bij-het-ministerie-van-defensie/Brief_AR_VO_Defensie.pdf	2016-06-07	34475-X-2/2016D1980	Beantwoording vragen Tweede Kamer over de Resultaten verantwoordingsonderzoek 2015 bij het Ministerie van Defensie	7 juni 2016	2015-2016	23	Welke extra financiële middelen moeten volgens u vrijgemaakt worden om het Enterprise Resource Planning (ERP) -systeem te verbeteren?	Om de problemen bij het ERP-systeem aan te pakken heeft Defensie eind 2015 een nieuw verbeterprogramma opgestart. De middelen die nodig zijn voor de uitvoering van dit programma zijn door ons niet onderzocht.			DEFL	H	De AR geeft aan dat de benodigde middelen niet zijn onderzocht en levert dus geen substantieel antwoord op de vraag. Dit is een duidelijk geval van deflectie.	SCOPE	
56	rekenkamer__kamerstuk:2016:06:07:beantwoording-kamervragen-over-het-rapport-resultaten-verantwoordingsonderzoek-2015-bij-het-ministerie-van-defensie	Beantwoording Kamervragen over het rapport Resultaten verantwoordingsonderzoek 2015 bij het Ministerie van Defensie	https://www.rekenkamer.nl/binaries/rekenkamer/documenten/kamerstukken/2016/06/07/beantwoording-kamervragen-over-het-rapport-resultaten-verantwoordingsonderzoek-2015-bij-het-ministerie-van-defensie/Brief_AR_VO_Defensie.pdf	2016-06-07	34475-X-2/2016D1980	Beantwoording vragen Tweede Kamer over de Resultaten verantwoordingsonderzoek 2015 bij het Ministerie van Defensie	7 juni 2016	2015-2016	34	Kunt u toelichten hoe de bureaucratie binnen Defensie, die zorgt voor vertragingen bij investeringen, verminderd kan worden?	Wij hebben de mogelijkheden op het gebied van bureaucratie om het investeringsproces te versnellen niet zelf onderzocht. Een extern bureau heeft onderzoek gedaan naar de beheersing van investeringsprojecten. Het opgestelde rapport Onderrealisatie investeringen bevat enkele voorstellen om de bureaucratie rond de investeringsprojecten te verminderen. Zo wordt gewezen op de mogelijkheid om meer zelfstandigheid te creëren voor projectleiders die verantwoordelijk zijn voor een verwervingsproject door de projecttoleranties te verhogen.			DEFL	M	De AR geeft expliciet aan dit niet zelf onderzocht te hebben en verwijst naar een extern rapport. Hoewel er een concreet voorstel wordt doorverteld (projecttoleranties verhogen), is dit geen eigen aanbeveling van de AR maar een weergave van een extern rapport, waardoor het primair een deflectie blijft.	SCOPE	
56	rekenkamer__kamerstuk:2016:06:07:beantwoording-kamervragen-over-het-rapport-resultaten-verantwoordingsonderzoek-2015-bij-het-ministerie-van-defensie	Beantwoording Kamervragen over het rapport Resultaten verantwoordingsonderzoek 2015 bij het Ministerie van Defensie	https://www.rekenkamer.nl/binaries/rekenkamer/documenten/kamerstukken/2016/06/07/beantwoording-kamervragen-over-het-rapport-resultaten-verantwoordingsonderzoek-2015-bij-het-ministerie-van-defensie/Brief_AR_VO_Defensie.pdf	2016-06-07	34475-X-2/2016D1980	Beantwoording vragen Tweede Kamer over de Resultaten verantwoordingsonderzoek 2015 bij het Ministerie van Defensie	7 juni 2016	2015-2016	35	Vindt u dat de plannen die Defensie heeft opgesteld, om aan uw aanbevelingen met betrekking tot het ERP-systeem, IT-beheer, autorisatiebeheer en verplichtenbeheer te voldoen, op orde zijn?	In haar reactie op ons rapport heeft de minister van Defensie aangegeven dat ze de door ons geformuleerde aanbevelingen voor deze onderwerpen overneemt. De naar aanleiding van onze aanbeveling opgestelde of aangepaste plannen zullen wij beoordelen in ons komende verantwoordingsonderzoek.			DEFL	H	De AR beantwoordt de vraag niet inhoudelijk: ze meldt slechts dat de minister de aanbevelingen overneemt en verwijst voor de daadwerkelijke beoordeling naar toekomstig onderzoek (het komende verantwoordingsonderzoek). Er wordt geen oordeel gegeven over of de plannen op orde zijn.	FUTURE	
56	rekenkamer__kamerstuk:2016:06:07:beantwoording-kamervragen-over-het-rapport-resultaten-verantwoordingsonderzoek-2015-bij-het-ministerie-van-defensie	Beantwoording Kamervragen over het rapport Resultaten verantwoordingsonderzoek 2015 bij het Ministerie van Defensie	https://www.rekenkamer.nl/binaries/rekenkamer/documenten/kamerstukken/2016/06/07/beantwoording-kamervragen-over-het-rapport-resultaten-verantwoordingsonderzoek-2015-bij-het-ministerie-van-defensie/Brief_AR_VO_Defensie.pdf	2016-06-07	34475-X-2/2016D1980	Beantwoording vragen Tweede Kamer over de Resultaten verantwoordingsonderzoek 2015 bij het Ministerie van Defensie	7 juni 2016	2015-2016	37	Op welke post(en) slaan de extra kosten neer als gevolg van bovenmatige slijtage van materieel tijdens missies en hoe hoog schat u deze extra kosten in?	Wij hebben geen gericht onderzoek gedaan naar de opbouw en omvang van de extra kosten als gevolg van bovenmatige slijtage van materieel tijdens missies.			DEFL	H	De AR geeft expliciet aan dat zij geen gericht onderzoek heeft gedaan naar dit onderwerp en beantwoordt de vraag daarmee niet inhoudelijk. Dit is een klassiek DEFL-antwoord: 'dit hebben wij niet onderzocht'.	SCOPE	
57	rekenkamer__kamerstuk:2016:06:08:beantwoording-kamervragen-over-de-staat-van-de-rijksverantwoording-2015	Beantwoording Kamervragen over het rapport Staat van de rijksverantwoording 2015	https://www.rekenkamer.nl/binaries/rekenkamer/documenten/kamerstukken/2016/06/08/beantwoording-kamervragen-over-de-staat-van-de-rijksverantwoording-2015/Brief_AR_Beantwoording_vragen.pdf	2016-06-08	16002986	Beantwoording vragen Tweede Kamer over het rapport Staat van de rijksverantwoording 2015	8 juni 2016	2015	1	Kunt u de beleidsmutaties/slotwetmutaties uitgesplitst presenteren?	[Geen antwoord gegeven; in document verschijnt alleen tabel met garantieverplichtingen en begroten per artikel]			DEFL	M	Er is geen substantieel antwoord gegeven door de AR; er verschijnt alleen een tabel zonder toelichting of inhoudelijke beantwoording van de vraag. Dit kwalificeert als DEFL omdat de vraag niet inhoudelijk wordt beantwoord.	NO_DATA	
57	rekenkamer__kamerstuk:2016:06:08:beantwoording-kamervragen-over-de-staat-van-de-rijksverantwoording-2015	Beantwoording Kamervragen over het rapport Staat van de rijksverantwoording 2015	https://www.rekenkamer.nl/binaries/rekenkamer/documenten/kamerstukken/2016/06/08/beantwoording-kamervragen-over-de-staat-van-de-rijksverantwoording-2015/Brief_AR_Beantwoording_vragen.pdf	2016-06-08	16002986	Beantwoording vragen Tweede Kamer over het rapport Staat van de rijksverantwoording 2015	8 juni 2016	2015	2	Heeft de Rekenkamer zicht op de uitgaven aan de vreemdelingenketen in andere Europese landen? Kan de rekenkamer een overzicht geven van de uitgaven aan de vreemdelingenketen per vreemdeling en per EU-lidstaat?	Wij hebben geen zicht op de uitgaven aan de vreemdelingenketen in andere Europese landen, omdat wij daar geen onderzoek naar hebben gedaan. In ons lopend onderzoek naar de asielketen gaan we nader in op de door Nederland gemaakte kosten ten behoeve van het vreemdelingenbeleid.			DEFL	H	De AR geeft expliciet aan geen zicht te hebben op de gevraagde informatie omdat zij dit niet hebben onderzocht, en verwijst naar een lopend onderzoek voor toekomstige resultaten. Er wordt geen substantieel inhoudelijk antwoord gegeven op de vraag.	SCOPE	
57	rekenkamer__kamerstuk:2016:06:08:beantwoording-kamervragen-over-de-staat-van-de-rijksverantwoording-2015	Beantwoording Kamervragen over het rapport Staat van de rijksverantwoording 2015	https://www.rekenkamer.nl/binaries/rekenkamer/documenten/kamerstukken/2016/06/08/beantwoording-kamervragen-over-de-staat-van-de-rijksverantwoording-2015/Brief_AR_Beantwoording_vragen.pdf	2016-06-08	16002986	Beantwoording vragen Tweede Kamer over het rapport Staat van de rijksverantwoording 2015	8 juni 2016	2015	4	Is de inschaling van ICT-specialisten bij de Rijksoverheid volgens de Rekenkamer wel in overeenstemming met de situatie op de arbeidsmarkt?	Wij hebben geen onderzoek gedaan naar deze vraag.			DEFL	H	De AR geeft expliciet aan dat zij geen onderzoek heeft gedaan naar deze vraag en levert geen inhoudelijk antwoord. Dit is een klassieke deflectie.	SCOPE	
57	rekenkamer__kamerstuk:2016:06:08:beantwoording-kamervragen-over-de-staat-van-de-rijksverantwoording-2015	Beantwoording Kamervragen over het rapport Staat van de rijksverantwoording 2015	https://www.rekenkamer.nl/binaries/rekenkamer/documenten/kamerstukken/2016/06/08/beantwoording-kamervragen-over-de-staat-van-de-rijksverantwoording-2015/Brief_AR_Beantwoording_vragen.pdf	2016-06-08	16002986	Beantwoording vragen Tweede Kamer over het rapport Staat van de rijksverantwoording 2015	8 juni 2016	2015	5	Worden ICT-specialisten in dienst van de Rijksoverheid wel voldoende beloond om een carrière bij het Rijk te ambiëren?	Wij hebben geen onderzoek gedaan naar deze vraag.			DEFL	H	De AR geeft expliciet aan dat zij geen onderzoek naar deze vraag heeft gedaan, zonder enige substantiële inhoud te leveren. Dit is een klassiek DEFL-antwoord.	SCOPE	
57	rekenkamer__kamerstuk:2016:06:08:beantwoording-kamervragen-over-de-staat-van-de-rijksverantwoording-2015	Beantwoording Kamervragen over het rapport Staat van de rijksverantwoording 2015	https://www.rekenkamer.nl/binaries/rekenkamer/documenten/kamerstukken/2016/06/08/beantwoording-kamervragen-over-de-staat-van-de-rijksverantwoording-2015/Brief_AR_Beantwoording_vragen.pdf	2016-06-08	16002986	Beantwoording vragen Tweede Kamer over het rapport Staat van de rijksverantwoording 2015	8 juni 2016	2015	6	Komt het vaak voor dat de complexiteit van wet- en regelgeving, de ontwikkeling van nieuwe ICT-applicaties bemoeilijkt? Kunt u per beleidsdomein ranglijsten opstellen van wet en regelgeving, die de ontwikkeling van stabiele en flexibele nieuwe ICT-oplossingen bemoeilijken?	Complexiteit van wetgeving is een belangrijke factor bij de ontwikkeling van nieuwe ICT, maar niet de enige. Voldoende tijd voor ontwerp, testen en aanpassen van procedures zijn ook belangrijke succesfactoren, naast voldoende kennis en ervaring bij (eigen) ICT personeel en goed onderhoud van bestaande systemen. Wij hebben geen rijksbreed onderzoek gedaan naar complexiteit van wetgeving in relatie tot de ontwikkeling van ICT applicaties.			DEFL	M	Het antwoord noemt enkele factoren (FEIT-achtig), maar beantwoordt de kernvraag niet: de AR geeft aan geen rijksbreed onderzoek te hebben gedaan naar complexiteit van wetgeving in relatie tot ICT en kan dus geen ranglijsten opstellen. De inhoudelijke opmerkingen zijn beperkt en generiek; de essentie is dat de AR de vraag niet substantieel beantwoordt.	SCOPE	
57	rekenkamer__kamerstuk:2016:06:08:beantwoording-kamervragen-over-de-staat-van-de-rijksverantwoording-2015	Beantwoording Kamervragen over het rapport Staat van de rijksverantwoording 2015	https://www.rekenkamer.nl/binaries/rekenkamer/documenten/kamerstukken/2016/06/08/beantwoording-kamervragen-over-de-staat-van-de-rijksverantwoording-2015/Brief_AR_Beantwoording_vragen.pdf	2016-06-08	16002986	Beantwoording vragen Tweede Kamer over het rapport Staat van de rijksverantwoording 2015	8 juni 2016	2015	7	Kunt u een overzicht geven van alle maatregelen op het domein SZW, die gericht zijn op het aan het werk helpen van werklozen, bijstandsgerechtigden en arbeidsongeschikten, met daarbij vermeld zowel de totale uitgaven als de uitgaven per geslaagde bemiddeling of re-integratie?	"Wij hebben geen onderzoek gedaan naar deze vraag. In ons rapport ""Re-integratie van oudere werklozen"" hebben wij gerapporteerd over ons onderzoek naar instrumenten die de minister van SZW inzet om oudere werklozen aan werk te helpen. Het betrof acht instrumenten, die qua aard, doelgroep, doelstelling en financieel belang verschillen. Het aan het werk helpen van werklozen en arbeidsbeperkten met een uitkering wordt uitgevoerd door het UWV. Het UWV legt daarover verantwoording af aan de minister van SZW en stuurt haar jaarverslag ter informatie ook aan de Tweede Kamer. Het activeren van bijstandsgerechtigden is de verantwoordelijkheid van gemeenten, Verder heeft de invoering van de Participatiewet er toe geleid dat gemeenten sinds 1 januari 2015 ook verantwoordelijk zijn voor het naar werk begeleiden van nieuwe Wajoriggevallen en mensen met een indicatie voor de Wet sociale werkvoorziening of een gesubsidieerde baan. Het participatiebudget is gedecentraliseerd naar de gemeenten en over de besteding daarvan legt het College van B&W verantwoording af aan de gemeenteraad. Wij kunnen u daarom geen overzicht bieden, noch op het niveau van de totale uitgaven, noch op het niveau van de individuele bemiddelde gevallen."			DEFL	H	De AR geeft expliciet aan geen onderzoek te hebben gedaan naar deze vraag en niet in staat te zijn het gevraagde overzicht te bieden. De inhoudelijke toelichting verklaart waarom zij niet kunnen antwoorden (verantwoordelijkheid bij UWV, gemeenten), maar levert geen substantieel antwoord op de gestelde vraag. Dit is een klassieke deflectie.	CROSS_REF|SCOPE	
60	rekenkamer__kamerstuk:2016:06:20:beantwoording-kamervragen-over-het-rapport-aanpak-van-laaggeletterdheid-kopie	Beantwoording Kamervragen over het rapport Aanpak van laaggeletterdheid	https://www.rekenkamer.nl/binaries/rekenkamer/documenten/kamerstukken/2016/06/20/beantwoording-kamervragen-over-het-rapport-aanpak-van-laaggeletterdheid-kopie/Beantwoording_TK-vragen_aanpak_laaggeletterdheid.pdf	2016-06-20	16003281 R	Beantwoording vragen Tweede Kamer bij Rekenkamerrapport Aanpak van laaggeletterdheid	20 juni 2016	2015-2016	10	Waarom scoort Japan significant beter dan andere OESO-landen?	Om deze vraag te beantwoorden zou aanvullend onderzoek nodig zijn. Het rapport Laaggeletterdheid in kaart van Buisman & Houtkoop (Den Bosch/Utrecht: Ecbo / Stichting Lezen & Schrijven, 2014) toont alleen de percentages laaggeletterden in verschillende landen. Ook de OESO toont in haar onderzoeken alleen percentages, zonder verklaringen te geven voor verschillen tussen landen.			DEFL	H	De AR geeft geen inhoudelijk antwoord op de vraag maar verwijst naar de noodzaak van aanvullend onderzoek en legt uit waarom zij de vraag niet kan beantwoorden. Er is geen substantiële inhoud; dit is een klassieke deflectie.	FUTURE|NO_DATA	
60	rekenkamer__kamerstuk:2016:06:20:beantwoording-kamervragen-over-het-rapport-aanpak-van-laaggeletterdheid-kopie	Beantwoording Kamervragen over het rapport Aanpak van laaggeletterdheid	https://www.rekenkamer.nl/binaries/rekenkamer/documenten/kamerstukken/2016/06/20/beantwoording-kamervragen-over-het-rapport-aanpak-van-laaggeletterdheid-kopie/Beantwoording_TK-vragen_aanpak_laaggeletterdheid.pdf	2016-06-20	16003281 R	Beantwoording vragen Tweede Kamer bij Rekenkamerrapport Aanpak van laaggeletterdheid	20 juni 2016	2015-2016	11	Is het bekend wat de verschillen in doelmatigheid en het bereik van de resultaten zijn van formele, informele en non-formele laaggeletterdheid cursussen?	Nee. Het bereik en de impact van deze cursussen afzonderlijk zijn wel onderzocht, maar er is voor zover ons bekend geen vergelijkend onderzoek naar gedaan.			DEFL	H	De AR geeft aan dat er geen vergelijkend onderzoek beschikbaar is en beantwoordt de vraag dus niet inhoudelijk. Het antwoord begint met 'Nee' en verwijst naar het ontbreken van kennis, wat een klassiek DEFL-patroon is.	SCOPE	
60	rekenkamer__kamerstuk:2016:06:20:beantwoording-kamervragen-over-het-rapport-aanpak-van-laaggeletterdheid-kopie	Beantwoording Kamervragen over het rapport Aanpak van laaggeletterdheid	https://www.rekenkamer.nl/binaries/rekenkamer/documenten/kamerstukken/2016/06/20/beantwoording-kamervragen-over-het-rapport-aanpak-van-laaggeletterdheid-kopie/Beantwoording_TK-vragen_aanpak_laaggeletterdheid.pdf	2016-06-20	16003281 R	Beantwoording vragen Tweede Kamer bij Rekenkamerrapport Aanpak van laaggeletterdheid	20 juni 2016	2015-2016	13	In hoeverre heeft de regering de afgelopen jaren uitvoering gegeven aan de motie van het lid Celik, die de Tweede Kamer op 1 november 2011 met algemene stemmen heeft aangenomen en in hoeverre heeft de regering zich dus bij de bestrijding van laaggeletterdheid vastgelegd op de kwaliteit en resultaten van de sector volwasseneneducatie?	Wij hebben hiernaar geen onderzoek gedaan. Wij verwijzen u voor een antwoord op deze vraag naar het Ministerie van OCW.			DEFL	H	De AR geeft expliciet aan dit niet onderzocht te hebben en verwijst door naar het Ministerie van OCW. Er wordt geen inhoudelijk antwoord gegeven.	MIN_POL|SCOPE	
60	rekenkamer__kamerstuk:2016:06:20:beantwoording-kamervragen-over-het-rapport-aanpak-van-laaggeletterdheid-kopie	Beantwoording Kamervragen over het rapport Aanpak van laaggeletterdheid	https://www.rekenkamer.nl/binaries/rekenkamer/documenten/kamerstukken/2016/06/20/beantwoording-kamervragen-over-het-rapport-aanpak-van-laaggeletterdheid-kopie/Beantwoording_TK-vragen_aanpak_laaggeletterdheid.pdf	2016-06-20	16003281 R	Beantwoording vragen Tweede Kamer bij Rekenkamerrapport Aanpak van laaggeletterdheid	20 juni 2016	2015-2016	15	Waarom lukt het tot nu toe niet om de diversiteit van de groep laaggeletterden goed te bedienen?	Uit ons onderzoek blijkt dat de diversiteit van de doelgroep van het laaggeletterdenbeleid mogelijk niet voldoende wordt bediend. Wij hebben geen onderzoek gedaan naar verklaringen voor dit feit. De minister van OCW heeft in haar bestuurlijke reactie op ons rapport toegezegd dat zij bij de evaluatie van de wetswijziging voor volwasseneducatie zal laten kijken naar de mate waarin gemeenten erin zijn geslaagd om met de grotere bestedingsvrijheid beter de diverse doelgroepen te bedienen. Zij zal de resultaten naar uw Kamer sturen en daarbij ook aangeven welke inzet zij nodig acht om het cursusaanbod beter te laten aansluiten op de diversiteit van de doelgroep. Wij verwachten dat met deze informatie van de minister deze vraag van de Tweede Kamer wordt beantwoord.			DEFL	H	De AR geeft expliciet aan dat zij geen onderzoek heeft gedaan naar verklaringen voor dit feit en verwijst voor het inhoudelijke antwoord door naar de minister van OCW. Er wordt geen substantieel antwoord op de gestelde 'waarom'-vraag gegeven.	MIN_POL|SCOPE	
64	rekenkamer__kamerstuk:2017:06:08:beantwoording-vragen-tweede-kamer-over-de-resultaten-verantwoordingsonderzoek-2016-bij-de-staten-generaal	Beantwoording vragen Tweede Kamer over de Resultaten verantwoordingsonderzoek 2016 bij de Staten-Generaal	https://www.rekenkamer.nl/binaries/rekenkamer/documenten/kamerstukken/2017/06/08/beantwoording-vragen-tweede-kamer-over-de-resultaten-verantwoordingsonderzoek-2016-bij-de-staten-generaal/Beantwoording_vragen_Tweede_Kamer_over_de_Resultaten_verantwoordingsonderzoek_2016_bij_de_Staten-Generaal.pdf	2017-06-08	17003819 R	Beantwoording vragen Tweede Kamer over de Resultaten verantwoordingsonderzoek 2016 bij de Staten-Generaal	8 juni 2017	<UNKNOWN>	3	Waarom heeft de Tweede Kamer geen zekerheid over het veilig opbergen en kunnen gebruiken van back-upbestanden?	Wij hebben deze bevinding ontleend aan de rapportage van de Auditdienst Rijk (ADR) bij het jaarverslag 2016. Wij hebben zelf geen specifiek onderzoek verricht naar de achtergronden van deze constatering. Deze vraag zou door tussenkomst van de minister van Binnenlandse Zaken en Koninkrijkrelaties (BZK) gericht kunnen worden aan de voorzitter/griffier van de Tweede Kamer.			DEFL	H	De AR geeft aan zelf geen onderzoek te hebben verricht naar de achtergronden en verwijst de vraag door naar de voorzitter/griffier van de Tweede Kamer via de minister van BZK. Er wordt geen substantieel inhoudelijk antwoord gegeven op de vraag.	MIN_POL|SCOPE	
65	rekenkamer__kamerstuk:2017:06:08:beantwoording-vragen-tweede-kamer-over-de-resultaten-verantwoordingsonderzoek-2016-bij-het-ministerie-van-economische-zaken	Beantwoording vragen Tweede Kamer over de Resultaten verantwoordingsonderzoek 2016 bij het Ministerie van Economische Zaken	https://www.rekenkamer.nl/binaries/rekenkamer/documenten/kamerstukken/2017/06/08/beantwoording-vragen-tweede-kamer-over-de-resultaten-verantwoordingsonderzoek-2016-bij-het-ministerie-van-economische-zaken/Beantwoording_vragen_Tweede_Kamer_over_de_Resultaten_verantwoordingsonderzoek_2016_bij_het_Ministerie_van_EZ.pdf	2017-06-08	17003423 R	Beantwoording vragen Tweede Kamer over de Resultaten verantwoordingsonderzoek 2016 bij het Ministerie van Economische Zaken	8 juni 2017	2017	7	Welk aandeel van de schadeclaims heeft het geclaimde bedrag ontvangen?	Deze vraag kunnen wij niet beantwoorden omdat wij er geen onderzoek naar hebben gedaan.			DEFL	H	De AR geeft expliciet aan dat zij geen onderzoek naar dit onderwerp hebben gedaan en de vraag daarom niet kunnen beantwoorden. Dit is een klassieke deflectie zonder substantiële inhoud.	SCOPE	
65	rekenkamer__kamerstuk:2017:06:08:beantwoording-vragen-tweede-kamer-over-de-resultaten-verantwoordingsonderzoek-2016-bij-het-ministerie-van-economische-zaken	Beantwoording vragen Tweede Kamer over de Resultaten verantwoordingsonderzoek 2016 bij het Ministerie van Economische Zaken	https://www.rekenkamer.nl/binaries/rekenkamer/documenten/kamerstukken/2017/06/08/beantwoording-vragen-tweede-kamer-over-de-resultaten-verantwoordingsonderzoek-2016-bij-het-ministerie-van-economische-zaken/Beantwoording_vragen_Tweede_Kamer_over_de_Resultaten_verantwoordingsonderzoek_2016_bij_het_Ministerie_van_EZ.pdf	2017-06-08	17003423 R	Beantwoording vragen Tweede Kamer over de Resultaten verantwoordingsonderzoek 2016 bij het Ministerie van Economische Zaken	8 juni 2017	2017	9	Hoeveel schadeclaims zijn de komende jaren te verwachten en met welk totaalbedrag?	Deze vraag kunnen wij niet beantwoorden omdat wij er geen onderzoek naar hebben gedaan. Daarbij komt dat de totale schade ook afhangt van de eventuele bevingsschade die mogelijk toekomstige aardbevingen nog veroorzaken.			DEFL	H	De AR geeft expliciet aan dat zij geen onderzoek naar dit onderwerp heeft gedaan en daarom de vraag niet kan beantwoorden. De toevoeging over toekomstige aardbevingen is een uitleg waarom beantwoording niet mogelijk is, maar levert geen inhoudelijk antwoord op de gestelde vraag.	SCOPE	
65	rekenkamer__kamerstuk:2017:06:08:beantwoording-vragen-tweede-kamer-over-de-resultaten-verantwoordingsonderzoek-2016-bij-het-ministerie-van-economische-zaken	Beantwoording vragen Tweede Kamer over de Resultaten verantwoordingsonderzoek 2016 bij het Ministerie van Economische Zaken	https://www.rekenkamer.nl/binaries/rekenkamer/documenten/kamerstukken/2017/06/08/beantwoording-vragen-tweede-kamer-over-de-resultaten-verantwoordingsonderzoek-2016-bij-het-ministerie-van-economische-zaken/Beantwoording_vragen_Tweede_Kamer_over_de_Resultaten_verantwoordingsonderzoek_2016_bij_het_Ministerie_van_EZ.pdf	2017-06-08	17003423 R	Beantwoording vragen Tweede Kamer over de Resultaten verantwoordingsonderzoek 2016 bij het Ministerie van Economische Zaken	8 juni 2017	2017	16	Heeft u nader overleg met het departement gehad over concrete verbeteringen die het departement dient uit te voeren?	Gelet op het belang van een goede informatiebeveiliging zijn wij vanzelfsprekend bereid om samen met de Minister van Economische Zaken, de Auditdienst Rijk en de Minister van BZK als verantwoordelijke voor het rijksbeleid op dit terrein, nader te bespreken hoe implementatie van de BIR verder vormgegeven kan worden, alsmede de borging van de centrale beheersing daarvan. Met de drie genoemde partijen zullen daarom op korte termijn gesprekken plaatsvinden.			DEFL	M	De AR beantwoordt de vraag niet inhoudelijk: er wordt geen verslag gedaan van reeds gevoerd overleg of concrete verbeteringen. In plaats daarvan wordt verwezen naar toekomstige gesprekken ('op korte termijn zullen gesprekken plaatsvinden') en wordt bereidheid uitgesproken. Er is geen substantiële inhoud (geen FEIT, CAU, OOR of ADV), alleen een vooruitwijzing naar toekomstig overleg.	FUTURE	
66	rekenkamer__kamerstuk:2017:06:08:beantwoording-vragen-tweede-kamer-over-de-resultaten-verantwoordingsonderzoek-2016-bij-het-ministerie-van-infrastructuur-en-milieu	Beantwoording vragen Tweede Kamer over de Resultaten verantwoordingsonderzoek 2016 bij het Ministerie van Infrastructuur en Milieu	https://www.rekenkamer.nl/binaries/rekenkamer/documenten/kamerstukken/2017/06/08/beantwoording-vragen-tweede-kamer-over-de-resultaten-verantwoordingsonderzoek-2016-bij-het-ministerie-van-infrastructuur-en-milieu/Beantwoording_vragen_Tweede_Kamer_over_de_Resultaten_verantwoordingsonderzoek_2016_bij_het_Ministerie_van_IenM.pdf	2017-06-08	17003374 R	Beantwoording vragen Tweede Kamer over de Resultaten verantwoordingsonderzoek 2016 bij het Ministerie van Infrastructuur en Milieu	8 juni 2017	2016-2017	1	Kunt u aangeven hoeveel belastinggeld er jaarlijks wordt besteed aan het klimaatbeleid in de totale begroting van het Rijk?	Het Nederlandse klimaatbeleid omvat een grote verscheidenheid aan maatregelen om de uitstoot van broeikasgassen te verminderen (mitigatie) en de gevolgen van klimaatverandering te beperken (adaptatie). Ook kan ander beleid bijdragen aan het verminderen van de gevolgen van klimaatverandering zonder dat direct zichtbaar is welke extra uitgaven daarmee zijn gemoeid, zoals in het geval van het waterveiligheidsbeleid. Wij zijn op dit moment niet in staat een totaaloverzicht te maken van uitgaven aan maatregelen die bijdragen aan het klimaatbeleid.			DEFL	H	De AR geeft aan niet in staat te zijn een totaaloverzicht te maken van de gevraagde uitgaven. Er wordt geen substantieel inhoudelijk antwoord op de vraag gegeven; de context die wordt geschetst dient slechts als uitleg waarom de AR de vraag niet kan beantwoorden.	NO_DATA	
68	rekenkamer__kamerstuk:2017:06:08:beantwoording-vragen-tweede-kamer-over-de-resultaten-verantwoordingsonderzoek-2016-bij-het-ministerie-van-szw	Beantwoording vragen Tweede Kamer over de Resultaten verantwoordingsonderzoek 2016 bij het Ministerie van SZW	https://www.rekenkamer.nl/binaries/rekenkamer/documenten/kamerstukken/2017/06/08/beantwoording-vragen-tweede-kamer-over-de-resultaten-verantwoordingsonderzoek-2016-bij-het-ministerie-van-szw/Beantwoording_vragen_Tweede_Kamer_over_de_Resultaten_verantwoordingsonderzoek_2016_bij_het_Ministerie_van_SZW.pdf	2017-06-08	17003428 R	Beantwoording vragen Tweede Kamer over de Resultaten verantwoordingsonderzoek 2016 bij het Ministerie van SZW	8 juni 2017	2016-2017	2	Acht de Rekenkamer het reëel dat er een overzicht komt met gegevens uit 2015 en 2016 die nu ontbreken maar wel benodigd zijn voor het vaststellen van effectiviteit van beleid met betrekking tot de aanpak van schijnconstructie en cao-naleving?	Wij hebben niet onderzocht of de Inspectie SZW deze gegevens achteraf kan verzamelen.			DEFL	H	De AR geeft expliciet aan dat zij dit niet heeft onderzocht en levert geen inhoudelijk antwoord op de vraag. Dit is een klassiek DEFL-patroon.	SCOPE	
68	rekenkamer__kamerstuk:2017:06:08:beantwoording-vragen-tweede-kamer-over-de-resultaten-verantwoordingsonderzoek-2016-bij-het-ministerie-van-szw	Beantwoording vragen Tweede Kamer over de Resultaten verantwoordingsonderzoek 2016 bij het Ministerie van SZW	https://www.rekenkamer.nl/binaries/rekenkamer/documenten/kamerstukken/2017/06/08/beantwoording-vragen-tweede-kamer-over-de-resultaten-verantwoordingsonderzoek-2016-bij-het-ministerie-van-szw/Beantwoording_vragen_Tweede_Kamer_over_de_Resultaten_verantwoordingsonderzoek_2016_bij_het_Ministerie_van_SZW.pdf	2017-06-08	17003428 R	Beantwoording vragen Tweede Kamer over de Resultaten verantwoordingsonderzoek 2016 bij het Ministerie van SZW	8 juni 2017	2016-2017	10	Kunt u inzicht geven welke gemeenten zich onttrekken aan de regionale afspraken?	Nee, hier hebben we geen onderzoek naar gedaan. Ons onderzoek richtte zich op twee arbeidsmarktregio's. De Inspectie SZW schrijft in haar rapport Werk in uitvoering (2016) dat in een derde van de 35 arbeidsmarktregio's niet alle gemeenten betrokken zijn bij de operationele samenwerking.			DEFL	H	De AR geeft expliciet aan dat ze hier geen onderzoek naar heeft gedaan ('Nee, hier hebben we geen onderzoek naar gedaan') en verwijst vervolgens naar een rapport van de Inspectie SZW. Er wordt geen substantieel eigen antwoord op de vraag gegeven.	SCOPE	
68	rekenkamer__kamerstuk:2017:06:08:beantwoording-vragen-tweede-kamer-over-de-resultaten-verantwoordingsonderzoek-2016-bij-het-ministerie-van-szw	Beantwoording vragen Tweede Kamer over de Resultaten verantwoordingsonderzoek 2016 bij het Ministerie van SZW	https://www.rekenkamer.nl/binaries/rekenkamer/documenten/kamerstukken/2017/06/08/beantwoording-vragen-tweede-kamer-over-de-resultaten-verantwoordingsonderzoek-2016-bij-het-ministerie-van-szw/Beantwoording_vragen_Tweede_Kamer_over_de_Resultaten_verantwoordingsonderzoek_2016_bij_het_Ministerie_van_SZW.pdf	2017-06-08	17003428 R	Beantwoording vragen Tweede Kamer over de Resultaten verantwoordingsonderzoek 2016 bij het Ministerie van SZW	8 juni 2017	2016-2017	12	Is de Rekenkamer van mening dat het meenemen van de aanbevelingen in de Inspectie Control Framework door de minister, afdoende is voor het meten van de effectiviteit van het gevoerde beleid?	Dit is afhankelijk van hoe de minister onze aanbeveling inpast in het nieuwe Inspectie Control Framework. Wij hebben het nieuwe ICF niet onderzocht.			DEFL	H	De AR geeft aan dat zij het nieuwe ICF niet heeft onderzocht en dus geen inhoudelijk oordeel kan geven over de vraag. Er wordt geen substantieel antwoord geleverd; het is een doorverwijzing naar toekomstig onderzoek of de minister.	SCOPE	
69	rekenkamer__kamerstuk:2017:06:08:beantwoording-vragen-tweede-kamer-over-de-resultaten-verantwoordingsonderzoek-2016-bij-het-ministerie-van-veiligheid-en-justitie	Beantwoording vragen Tweede Kamer over de Resultaten verantwoordingsonderzoek 2016 bij het Ministerie van Veiligheid en Justitie	https://www.rekenkamer.nl/binaries/rekenkamer/documenten/kamerstukken/2017/06/08/beantwoording-vragen-tweede-kamer-over-de-resultaten-verantwoordingsonderzoek-2016-bij-het-ministerie-van-veiligheid-en-justitie/Beantwoording_vragen_Tweede_Kamer_over_de_Resultaten_verantwoordingsonderzoek_2016_bij_het_Ministerie_van_VenJ.pdf	2017-06-08	17003370 R	Beantwoording vragen Tweede Kamer over de Resultaten verantwoordingsonderzoek 2016 bij het Ministerie van Veiligheid en Justitie	8 juni 2017	2016-2017	1	Wat is de oorzaak van de hogere ontvangsten van het afpakken van crimineel vermogen?	We hebben geconstateerd dat dit resultaat wordt bepaald door enkele grote zaken. Wij hebben echter geen specifiek onderzoek verricht naar de oorzaak van de hogere ontvangsten van het afpakken van crimineel vermogen. Het is aan de minister van Veiligheid en Justitie om deze vraag te beantwoorden. In het Jaarverslag 2016 van het Ministerie van Veiligheid en Justitie, bladzijde 66, is vermeld: 'Het afpakken van crimineel vermogen is een prioriteit van het kabinet en het stuurt met het ketenprogramma afpakken dan ook op ambitieuze doelstellingen. Het OM zet in het kader van de strafrechtelijke vervolging onder meer in op ontnemingsvorderingen van wederrechtelijk verkregen voordeel, verbeurdverklaringen en ontnemingen als onderdeel van een transactie of schikking. In 2016 is in totaal een afpakbedrag ontvangen van € 416,5 miljoen. (incl. profijtrente)'.		Jaarverslag 2016: Ministerie van Veiligheid en Justitie, bladzijde 66	DEFL	H	De AR geeft expliciet aan geen specifiek onderzoek te hebben verricht naar de oorzaak en verwijst naar de minister voor beantwoording. De korte feitelijke constatering ('bepaald door enkele grote zaken') en het citaat uit het jaarverslag zijn slechts context; de kern is dat de AR de vraag niet substantieel beantwoordt.	SCOPE	
69	rekenkamer__kamerstuk:2017:06:08:beantwoording-vragen-tweede-kamer-over-de-resultaten-verantwoordingsonderzoek-2016-bij-het-ministerie-van-veiligheid-en-justitie	Beantwoording vragen Tweede Kamer over de Resultaten verantwoordingsonderzoek 2016 bij het Ministerie van Veiligheid en Justitie	https://www.rekenkamer.nl/binaries/rekenkamer/documenten/kamerstukken/2017/06/08/beantwoording-vragen-tweede-kamer-over-de-resultaten-verantwoordingsonderzoek-2016-bij-het-ministerie-van-veiligheid-en-justitie/Beantwoording_vragen_Tweede_Kamer_over_de_Resultaten_verantwoordingsonderzoek_2016_bij_het_Ministerie_van_VenJ.pdf	2017-06-08	17003370 R	Beantwoording vragen Tweede Kamer over de Resultaten verantwoordingsonderzoek 2016 bij het Ministerie van Veiligheid en Justitie	8 juni 2017	2016-2017	8	Wat zijn de (geschatte) financiële gevolgen van de achterblijvende aanpak witwasbestrijding?	Wij hebben geen specifiek onderzoek verricht naar de (geschatte) financiële gevolgen van de achterblijvende aanpak witwasbestrijding. Wel constateren we dat er stappen worden gezet om inzicht in de voornaamste witwasrisico's voor Nederland te krijgen en in de resultaten van de witwasbestrijding. Een punt van zorg blijft dat de in 2008 toegezegde verbeteringen nog niet volledig zijn gerealiseerd. Het belang van een National Risk Assessment Witwassen en een Beleidsmonitor Witwassen blijft onveranderd groot. Het is daarom volgens ons aan de minister van Veiligheid en Justitie en de minister van Financiën om deze vraag te beantwoorden.			DEFL	H	De AR geeft expliciet aan geen specifiek onderzoek te hebben verricht naar de gevraagde financiële gevolgen en verwijst de vraag door naar de minister van Veiligheid en Justitie en de minister van Financiën. Hoewel er enkele contextuele opmerkingen worden gemaakt (punt van zorg, belang van instrumenten), wordt de inhoudelijke vraag niet beantwoord, wat DEFL oplevert.	SCOPE	
69	rekenkamer__kamerstuk:2017:06:08:beantwoording-vragen-tweede-kamer-over-de-resultaten-verantwoordingsonderzoek-2016-bij-het-ministerie-van-veiligheid-en-justitie	Beantwoording vragen Tweede Kamer over de Resultaten verantwoordingsonderzoek 2016 bij het Ministerie van Veiligheid en Justitie	https://www.rekenkamer.nl/binaries/rekenkamer/documenten/kamerstukken/2017/06/08/beantwoording-vragen-tweede-kamer-over-de-resultaten-verantwoordingsonderzoek-2016-bij-het-ministerie-van-veiligheid-en-justitie/Beantwoording_vragen_Tweede_Kamer_over_de_Resultaten_verantwoordingsonderzoek_2016_bij_het_Ministerie_van_VenJ.pdf	2017-06-08	17003370 R	Beantwoording vragen Tweede Kamer over de Resultaten verantwoordingsonderzoek 2016 bij het Ministerie van Veiligheid en Justitie	8 juni 2017	2016-2017	9	Ligt het in de lijn der verwachting dat gezien de omvang van de nog uit te voeren werkzaamheden met betrekking tot de reorganisatie van de politie, de bedrijfsvoering in 2017 op orde zal zijn? Zo nee, op welke termijn acht u dit wel realistisch?	De politie is een zelfstandige organisatie met een eigen accountant en een eigen begrotings- en verantwoordingssystematiek. Desalniettemin besteden we in ons jaarlijkse verantwoordingsonderzoek sinds een aantal jaar specifieke aandacht aan deze organisatie. Twee redenen liggen hieraan ten grondslag. Niet alleen heeft de politie door het brede takenpakket een belangrijke functie binnen het openbaar bestuur, maar de minister van Veiligheid en Justitie heeft ook vergaande bevoegdheden jegens de politie. In het verantwoordingsonderzoek 2016 hebben wij onderzoek gedaan naar capaciteitsmanagement en het parlement daarover geïnformeerd. Het is aan de korpsleiding – gegeven de uitspraak dat aan het einde van dit jaar 'de basis op orde is' - om zich hierover jegens de minister van Veiligheid en Justitie te verantwoorden. Vervolgens dient de minister het parlement te informeren.			DEFL	H	De AR beantwoordt de vraag niet inhoudelijk: zij geeft aan dat het aan de korpsleiding en vervolgens de minister is om zich hierover te verantwoorden en het parlement te informeren. Er wordt geen eigen oordeel gegeven over of de bedrijfsvoering in 2017 op orde zal zijn; de AR verwijst door naar andere verantwoordelijke partijen.	MIN_POL|SCOPE	
69	rekenkamer__kamerstuk:2017:06:08:beantwoording-vragen-tweede-kamer-over-de-resultaten-verantwoordingsonderzoek-2016-bij-het-ministerie-van-veiligheid-en-justitie	Beantwoording vragen Tweede Kamer over de Resultaten verantwoordingsonderzoek 2016 bij het Ministerie van Veiligheid en Justitie	https://www.rekenkamer.nl/binaries/rekenkamer/documenten/kamerstukken/2017/06/08/beantwoording-vragen-tweede-kamer-over-de-resultaten-verantwoordingsonderzoek-2016-bij-het-ministerie-van-veiligheid-en-justitie/Beantwoording_vragen_Tweede_Kamer_over_de_Resultaten_verantwoordingsonderzoek_2016_bij_het_Ministerie_van_VenJ.pdf	2017-06-08	17003370 R	Beantwoording vragen Tweede Kamer over de Resultaten verantwoordingsonderzoek 2016 bij het Ministerie van Veiligheid en Justitie	8 juni 2017	2016-2017	10	Acht u het realistisch dat in 2017 de afgesproken operationele politiesterkte maximaal 49802 fte zal omvatten? Zo nee, op welke termijn acht u dit wel realistisch?	Op basis van het door ons uitgevoerde onderzoek naar capaciteitsmanagement, waarbij wij hebben onderzocht of de politie stuurt op de meest effectieve inzet van haar capaciteit, kunnen wij hierover geen uitspraak doen. De minister van Veiligheid en Justitie heeft in 2012 met de Tweede Kamer een operationele politiesterkte van maximaal 49.802 fte afgesproken.			DEFL	H	De AR geeft expliciet aan 'kunnen wij hierover geen uitspraak doen' en verwijst impliciet naar de minister. Er wordt geen inhoudelijk antwoord op de vraag gegeven; de enige feitelijke zin is achtergrondinformatie, geen substantiële beantwoording.	SCOPE	
69	rekenkamer__kamerstuk:2017:06:08:beantwoording-vragen-tweede-kamer-over-de-resultaten-verantwoordingsonderzoek-2016-bij-het-ministerie-van-veiligheid-en-justitie	Beantwoording vragen Tweede Kamer over de Resultaten verantwoordingsonderzoek 2016 bij het Ministerie van Veiligheid en Justitie	https://www.rekenkamer.nl/binaries/rekenkamer/documenten/kamerstukken/2017/06/08/beantwoording-vragen-tweede-kamer-over-de-resultaten-verantwoordingsonderzoek-2016-bij-het-ministerie-van-veiligheid-en-justitie/Beantwoording_vragen_Tweede_Kamer_over_de_Resultaten_verantwoordingsonderzoek_2016_bij_het_Ministerie_van_VenJ.pdf	2017-06-08	17003370 R	Beantwoording vragen Tweede Kamer over de Resultaten verantwoordingsonderzoek 2016 bij het Ministerie van Veiligheid en Justitie	8 juni 2017	2016-2017	11	Welke extra kosten worden gemaakt door de nu nog boventallige 1400 fte bij de politie?	Wij hebben geen specifiek onderzoek verricht naar de extra kosten van de eind 2016 nog boventallige 1.400 fte. Het is aan de minister van Veiligheid en Justitie om deze vraag te beantwoorden.			DEFL	H	De AR geeft aan dit niet onderzocht te hebben en verwijst naar de minister voor beantwoording. Er is geen substantiële inhoud; dit is een klassiek DEFL-antwoord.	SCOPE	
69	rekenkamer__kamerstuk:2017:06:08:beantwoording-vragen-tweede-kamer-over-de-resultaten-verantwoordingsonderzoek-2016-bij-het-ministerie-van-veiligheid-en-justitie	Beantwoording vragen Tweede Kamer over de Resultaten verantwoordingsonderzoek 2016 bij het Ministerie van Veiligheid en Justitie	https://www.rekenkamer.nl/binaries/rekenkamer/documenten/kamerstukken/2017/06/08/beantwoording-vragen-tweede-kamer-over-de-resultaten-verantwoordingsonderzoek-2016-bij-het-ministerie-van-veiligheid-en-justitie/Beantwoording_vragen_Tweede_Kamer_over_de_Resultaten_verantwoordingsonderzoek_2016_bij_het_Ministerie_van_VenJ.pdf	2017-06-08	17003370 R	Beantwoording vragen Tweede Kamer over de Resultaten verantwoordingsonderzoek 2016 bij het Ministerie van Veiligheid en Justitie	8 juni 2017	2016-2017	13	Op welke termijn acht u het realistisch dat de herplaatsing van het politiepersoneel afgerond zal zijn?	Hier hebben wij geen specifiek onderzoek naar verricht. Het is aan de minister van Veiligheid en Justitie om deze vraag te beantwoorden.			DEFL	H	De AR geeft expliciet aan geen onderzoek te hebben verricht en verwijst naar de minister voor beantwoording. Er wordt geen inhoudelijke informatie gegeven.	MIN_POL|SCOPE	
70	rekenkamer__kamerstuk:2017:06:12:beantwoording-vragen-tweede-kamer-over-de-resultaten-verantwoordingsonderzoek-2016-bij-het-ministerie-van-financien	Beantwoording vragen Tweede Kamer over de Resultaten verantwoordingsonderzoek 2016 bij het Ministerie van Financiën	https://www.rekenkamer.nl/binaries/rekenkamer/documenten/kamerstukken/2017/06/12/beantwoording-vragen-tweede-kamer-over-de-resultaten-verantwoordingsonderzoek-2016-bij-het-ministerie-van-financien/Beantwoording_vragen_Tweede_Kamer_over_de_Resultaten_verantwoordingsonderzoek_2016_bij_het_Ministerie_van_Financien.pdf	2017-06-12	17003376 R	Beantwoording vragen Tweede Kamer over de Resultaten verantwoordingsonderzoek 2016 bij het Ministerie van Financiën en Nationale Schuld	12 juni 2017	2016-2017	2	Wat betekenen de nog te realiseren taakstellingen (543 miljoen euro) op de Belastingdienst voor de continuïteit van het functioneren van de Belastingdienst?	Wij hebben geen specifiek onderzoek gedaan naar de mogelijke gevolgen van de nog te realiseren taakstellingen. Eén en ander is mede afhankelijk van de wijze waarop de Belastingdienst de resterende taakstellingen voornemens is in te vullen. Wij hebben daar op dit moment geen zicht op.			DEFL	H	De AR geeft expliciet aan geen specifiek onderzoek te hebben gedaan naar dit onderwerp en er op dit moment geen zicht op te hebben. Er wordt geen inhoudelijk antwoord gegeven op de gestelde vraag.	SCOPE	
70	rekenkamer__kamerstuk:2017:06:12:beantwoording-vragen-tweede-kamer-over-de-resultaten-verantwoordingsonderzoek-2016-bij-het-ministerie-van-financien	Beantwoording vragen Tweede Kamer over de Resultaten verantwoordingsonderzoek 2016 bij het Ministerie van Financiën	https://www.rekenkamer.nl/binaries/rekenkamer/documenten/kamerstukken/2017/06/12/beantwoording-vragen-tweede-kamer-over-de-resultaten-verantwoordingsonderzoek-2016-bij-het-ministerie-van-financien/Beantwoording_vragen_Tweede_Kamer_over_de_Resultaten_verantwoordingsonderzoek_2016_bij_het_Ministerie_van_Financien.pdf	2017-06-12	17003376 R	Beantwoording vragen Tweede Kamer over de Resultaten verantwoordingsonderzoek 2016 bij het Ministerie van Financiën en Nationale Schuld	12 juni 2017	2016-2017	12	Welke aanvullende acties zijn volgens de ARK nodig om de Belastingdienst op orde te krijgen?	Of, en zo ja welke aanvullende acties nodig zijn om de Belastingdienst op orde te krijgen kan op dit moment niet worden aangegeven. De minister en de staatssecretaris van Financiën hebben een reeks van maatregelen aangekondigd en voor een groot deel al in gang gezet. Voorbeelden van deze maatregelen zijn: • het herijken van de aanpak om de doelen van de Investeringsagenda te realiseren; • het benoemen van een project-plaatsvervangend secretaris-generaal die de aanbevelingen van de Commissie Onderzoek Belastingdienst implementeert; • het ontwikkelen van een Meerjarige Personeelsplanning en • het versterken van de directie Financieel-economische Zaken (FEZ) op het gebied van de control ten aanzien van zowel het kerndepartement als de Belastingdienst, evenals op de ondersteuning van de eigenaarsrol van de SG. Het zal afhangen van de effectiviteit van deze maatregelen of er meer acties nodig zijn.			DEFL	H	De AR geeft expliciet aan dat zij op dit moment niet kan aangeven welke aanvullende acties nodig zijn ('kan op dit moment niet worden aangegeven'). Vervolgens somt zij maatregelen op die de minister en staatssecretaris al hebben aangekondigd, zonder zelf een inhoudelijk standpunt in te nemen of aanbevelingen te doen. Het antwoord ontwijkt de vraag substantieel.	FUTURE	
70	rekenkamer__kamerstuk:2017:06:12:beantwoording-vragen-tweede-kamer-over-de-resultaten-verantwoordingsonderzoek-2016-bij-het-ministerie-van-financien	Beantwoording vragen Tweede Kamer over de Resultaten verantwoordingsonderzoek 2016 bij het Ministerie van Financiën	https://www.rekenkamer.nl/binaries/rekenkamer/documenten/kamerstukken/2017/06/12/beantwoording-vragen-tweede-kamer-over-de-resultaten-verantwoordingsonderzoek-2016-bij-het-ministerie-van-financien/Beantwoording_vragen_Tweede_Kamer_over_de_Resultaten_verantwoordingsonderzoek_2016_bij_het_Ministerie_van_Financien.pdf	2017-06-12	17003376 R	Beantwoording vragen Tweede Kamer over de Resultaten verantwoordingsonderzoek 2016 bij het Ministerie van Financiën en Nationale Schuld	12 juni 2017	2016-2017	13	Hoeveel budget is nodig om de plannen voor het aanpassen van de IT-legacy-problemen te kunnen uitvoeren?	Wij hebben geen zicht op het budget dat nodig is om de plannen voor het aanpassen van de IT-legacy-problemen te kunnen uitvoeren. Het is volgens ons aan de minister en de staatssecretaris van Financiën om deze vraag te beantwoorden.			DEFL	H	De AR geeft expliciet aan geen zicht te hebben op het gevraagde budget en verwijst door naar de minister en staatssecretaris van Financiën. Er wordt geen substantiële inhoud geleverd.	MIN_POL	
74	rekenkamer__kamerstuk:2017:06:13:beantwoording-vragen-tweede-kamer-over-de-resultaten-verantwoordingsonderzoek-2016-bij-het-ministerie-van-vws	Beantwoording vragen Tweede Kamer over de Resultaten verantwoordingsonderzoek 2016 bij het Ministerie van VWS	https://www.rekenkamer.nl/binaries/rekenkamer/documenten/kamerstukken/2017/06/13/beantwoording-vragen-tweede-kamer-over-de-resultaten-verantwoordingsonderzoek-2016-bij-het-ministerie-van-vws/Beantwoording_vragen_Tweede_Kamer_over_de_Resultaten_verantwoordingsonderzoek_2016_bij_het_Ministerie_van_VWS.pdf	2017-06-13	17003372 R	Beantwoording vragen Tweede Kamer over de Resultaten verantwoordingsonderzoek 2016 bij het Ministerie van VWS	13 juni 2017	<UNKNOWN>	5	Twee jaar na invoering functioneert het systeem van het trekkingsrecht pgb nog steeds niet als beoogd, is terugkeer naar het oude systeem totdat er een goed werkend systeem is een oplossing?	Wij gaan in ons onderzoek uit van de vigerende de wet- en regelgeving. De vraag of terugkeer naar het oude systeem totdat er een goed werkend systeem mogelijk een oplossing is, is daarom niet onderzocht.			DEFL	H	De AR geeft expliciet aan dat zij dit niet heeft onderzocht en dat het buiten de reikwijdte van hun onderzoek valt. Er wordt geen inhoudelijk antwoord op de vraag gegeven.	SCOPE	
74	rekenkamer__kamerstuk:2017:06:13:beantwoording-vragen-tweede-kamer-over-de-resultaten-verantwoordingsonderzoek-2016-bij-het-ministerie-van-vws	Beantwoording vragen Tweede Kamer over de Resultaten verantwoordingsonderzoek 2016 bij het Ministerie van VWS	https://www.rekenkamer.nl/binaries/rekenkamer/documenten/kamerstukken/2017/06/13/beantwoording-vragen-tweede-kamer-over-de-resultaten-verantwoordingsonderzoek-2016-bij-het-ministerie-van-vws/Beantwoording_vragen_Tweede_Kamer_over_de_Resultaten_verantwoordingsonderzoek_2016_bij_het_Ministerie_van_VWS.pdf	2017-06-13	17003372 R	Beantwoording vragen Tweede Kamer over de Resultaten verantwoordingsonderzoek 2016 bij het Ministerie van VWS	13 juni 2017	<UNKNOWN>	6	Veertig procent van de betalingen is onrechtmatig doordat controles ontbreken, hoe groot is het bedrag wat teruggevorderd moet worden?	De staatssecretaris van VWS heeft in overleg met uw Kamer besloten om prioriteit te leggen bij de uitbetalingen en een aantal controles op de declaraties niet uit te voeren, het zogeheten coulancebeleid. De betalingen die onrechtmatig zijn door dit coulancebeleid worden daarom in principe niet teruggevorderd. We hebben geen onderzoek gedaan welk bedragen de SVB, gemeenten en zorgkantoren om andere redenen hebben teruggevorderd. Het feit dat een betaling onrechtmatig is, wil overigens niet zeggen dat er geen zorg is verleend. Een betaling kan bijvoorbeeld onrechtmatig zijn omdat de ingestuurde declaratie niet aan alle formele vereisten voldeed op het moment van uitbetaling.			DEFL	M	De AR geeft aan geen onderzoek te hebben gedaan naar teruggevorderde bedragen en legt uit waarom terugvordering in principe niet plaatsvindt (coulancebeleid). Er wordt context geboden, maar de kernvraag ('hoe groot is het bedrag?') wordt niet beantwoord. De uitleg is een verantwoording van waarom niet geantwoord kan worden, wat nog steeds DEFL is.	SCOPE	
74	rekenkamer__kamerstuk:2017:06:13:beantwoording-vragen-tweede-kamer-over-de-resultaten-verantwoordingsonderzoek-2016-bij-het-ministerie-van-vws	Beantwoording vragen Tweede Kamer over de Resultaten verantwoordingsonderzoek 2016 bij het Ministerie van VWS	https://www.rekenkamer.nl/binaries/rekenkamer/documenten/kamerstukken/2017/06/13/beantwoording-vragen-tweede-kamer-over-de-resultaten-verantwoordingsonderzoek-2016-bij-het-ministerie-van-vws/Beantwoording_vragen_Tweede_Kamer_over_de_Resultaten_verantwoordingsonderzoek_2016_bij_het_Ministerie_van_VWS.pdf	2017-06-13	17003372 R	Beantwoording vragen Tweede Kamer over de Resultaten verantwoordingsonderzoek 2016 bij het Ministerie van VWS	13 juni 2017	<UNKNOWN>	8	"In het rapport geeft de Algemene Rekenkamer aan: ""De staatssecretaris van VWS heeft de regie voor het bouwen van het portaal uit handen gegeven aan verzekeraar DSW. Hij is geen opdrachtgever en heeft hierdoor geen invloed meer op hoe het portaal er precies uit gaat zien en wanneer het portaal af moet zijn. De staatssecretaris heeft wel met Zorgverzekeraars Nederland voorwaarden afgesproken waar het portaal aan moet voldoen, bijvoorbeeld de functionele eisen zoals opgesteld door Per Saldo. Net als de ketenpartijen moet de staatssecretaris afwachten of en in hoeverre het door verzekeraar DSW te bouwen portaal voldoet aan deze eisen en wanneer het gereed is. De staatssecretaris maakt zich bij het uitoefenen van zijn wettelijke verantwoordelijkheid voor de pgb-keten afhankelijk van een private partij zonder directe invloed. Wij beschouwen dat als een ongewenste situatie"". Voldoet de regering met deze constructie wel aan de wet, naar het oordeel van Algemene Rekenkamer?"	De staatssecretaris van VWS heeft advies gevraagd aan de landsadvocaat in hoeverre deze constructie in strijd is met het Aanbestedingsrecht. Wij hebben hier geen onderzoek naar gedaan. In ons rapport wijzen wij alleen op de risico's van deze constructie in relatie tot de verantwoordelijkheid van de staatsecretaris van VWS voor het tot stand brengen van een goed functionerende keten van pgb-trekkingsrechten.			DEFL	H	De AR geeft expliciet aan dat zij hier geen onderzoek naar heeft gedaan en verwijst naar de landsadvocaat. Er wordt geen inhoudelijk oordeel gegeven over de vraag of de constructie voldoet aan de wet; de AR beantwoordt de vraag dus niet substantieel.	SCOPE	
74	rekenkamer__kamerstuk:2017:06:13:beantwoording-vragen-tweede-kamer-over-de-resultaten-verantwoordingsonderzoek-2016-bij-het-ministerie-van-vws	Beantwoording vragen Tweede Kamer over de Resultaten verantwoordingsonderzoek 2016 bij het Ministerie van VWS	https://www.rekenkamer.nl/binaries/rekenkamer/documenten/kamerstukken/2017/06/13/beantwoording-vragen-tweede-kamer-over-de-resultaten-verantwoordingsonderzoek-2016-bij-het-ministerie-van-vws/Beantwoording_vragen_Tweede_Kamer_over_de_Resultaten_verantwoordingsonderzoek_2016_bij_het_Ministerie_van_VWS.pdf	2017-06-13	17003372 R	Beantwoording vragen Tweede Kamer over de Resultaten verantwoordingsonderzoek 2016 bij het Ministerie van VWS	13 juni 2017	<UNKNOWN>	11	Vindt de Algemene Rekenkamer dat de SVB verantwoordelijk moet blijven voor de betaalfunctie en het uitvoeren van het budgetbeheer van het trekkingsrecht pgb?	Wij wijzen in ons rapport op het belang van een duidelijke afbakening van taken en verantwoordelijkheden. Dit geldt voor iedere mogelijke nieuwe inrichting van de keten ongeacht of dit met of zonder de SVB is. Voor ons onderzoek is de huidige wet- en regelgeving het uitgangspunt, wij hebben daarom geen onderzoek gedaan naar de vraag of de SVB verantwoordelijk moet blijven voor de betaalfunctie en het budgetbeheer.			DEFL	H	De AR geeft expliciet aan dat zij geen onderzoek heeft gedaan naar de gestelde vraag en beantwoordt deze dus niet inhoudelijk. De opmerking over duidelijke afbakening is een algemene kanttekening, geen substantieel antwoord op de vraag of de SVB verantwoordelijk moet blijven.	SCOPE	
74	rekenkamer__kamerstuk:2017:06:13:beantwoording-vragen-tweede-kamer-over-de-resultaten-verantwoordingsonderzoek-2016-bij-het-ministerie-van-vws	Beantwoording vragen Tweede Kamer over de Resultaten verantwoordingsonderzoek 2016 bij het Ministerie van VWS	https://www.rekenkamer.nl/binaries/rekenkamer/documenten/kamerstukken/2017/06/13/beantwoording-vragen-tweede-kamer-over-de-resultaten-verantwoordingsonderzoek-2016-bij-het-ministerie-van-vws/Beantwoording_vragen_Tweede_Kamer_over_de_Resultaten_verantwoordingsonderzoek_2016_bij_het_Ministerie_van_VWS.pdf	2017-06-13	17003372 R	Beantwoording vragen Tweede Kamer over de Resultaten verantwoordingsonderzoek 2016 bij het Ministerie van VWS	13 juni 2017	<UNKNOWN>	13	Verwacht de Algemene Rekenkamer dat het budgethoudersportaal begin 2018 klaar is?	Daar hebben wij geen zicht op zolang DSW het budgethoudersportaal nog niet heeft opgeleverd. Dit is anno mei 2017 nog niet het geval.			DEFL	H	De AR geeft aan geen zicht te hebben op de vraag en kan dus geen inhoudelijk antwoord geven. Dit is een klassiek geval van DEFL: de AR meldt dat zij hierover geen uitspraak kan doen.	FUTURE	
74	rekenkamer__kamerstuk:2017:06:13:beantwoording-vragen-tweede-kamer-over-de-resultaten-verantwoordingsonderzoek-2016-bij-het-ministerie-van-vws	Beantwoording vragen Tweede Kamer over de Resultaten verantwoordingsonderzoek 2016 bij het Ministerie van VWS	https://www.rekenkamer.nl/binaries/rekenkamer/documenten/kamerstukken/2017/06/13/beantwoording-vragen-tweede-kamer-over-de-resultaten-verantwoordingsonderzoek-2016-bij-het-ministerie-van-vws/Beantwoording_vragen_Tweede_Kamer_over_de_Resultaten_verantwoordingsonderzoek_2016_bij_het_Ministerie_van_VWS.pdf	2017-06-13	17003372 R	Beantwoording vragen Tweede Kamer over de Resultaten verantwoordingsonderzoek 2016 bij het Ministerie van VWS	13 juni 2017	<UNKNOWN>	15	De Algemene Rekenkamer concludeert dat bij verwachtingen van het toezicht van de Inspectie voor de Gezondheidszorg er enerzijds het uitgangspunt is om door middel van toezicht bij te dragen aan het lerende vermogen van zorgaanbieders, maar anderzijds heerst er bij tijd en wijle een klimaat waarin geen enkele fout geaccepteerd lijkt te worden en zorgaanbieders via de publieke discussie de maat wordt genomen. Wat is het oordeel van de Algemene Rekenkamer hierover en waarom heeft de Algemene Rekenkamer hierop geen aanbeveling gedaan?	In ons onderzoek hebben wij de focus gelegd op de inrichting van het toezicht op goed bestuur door de IGZ. Wij hebben geconstateerd dat de IGZ belangrijke voorwaarden heeft geschapen om de uitgangspunten van het toezicht op goed bestuur in de praktijk te kunnen brengen. In de bredere context bezien, viel ons de genoemde spanning op tussen de verwachtingen die verbonden worden aan het toezicht op goed bestuur door de IGZ. Wij hebben aan deze kanttekening geen oordeel en aanbeveling verbonden, omdat het niet de kern van onze analyse betreft. In de reactie op ons concept-rapport schreef de minister dat de inspectie de genoemde spanning herkent.			DEFL	M	De AR legt uit waarom zij geen oordeel en aanbeveling heeft gegeven ('het betreft niet de kern van onze analyse') en beantwoordt de vraag naar hun oordeel en aanbeveling dus niet inhoudelijk. Hoewel er feitelijke context wordt geschetst, is de kern van het antwoord een uitleg waarom de AR de vraag niet substantieel kan beantwoorden.	SCOPE	
75	rekenkamer__kamerstuk:2017:06:13:beantwoording-vragen-tweede-kamer-over-de-resultaten-verantwoordingsonderzoek-2016-wonen-en-rijksdienst	Beantwoording vragen Tweede Kamer over de Resultaten verantwoordingsonderzoek 2016 Wonen en Rijksdienst	https://www.rekenkamer.nl/binaries/rekenkamer/documenten/kamerstukken/2017/06/13/beantwoording-vragen-tweede-kamer-over-de-resultaten-verantwoordingsonderzoek-2016-wonen-en-rijksdienst/Beantwoording_vragen_Tweede_Kamer_over_de_Resultaten_verantwoordingsonderzoek_2016_bij_Wonen_en_Rijksdienst.pdf	2017-06-13	17003944 R	Beantwoording vragen Tweede Kamer over de Resultaten verantwoordingsonderzoek 2016 bij Wonen en Rijksdienst	13 juni 2017	2016-2017	1	Wat is de oorzaak van de onrechtmatige toekenning van huurtoeslag? Klopt het dat huurtoeslag wordt vastgesteld over het door de belastingdienst vastgestelde inkomen van (t-2)? Zo ja: hoe kan het dat er nog zo veel teruggevorderd moet worden, c.q. zo veel te veel werd uitbetaald? In 2014 was dit 14,5%, hoeveel was dit in 2015? Hoe kan het zo zijn dat 6% van de 14,5% in 2014 niet te innen bleek te zijn? Hoeveel werd er in 2014 en 2015 te weinig uitbetaald en moest er nog nabetaald worden?	Zie antwoord vraag 1a, 1b, 1c en 1d			DEFL	H	De AR verwijst uitsluitend naar antwoorden bij andere vragen zonder zelf inhoudelijke informatie te geven. Er is geen substantieel antwoord op de gestelde vraag.	CROSS_REF	
75	rekenkamer__kamerstuk:2017:06:13:beantwoording-vragen-tweede-kamer-over-de-resultaten-verantwoordingsonderzoek-2016-wonen-en-rijksdienst	Beantwoording vragen Tweede Kamer over de Resultaten verantwoordingsonderzoek 2016 Wonen en Rijksdienst	https://www.rekenkamer.nl/binaries/rekenkamer/documenten/kamerstukken/2017/06/13/beantwoording-vragen-tweede-kamer-over-de-resultaten-verantwoordingsonderzoek-2016-wonen-en-rijksdienst/Beantwoording_vragen_Tweede_Kamer_over_de_Resultaten_verantwoordingsonderzoek_2016_bij_Wonen_en_Rijksdienst.pdf	2017-06-13	17003944 R	Beantwoording vragen Tweede Kamer over de Resultaten verantwoordingsonderzoek 2016 bij Wonen en Rijksdienst	13 juni 2017	2016-2017	1	Hoe kan het zo zijn dat 6% van de 14,5% in 2014 niet te innen bleek te zijn?	Wij hebben geen onderzoek gedaan naar de oorzaak van niet te innen vorderingen. In het algemeen zijn de redenen dat vorderingen van de Belastingdienst niet geïnd kunnen worden, de onbekende woon en verblijfplaats van burgers en een restschuld na een traject van schuldsanering.			DEFL	M	De AR geeft expliciet aan geen onderzoek te hebben gedaan naar de oorzaak. Vervolgens wordt slechts algemene achtergrondinformatie gegeven ('in het algemeen'), geen eigen bevinding of analyse. Hoewel er enige feitelijke context wordt geboden, is de kern van het antwoord dat de AR de vraag niet substantieel kan beantwoorden. DEFL wint omdat de inhoud niet specifiek genoeg is om als FEIT te kwalificeren.	SCOPE	
76	rekenkamer__kamerstuk:2018:04:23:beantwoording-vragen-tweede-kamer-bij-rapport-vastgoed-universiteiten	Beantwoording vragen Tweede Kamer bij rapport Vastgoed universiteiten	https://www.rekenkamer.nl/binaries/rekenkamer/documenten/kamerstukken/2018/04/23/beantwoording-vragen-tweede-kamer-bij-rapport-vastgoed-universiteiten/Beantwoording_vragen_Tweede_Kamer_bij_rapport_Vastgoed_universiteiten.pdf	2018-04-23	33 495, nr. 109	Beantwoording vragen Tweede Kamer bij rapport Vastgoed universiteiten	23 april 2018	2017-2018	2	Heeft de Algemene Rekenkamer vergelijkbare onderzoeken gedaan naar vastgoed bij hbo- en mbo-instellingen?	Nee. We doen momenteel onderzoek naar vastgoed bij een klein aantal MBO-instellingen. Daarin staat de vraag centraal welke lessen de minister van Onderwijs, Cultuur en Wetenschap (OCW), de MBO-sector en de onderwijsinstellingen hebben getrokken uit de ervaringen bij Amarantis en ROC Leiden. Publicatie is voorzien in het vierde kwartaal van 2018.			DEFL	H	De AR beantwoordt de vraag niet inhoudelijk: ze geeft aan dat er geen vergelijkbaar onderzoek is gedaan en verwijst naar toekomstig onderzoek (publicatie voorzien in Q4 2018). Er wordt geen substantiële inhoud geleverd over vastgoed bij hbo/mbo-instellingen.	SCOPE	
76	rekenkamer__kamerstuk:2018:04:23:beantwoording-vragen-tweede-kamer-bij-rapport-vastgoed-universiteiten	Beantwoording vragen Tweede Kamer bij rapport Vastgoed universiteiten	https://www.rekenkamer.nl/binaries/rekenkamer/documenten/kamerstukken/2018/04/23/beantwoording-vragen-tweede-kamer-bij-rapport-vastgoed-universiteiten/Beantwoording_vragen_Tweede_Kamer_bij_rapport_Vastgoed_universiteiten.pdf	2018-04-23	33 495, nr. 109	Beantwoording vragen Tweede Kamer bij rapport Vastgoed universiteiten	23 april 2018	2017-2018	5	Kan er een overzicht worden gegeven van het aantal m3 dat per universiteit meer dan een jaar leegstaat?	Nee, wij kunnen hier geen overzicht van geven. Wel willen wij wijzen op het onderscheid tussen 'leegstand' en 'buiten gebruik stellen' van een pand. Panden die buiten gebruik zijn gesteld worden niet meegerekend voor het leegstandscijfer omdat deze panden bijvoorbeeld worden her ontwikkeld of in afwachting zijn van een geïnteresseerde exploitant.			DEFL	H	De AR geeft expliciet aan geen overzicht te kunnen geven en levert geen substantieel inhoudelijk antwoord op de vraag. De aanvullende toelichting over het onderscheid leegstand/buiten gebruik is slechts context bij de deflectie, geen zelfstandige bevinding.	NO_DATA	
76	rekenkamer__kamerstuk:2018:04:23:beantwoording-vragen-tweede-kamer-bij-rapport-vastgoed-universiteiten	Beantwoording vragen Tweede Kamer bij rapport Vastgoed universiteiten	https://www.rekenkamer.nl/binaries/rekenkamer/documenten/kamerstukken/2018/04/23/beantwoording-vragen-tweede-kamer-bij-rapport-vastgoed-universiteiten/Beantwoording_vragen_Tweede_Kamer_bij_rapport_Vastgoed_universiteiten.pdf	2018-04-23	33 495, nr. 109	Beantwoording vragen Tweede Kamer bij rapport Vastgoed universiteiten	23 april 2018	2017-2018	6	Zit er bij de raad van toezicht doorgaans voldoende kennis en kunde op complexe projecten te beoordelen?	We kunnen hier op basis van ons onderzoek geen algemene uitspraak over doen.			DEFL	H	De AR geeft expliciet aan geen uitspraak te kunnen doen op basis van het onderzoek. Er wordt geen inhoudelijk antwoord gegeven op de vraag.	SCOPE	
76	rekenkamer__kamerstuk:2018:04:23:beantwoording-vragen-tweede-kamer-bij-rapport-vastgoed-universiteiten	Beantwoording vragen Tweede Kamer bij rapport Vastgoed universiteiten	https://www.rekenkamer.nl/binaries/rekenkamer/documenten/kamerstukken/2018/04/23/beantwoording-vragen-tweede-kamer-bij-rapport-vastgoed-universiteiten/Beantwoording_vragen_Tweede_Kamer_bij_rapport_Vastgoed_universiteiten.pdf	2018-04-23	33 495, nr. 109	Beantwoording vragen Tweede Kamer bij rapport Vastgoed universiteiten	23 april 2018	2017-2018	10	Kan er een overzicht per universiteit worden gegeven van de huurders die ruimte huren bij een universiteit?	Deze vraag kan niet worden beantwoord aan de hand van ons rapport.			DEFL	H	De AR geeft expliciet aan dat de vraag niet beantwoord kan worden aan de hand van hun rapport, zonder enige substantiële inhoud te leveren. Dit is een klassiek DEFL-antwoord.	NO_DATA	
76	rekenkamer__kamerstuk:2018:04:23:beantwoording-vragen-tweede-kamer-bij-rapport-vastgoed-universiteiten	Beantwoording vragen Tweede Kamer bij rapport Vastgoed universiteiten	https://www.rekenkamer.nl/binaries/rekenkamer/documenten/kamerstukken/2018/04/23/beantwoording-vragen-tweede-kamer-bij-rapport-vastgoed-universiteiten/Beantwoording_vragen_Tweede_Kamer_bij_rapport_Vastgoed_universiteiten.pdf	2018-04-23	33 495, nr. 109	Beantwoording vragen Tweede Kamer bij rapport Vastgoed universiteiten	23 april 2018	2017-2018	19	In hoeverre zijn universiteitsraden betrokken geweest bij de besluitvorming omtrent vastgoedprojecten?	De rol van de universiteitsraden maakte geen onderdeel uit van ons rapport. De nadruk in ons onderzoek bij de analyse van de besluitvorming rond de geselecteerde projecten lag bij de rol van het College van Bestuur, de Raad van Toezicht en de interne controle afdeling. Het instemmingsrecht op hoofdlijnen van de begroting (Wet versterking bestuurskracht onderwijsinstellingen) voor de medezeggenschapsorganen bestond nog niet bij de start van ons onderzoek. De werking van het instemmingsrecht van medezeggenschapsraden op de hoofdlijnen van de begroting kwam wel uitgebreid aan de orde in ons onderzoek Voorinvesteringen en medezeggenschap hoger onderwijs uit 2018 (p. 16 en verder). Zie: https://www.rekenkamer.nl/publicaties/rapporten/2018/01/25/voorinvestering-en-medezeggenschap-hoger-onderwijs			DEFL	H	De AR geeft expliciet aan dat de rol van universiteitsraden geen onderdeel uitmaakte van het rapport en verwijst voor nadere informatie naar een ander onderzoek. Er wordt geen substantieel inhoudelijk antwoord gegeven op de gestelde vraag.	SCOPE	
76	rekenkamer__kamerstuk:2018:04:23:beantwoording-vragen-tweede-kamer-bij-rapport-vastgoed-universiteiten	Beantwoording vragen Tweede Kamer bij rapport Vastgoed universiteiten	https://www.rekenkamer.nl/binaries/rekenkamer/documenten/kamerstukken/2018/04/23/beantwoording-vragen-tweede-kamer-bij-rapport-vastgoed-universiteiten/Beantwoording_vragen_Tweede_Kamer_bij_rapport_Vastgoed_universiteiten.pdf	2018-04-23	33 495, nr. 109	Beantwoording vragen Tweede Kamer bij rapport Vastgoed universiteiten	23 april 2018	2017-2018	20	Welke reden ligt ten grondslag aan het ontbreken van informatie over de bezetting van kantoorhuisvesting?	Deze vraag kan niet worden beantwoord op basis van ons rapport.			DEFL	H	De AR geeft expliciet aan dat de vraag niet beantwoord kan worden op basis van het rapport. Er wordt geen inhoudelijke informatie verstrekt, wat een duidelijke deflectie is.	SCOPE	
77	rekenkamer__kamerstuk:2018:06:05:beantwoording-vragen-tweede-kamer-over-de-resultaten-verantwoordingsonderzoek-2017-bij-het-ministerie-van-economische-zaken-commissie-ezk	Beantwoording vragen Tweede Kamer over de Resultaten verantwoordingsonderzoek 2017 bij het Ministerie van Economische Zaken (Vaste Commissie EZK)	https://www.rekenkamer.nl/binaries/rekenkamer/documenten/kamerstukken/2018/06/06/beantwoording-vragen-tweede-kamer-over-de-resultaten-verantwoordingsonderzoek-2017-bij-het-ministerie-van-economische-zaken-commissie-ezk/Beantwoording_kamervragen_VO2017_EZ_commissie_EZK.pdf	2018-06-05	18003802 R	Beantwoording vragen Tweede Kamer over de Resultaten verantwoordingsonderzoek 2017 bij het Ministerie van Economische Zaken	5 juni 2018	<UNKNOWN>	1	Ten bate van wie komt het bedrag van 20,4 miljoen euro die als basisafdrachten NAM op grond van privaatrechtelijke overeenkomsten wordt ingeboekt? Met andere woorden, is er zicht op hoe dit geld uiteindelijk wordt besteed?	Het bedrag van € 20,4 miljoen betreft een saldering van vooruitbetalingen over 2017 en verrekeningen met te hoge vooruitbetalingen voor voorgaande boekjaren. Omdat wij geen onderzoek hebben gedaan naar de verrekeningen verwijzen wij voor verdere informatie naar de minister van EZK.			DEFL	H	De AR geeft een korte feitelijke toelichting over wat het bedrag betreft, maar beantwoordt de eigenlijke vraag (ten bate van wie en hoe het geld wordt besteed) niet en verwijst expliciet naar de minister van EZK omdat zij dit niet hebben onderzocht. De deflectie domineert: er is geen substantieel antwoord op de gestelde vraag.	MIN_POL|SCOPE	
77	rekenkamer__kamerstuk:2018:06:05:beantwoording-vragen-tweede-kamer-over-de-resultaten-verantwoordingsonderzoek-2017-bij-het-ministerie-van-economische-zaken-commissie-ezk	Beantwoording vragen Tweede Kamer over de Resultaten verantwoordingsonderzoek 2017 bij het Ministerie van Economische Zaken (Vaste Commissie EZK)	https://www.rekenkamer.nl/binaries/rekenkamer/documenten/kamerstukken/2018/06/06/beantwoording-vragen-tweede-kamer-over-de-resultaten-verantwoordingsonderzoek-2017-bij-het-ministerie-van-economische-zaken-commissie-ezk/Beantwoording_kamervragen_VO2017_EZ_commissie_EZK.pdf	2018-06-05	18003802 R	Beantwoording vragen Tweede Kamer over de Resultaten verantwoordingsonderzoek 2017 bij het Ministerie van Economische Zaken	5 juni 2018	<UNKNOWN>	5	Zijn er de afgelopen jaren vermijdbare risico's en/of problemen geweest met betrekking tot de informatiebeveiliging?	Ons onderzoek betrof de centrale sturing van de informatiebeveiliging en de implementatie van specifieke beveiligingsmaatregelen bij twee kritieke systemen. Ons onderzoek biedt onvoldoende basis voor een antwoord op deze vraag.			DEFL	H	De AR geeft expliciet aan dat het onderzoek onvoldoende basis biedt om de vraag te beantwoorden. Er wordt geen substantiële inhoud geleverd; dit is een klassiek DEFL-antwoord.	SCOPE	
77	rekenkamer__kamerstuk:2018:06:05:beantwoording-vragen-tweede-kamer-over-de-resultaten-verantwoordingsonderzoek-2017-bij-het-ministerie-van-economische-zaken-commissie-ezk	Beantwoording vragen Tweede Kamer over de Resultaten verantwoordingsonderzoek 2017 bij het Ministerie van Economische Zaken (Vaste Commissie EZK)	https://www.rekenkamer.nl/binaries/rekenkamer/documenten/kamerstukken/2018/06/06/beantwoording-vragen-tweede-kamer-over-de-resultaten-verantwoordingsonderzoek-2017-bij-het-ministerie-van-economische-zaken-commissie-ezk/Beantwoording_kamervragen_VO2017_EZ_commissie_EZK.pdf	2018-06-05	18003802 R	Beantwoording vragen Tweede Kamer over de Resultaten verantwoordingsonderzoek 2017 bij het Ministerie van Economische Zaken	5 juni 2018	<UNKNOWN>	6	Is er voldoende vertrouwen in de maatregelen om het financiële bewustzijn bij de beleidsdirecties te vergroten?	De minister van EZK heeft in zijn reactie aangegeven dat de stafdirecties de beleidsdirecties nogmaals expliciet zullen wijzen op betreffende interne procedures. Beleidsdirecties waarbij fouten worden geconstateerd moeten dan maatregelen nemen om dat in de toekomst te voorkomen. Het effect daarvan zullen wij beoordelen binnen ons verantwoordingsonderzoek 2018.			DEFL	M	De AR geeft geen inhoudelijk oordeel over of er voldoende vertrouwen is in de maatregelen, maar beschrijft wat de minister heeft aangegeven en verwijst voor de beoordeling naar toekomstig onderzoek (verantwoordingsonderzoek 2018). De vraag wordt daarmee niet substantieel beantwoord.	FUTURE	
79	rekenkamer__kamerstuk:2018:06:05:beantwoording-vragen-tweede-kamer-over-de-resultaten-verantwoordingsonderzoek-2017-bij-het-ministerie-van-financien-en-nationale-schuld	Beantwoording vragen Tweede Kamer over de Resultaten verantwoordingsonderzoek 2017 bij het Ministerie van Financiën en Nationale Schuld	https://www.rekenkamer.nl/binaries/rekenkamer/documenten/kamerstukken/2018/06/06/beantwoording-vragen-tweede-kamer-over-de-resultaten-verantwoordingsonderzoek-2017-bij-het-ministerie-van-financien-en-nationale-schuld/Beantwoording_kamervragen_VO2017_Financien.pdf	2018-06-05	18003801	Beantwoording vragen Tweede Kamer over de Resultaten verantwoordingsonderzoek 2017 bij het Ministerie van Financiën en Nationale Schuld	5 juni 2018	2017-2018	2	Welke stappen dienen te worden gezet om de risico's bij de Belastingdienst te mitigeren?	Het is aan de minister om deze vraag te beantwoorden.			DEFL	H	De AR geeft geen inhoudelijk antwoord maar verwijst expliciet naar de minister. Dit is een klassiek DEFL-patroon: 'Het is aan de minister om deze vraag te beantwoorden.'	MIN_POL	
79	rekenkamer__kamerstuk:2018:06:05:beantwoording-vragen-tweede-kamer-over-de-resultaten-verantwoordingsonderzoek-2017-bij-het-ministerie-van-financien-en-nationale-schuld	Beantwoording vragen Tweede Kamer over de Resultaten verantwoordingsonderzoek 2017 bij het Ministerie van Financiën en Nationale Schuld	https://www.rekenkamer.nl/binaries/rekenkamer/documenten/kamerstukken/2018/06/06/beantwoording-vragen-tweede-kamer-over-de-resultaten-verantwoordingsonderzoek-2017-bij-het-ministerie-van-financien-en-nationale-schuld/Beantwoording_kamervragen_VO2017_Financien.pdf	2018-06-05	18003801	Beantwoording vragen Tweede Kamer over de Resultaten verantwoordingsonderzoek 2017 bij het Ministerie van Financiën en Nationale Schuld	5 juni 2018	2017-2018	3	Voor de continuïteit van welke primaire processen vormt het personeelstekort met name een risico?	Wij hebben geen specifiek onderzoek gedaan naar de vraag voor welke primaire processen het personeelstekort met name een risico kan vormen. Het antwoord op deze vraag kan daarom niet op basis van ons onderzoek worden geven.			DEFL	H	De AR geeft expliciet aan dat zij geen specifiek onderzoek heeft gedaan naar deze vraag en daarom geen inhoudelijk antwoord kan geven. Dit is een klassiek DEFL-patroon: geen substantiële inhoud, alleen uitleg waarom er niet geantwoord kan worden.	SCOPE	
79	rekenkamer__kamerstuk:2018:06:05:beantwoording-vragen-tweede-kamer-over-de-resultaten-verantwoordingsonderzoek-2017-bij-het-ministerie-van-financien-en-nationale-schuld	Beantwoording vragen Tweede Kamer over de Resultaten verantwoordingsonderzoek 2017 bij het Ministerie van Financiën en Nationale Schuld	https://www.rekenkamer.nl/binaries/rekenkamer/documenten/kamerstukken/2018/06/06/beantwoording-vragen-tweede-kamer-over-de-resultaten-verantwoordingsonderzoek-2017-bij-het-ministerie-van-financien-en-nationale-schuld/Beantwoording_kamervragen_VO2017_Financien.pdf	2018-06-05	18003801	Beantwoording vragen Tweede Kamer over de Resultaten verantwoordingsonderzoek 2017 bij het Ministerie van Financiën en Nationale Schuld	5 juni 2018	2017-2018	5	Kan er een inschatting worden gemaakt van de hoeveelheid tijd die het zal kosten voordat de nieuwe structuren bij zowel het kerndepartement als bij de Belastingdienst volledig werken zoals bedoeld? Welke stappen moeten gezet worden, hoeveel kosten zijn hiermee gemoeid en welk toezicht wordt er gehouden op de nog te maken stappen en op de te realiseren einddoelen?	Wij hebben op basis van ons onderzoek geconcludeerd dat de nieuwe structuren in opzet zijn beschreven, op onderdelen zijn uitgewerkt en deels zijn geïmplementeerd. Hoe lang het gaat duren voor de nieuwe structuren bij zowel het kerndepartement als bij de Belastingdienst volledig werken als bedoeld, valt niet door ons op voorhand te beantwoorden. Dit geldt eveneens voor de kosten die met de nog te nemen stappen gemoeid zijn en het toezicht dat er wordt gehouden op de nog te maken stappen en op de te realiseren einddoelen.			DEFL	H	De AR beschrijft kort de status van de nieuwe structuren (feitelijke constatering), maar beantwoordt de drie deelvragen (doorlooptijd, kosten, toezicht) niet inhoudelijk en geeft expliciet aan dat zij deze vragen niet kan beantwoorden. De kern van het antwoord is een deflectie: 'valt niet door ons op voorhand te beantwoorden'.	FUTURE	
79	rekenkamer__kamerstuk:2018:06:05:beantwoording-vragen-tweede-kamer-over-de-resultaten-verantwoordingsonderzoek-2017-bij-het-ministerie-van-financien-en-nationale-schuld	Beantwoording vragen Tweede Kamer over de Resultaten verantwoordingsonderzoek 2017 bij het Ministerie van Financiën en Nationale Schuld	https://www.rekenkamer.nl/binaries/rekenkamer/documenten/kamerstukken/2018/06/06/beantwoording-vragen-tweede-kamer-over-de-resultaten-verantwoordingsonderzoek-2017-bij-het-ministerie-van-financien-en-nationale-schuld/Beantwoording_kamervragen_VO2017_Financien.pdf	2018-06-05	18003801	Beantwoording vragen Tweede Kamer over de Resultaten verantwoordingsonderzoek 2017 bij het Ministerie van Financiën en Nationale Schuld	5 juni 2018	2017-2018	6	Is de verwachting van de vermindering van het aantal werkpakketten bij de Belastingdienst reëel?	Op verzoek van de minister van Financiën heeft een extern bureau een second opinion (QuickScan) uitgevoerd op de resultaten van de Investeringsagenda uit 2015, inclusief de herijking uit 2017 en de nog uit te voeren herijkingen. Volgens het externe bureau is het niet mogelijk om met de huidige opzet van de herijking van de Investeringsagenda, dat wil zeggen met de tot dat moment ingediende businesscases, de voorgenomen werkpakkettenreductie (2.407 werkpakketten) op het voorgenomen tijdstip (2023) te realiseren. Op het moment van de second opinion waren echter nog niet voor alle activiteiten businesscases opgesteld of voorgelegd. Wij hebben geen informatie op basis waarvan wij een inschatting kunnen maken of uiteindelijk de totaal beoogde werkpakkettenreductie gerealiseerd kan worden.			DEFL	M	De AR citeert bevindingen van een extern bureau (FEIT-element), maar concludeert uiteindelijk dat zij zelf geen inschatting kan maken of de beoogde werkpakkettenreductie haalbaar is ('Wij hebben geen informatie op basis waarvan wij een inschatting kunnen maken'). Dit is in essentie een niet-beantwoording van de gestelde vraag. Aangezien de deflectie het kernantwoord is (de AR kan de vraag niet substantieel beantwoorden), weegt DEFL hier zwaarder, al is er een plausibel alternatief (FEIT).	NO_DATA	
79	rekenkamer__kamerstuk:2018:06:05:beantwoording-vragen-tweede-kamer-over-de-resultaten-verantwoordingsonderzoek-2017-bij-het-ministerie-van-financien-en-nationale-schuld	Beantwoording vragen Tweede Kamer over de Resultaten verantwoordingsonderzoek 2017 bij het Ministerie van Financiën en Nationale Schuld	https://www.rekenkamer.nl/binaries/rekenkamer/documenten/kamerstukken/2018/06/06/beantwoording-vragen-tweede-kamer-over-de-resultaten-verantwoordingsonderzoek-2017-bij-het-ministerie-van-financien-en-nationale-schuld/Beantwoording_kamervragen_VO2017_Financien.pdf	2018-06-05	18003801	Beantwoording vragen Tweede Kamer over de Resultaten verantwoordingsonderzoek 2017 bij het Ministerie van Financiën en Nationale Schuld	5 juni 2018	2017-2018	8	Wanneer zal de besluitvorming over de concrete invulling van het programma na herijking plaatsvinden en ligt dit op schema? Indien dit niet op schema ligt, wat is hiervan de oorzaak en is de verwachting dat hierdoor andere projecten vertraging zullen oplopen? Zo ja, om welke projecten gaat het dan? Zullen hierdoor voorts de kosten hoger uitvallen dan verwacht?	Voor het antwoord op deze vraag verwijzen wij u naar de verantwoordelijke bewindspersonen.			DEFL	H	De AR verwijst de vraag door naar de verantwoordelijke bewindspersonen zonder zelf inhoudelijk antwoord te geven. Dit is een klassiek geval van DEFL.	MIN_POL	
79	rekenkamer__kamerstuk:2018:06:05:beantwoording-vragen-tweede-kamer-over-de-resultaten-verantwoordingsonderzoek-2017-bij-het-ministerie-van-financien-en-nationale-schuld	Beantwoording vragen Tweede Kamer over de Resultaten verantwoordingsonderzoek 2017 bij het Ministerie van Financiën en Nationale Schuld	https://www.rekenkamer.nl/binaries/rekenkamer/documenten/kamerstukken/2018/06/06/beantwoording-vragen-tweede-kamer-over-de-resultaten-verantwoordingsonderzoek-2017-bij-het-ministerie-van-financien-en-nationale-schuld/Beantwoording_kamervragen_VO2017_Financien.pdf	2018-06-05	18003801	Beantwoording vragen Tweede Kamer over de Resultaten verantwoordingsonderzoek 2017 bij het Ministerie van Financiën en Nationale Schuld	5 juni 2018	2017-2018	12	In hoeverre kan een financiële impuls de problemen bij de Belastingdienst verkleinen?	Voor het antwoord op deze vraag verwijzen wij u naar de verantwoordelijke bewindspersonen.			DEFL	H	De AR geeft geen inhoudelijk antwoord en verwijst uitsluitend naar de verantwoordelijke bewindspersonen. Dit is een klassieke deflectie zonder substantiële inhoud.	MIN_POL	
79	rekenkamer__kamerstuk:2018:06:05:beantwoording-vragen-tweede-kamer-over-de-resultaten-verantwoordingsonderzoek-2017-bij-het-ministerie-van-financien-en-nationale-schuld	Beantwoording vragen Tweede Kamer over de Resultaten verantwoordingsonderzoek 2017 bij het Ministerie van Financiën en Nationale Schuld	https://www.rekenkamer.nl/binaries/rekenkamer/documenten/kamerstukken/2018/06/06/beantwoording-vragen-tweede-kamer-over-de-resultaten-verantwoordingsonderzoek-2017-bij-het-ministerie-van-financien-en-nationale-schuld/Beantwoording_kamervragen_VO2017_Financien.pdf	2018-06-05	18003801	Beantwoording vragen Tweede Kamer over de Resultaten verantwoordingsonderzoek 2017 bij het Ministerie van Financiën en Nationale Schuld	5 juni 2018	2017-2018	13	Wat is de oorzaak van het feit dat de Belastingdienst met verouderde software kampt? In hoeverre is dit te wijten aan een gebrek aan financiële middelen?	Wij hebben geen onderzoek gedaan naar de oorzaak van het feit dat de Belastingdienst met verouderde software kampt.			DEFL	H	De AR geeft expliciet aan dat zij geen onderzoek hebben gedaan naar de gestelde vraag en levert geen inhoudelijk antwoord. Dit is een klassiek geval van DEFL.	SCOPE	
79	rekenkamer__kamerstuk:2018:06:05:beantwoording-vragen-tweede-kamer-over-de-resultaten-verantwoordingsonderzoek-2017-bij-het-ministerie-van-financien-en-nationale-schuld	Beantwoording vragen Tweede Kamer over de Resultaten verantwoordingsonderzoek 2017 bij het Ministerie van Financiën en Nationale Schuld	https://www.rekenkamer.nl/binaries/rekenkamer/documenten/kamerstukken/2018/06/06/beantwoording-vragen-tweede-kamer-over-de-resultaten-verantwoordingsonderzoek-2017-bij-het-ministerie-van-financien-en-nationale-schuld/Beantwoording_kamervragen_VO2017_Financien.pdf	2018-06-05	18003801	Beantwoording vragen Tweede Kamer over de Resultaten verantwoordingsonderzoek 2017 bij het Ministerie van Financiën en Nationale Schuld	5 juni 2018	2017-2018	14	Hoeveel kost het beheer en onderhoud van IT-systemen de komende jaren? Zijn deze middelen beschikbaar?	Wij hebben geen onderzoek gedaan naar de omvang van de kosten van het beheer en onderhoud van IT-systemen de komende jaren.			DEFL	H	De AR geeft expliciet aan dat zij geen onderzoek hebben gedaan naar dit onderwerp en biedt geen inhoudelijk antwoord. Dit is een klassiek DEFL-signaal: 'Wij hebben geen onderzoek gedaan naar...'	SCOPE	
80	rekenkamer__kamerstuk:2018:06:05:beantwoording-vragen-tweede-kamer-over-de-resultaten-verantwoordingsonderzoek-2017-bij-het-ministerie-van-ienm	Beantwoording vragen Tweede Kamer over de Resultaten verantwoordingsonderzoek 2017 bij het Ministerie van IenM	https://www.rekenkamer.nl/binaries/rekenkamer/documenten/kamerstukken/2018/06/06/beantwoording-vragen-tweede-kamer-over-de-resultaten-verantwoordingsonderzoek-2017-bij-het-ministerie-van-ienm/Beantwoording_Kamervragen_VO2017_IenM.pdf	2018-06-05	18003800 R	Beantwoording vragen Tweede Kamer over de Resultaten verantwoordingsonderzoek 2017 bij het Ministerie van IenM	5 juni 2018	2017-2018	6	Zijn er dossiers verloren gegaan bij de overgang naar het digitaal archief? Zo ja, welke informatie ontbreekt er?	Wij hebben geen specifiek onderzoek gedaan naar de overheveling van de (digitale) dossiers bij de start van de ANVS. Zodoende kunnen wij niet aangegeven of hierbij informatie verloren is gegaan.			DEFL	H	De AR geeft expliciet aan dat zij geen specifiek onderzoek heeft gedaan naar dit onderwerp en daarom geen inhoudelijk antwoord kan geven. Dit is een klassiek DEFL-antwoord: geen substantiële inhoud, enkel een verklaring waarom de vraag niet beantwoord kan worden.	SCOPE	
82	rekenkamer__kamerstuk:2018:06:07:beantwoording-vragen-tweede-kamer-over-de-resultaten-verantwoordingsonderzoek-2017-bij-het-ministerie-van-justitie-en-veiligheid	Beantwoording vragen Tweede Kamer over de Resultaten verantwoordingsonderzoek 2017 bij het Ministerie van Justitie en Veiligheid	https://www.rekenkamer.nl/binaries/rekenkamer/documenten/kamerstukken/2018/06/07/beantwoording-vragen-tweede-kamer-over-de-resultaten-verantwoordingsonderzoek-2017-bij-het-ministerie-van-justitie-en-veiligheid/Beantwoording_Kamervragen_VO2017_JenV.pdf	2018-06-07	18003798 R	Beantwoording vragen Tweede Kamer over de Resultaten verantwoordingsonderzoek 2017 bij het Ministerie van Justitie en Veiligheid	7 juni 2018	<UNKNOWN>	1	Op welke termijn zou het ministerie van Justitie en Veiligheid inzicht moeten kunnen bieden in de maatregelen die nodig zijn om de knelpunten in de strafrechtketen als geheel op te lossen?	Wij kunnen op grond van ons onderzoek geen termijn noemen. Voor het antwoord op deze vraag verwijzen wij u naar de minister van Justitie en Veiligheid.			DEFL	H	De AR geeft expliciet aan geen termijn te kunnen noemen op grond van eigen onderzoek en verwijst door naar de minister. Er wordt geen inhoudelijk antwoord gegeven op de gestelde vraag.	MIN_POL	
82	rekenkamer__kamerstuk:2018:06:07:beantwoording-vragen-tweede-kamer-over-de-resultaten-verantwoordingsonderzoek-2017-bij-het-ministerie-van-justitie-en-veiligheid	Beantwoording vragen Tweede Kamer over de Resultaten verantwoordingsonderzoek 2017 bij het Ministerie van Justitie en Veiligheid	https://www.rekenkamer.nl/binaries/rekenkamer/documenten/kamerstukken/2018/06/07/beantwoording-vragen-tweede-kamer-over-de-resultaten-verantwoordingsonderzoek-2017-bij-het-ministerie-van-justitie-en-veiligheid/Beantwoording_Kamervragen_VO2017_JenV.pdf	2018-06-07	18003798 R	Beantwoording vragen Tweede Kamer over de Resultaten verantwoordingsonderzoek 2017 bij het Ministerie van Justitie en Veiligheid	7 juni 2018	<UNKNOWN>	2	Kunt u een overzicht geven van de uitgaven van het ministerie van Veiligheid en Justitie in de jaren 2010, 2011, 2012, 2013 en 2014?	Het is volgens ons aan de minister van Justitie en Veiligheid om deze vraag te beantwoorden. Voor het antwoord verwijzen wij dan ook naar de minister aan wie dezelfde vraag is gesteld.			DEFL	H	De AR beantwoordt de vraag niet inhoudelijk en verwijst expliciet naar de minister van Justitie en Veiligheid. Dit is een klassiek DEFL-patroon: 'het is aan de minister' en 'voor het antwoord verwijzen wij naar de minister'.	MIN_POL	
82	rekenkamer__kamerstuk:2018:06:07:beantwoording-vragen-tweede-kamer-over-de-resultaten-verantwoordingsonderzoek-2017-bij-het-ministerie-van-justitie-en-veiligheid	Beantwoording vragen Tweede Kamer over de Resultaten verantwoordingsonderzoek 2017 bij het Ministerie van Justitie en Veiligheid	https://www.rekenkamer.nl/binaries/rekenkamer/documenten/kamerstukken/2018/06/07/beantwoording-vragen-tweede-kamer-over-de-resultaten-verantwoordingsonderzoek-2017-bij-het-ministerie-van-justitie-en-veiligheid/Beantwoording_Kamervragen_VO2017_JenV.pdf	2018-06-07	18003798 R	Beantwoording vragen Tweede Kamer over de Resultaten verantwoordingsonderzoek 2017 bij het Ministerie van Justitie en Veiligheid	7 juni 2018	<UNKNOWN>	4	Heeft u advies aan de minister en/of de Kamer over hoe de asielreserve inzichtelijker gemaakt kan worden en beter gecontroleerd?	Omdat we de feitelijke werking, dat wil zeggen de inzichtelijkheid en controleerbaarheid van de asielreserve als zodanig niet hebben onderzocht, hebben we hierover ook geen advies aan de minister en/of de Kamer.			DEFL	H	De AR geeft expliciet aan dat ze de asielreserve niet hebben onderzocht en daarom geen advies kunnen geven. Er wordt geen inhoudelijk antwoord geleverd; dit is een klassieke DEFL.	SCOPE	
82	rekenkamer__kamerstuk:2018:06:07:beantwoording-vragen-tweede-kamer-over-de-resultaten-verantwoordingsonderzoek-2017-bij-het-ministerie-van-justitie-en-veiligheid	Beantwoording vragen Tweede Kamer over de Resultaten verantwoordingsonderzoek 2017 bij het Ministerie van Justitie en Veiligheid	https://www.rekenkamer.nl/binaries/rekenkamer/documenten/kamerstukken/2018/06/07/beantwoording-vragen-tweede-kamer-over-de-resultaten-verantwoordingsonderzoek-2017-bij-het-ministerie-van-justitie-en-veiligheid/Beantwoording_Kamervragen_VO2017_JenV.pdf	2018-06-07	18003798 R	Beantwoording vragen Tweede Kamer over de Resultaten verantwoordingsonderzoek 2017 bij het Ministerie van Justitie en Veiligheid	7 juni 2018	<UNKNOWN>	6	In hoeverre wijken de in de begroting van het ministerie van Justitie en Veiligheid weergegeven inkomsten uit de ontneming van crimineel vermogen af van de werkelijke bedragen ten gevolge van de onzekerheden over de stand van de openstaande rechten?	Wij kunnen deze vraag niet beantwoorden omdat we de relatie tussen onzekerheden over de stand van de openstaande rechten en de omvang van de inkomsten uit de ontneming van crimineel vermogen niet hebben onderzocht.			DEFL	H	De AR geeft expliciet aan dat ze de gevraagde relatie niet hebben onderzocht en de vraag daarom niet kunnen beantwoorden. Dit is een klassiek DEFL-antwoord zonder enige substantiële inhoud.	SCOPE	
82	rekenkamer__kamerstuk:2018:06:07:beantwoording-vragen-tweede-kamer-over-de-resultaten-verantwoordingsonderzoek-2017-bij-het-ministerie-van-justitie-en-veiligheid	Beantwoording vragen Tweede Kamer over de Resultaten verantwoordingsonderzoek 2017 bij het Ministerie van Justitie en Veiligheid	https://www.rekenkamer.nl/binaries/rekenkamer/documenten/kamerstukken/2018/06/07/beantwoording-vragen-tweede-kamer-over-de-resultaten-verantwoordingsonderzoek-2017-bij-het-ministerie-van-justitie-en-veiligheid/Beantwoording_Kamervragen_VO2017_JenV.pdf	2018-06-07	18003798 R	Beantwoording vragen Tweede Kamer over de Resultaten verantwoordingsonderzoek 2017 bij het Ministerie van Justitie en Veiligheid	7 juni 2018	<UNKNOWN>	7	Is inmiddels meer bekend over de omvang van de openstaande rechten in de afpakketen gericht op de ontneming van crimineel vermogen?	Deze vraag is ook aan de minister van JenV gesteld. Wij verwijzen naar zijn antwoord.			DEFL	H	De AR geeft geen inhoudelijk antwoord en verwijst uitsluitend naar het antwoord van de minister van JenV. Dit is een klassiek geval van deflectie zonder eigen substantiële inhoud.	MIN_POL	
82	rekenkamer__kamerstuk:2018:06:07:beantwoording-vragen-tweede-kamer-over-de-resultaten-verantwoordingsonderzoek-2017-bij-het-ministerie-van-justitie-en-veiligheid	Beantwoording vragen Tweede Kamer over de Resultaten verantwoordingsonderzoek 2017 bij het Ministerie van Justitie en Veiligheid	https://www.rekenkamer.nl/binaries/rekenkamer/documenten/kamerstukken/2018/06/07/beantwoording-vragen-tweede-kamer-over-de-resultaten-verantwoordingsonderzoek-2017-bij-het-ministerie-van-justitie-en-veiligheid/Beantwoording_Kamervragen_VO2017_JenV.pdf	2018-06-07	18003798 R	Beantwoording vragen Tweede Kamer over de Resultaten verantwoordingsonderzoek 2017 bij het Ministerie van Justitie en Veiligheid	7 juni 2018	<UNKNOWN>	8	Zijn de financiële risico's ten gevolge van de problematische voortgang van Programma Kwaliteit en Innovatie rechtspraak (KEI) door het recente besluit van de minister voor Rechtsbescherming voldoende afgedekt?	Deze besluitvorming had op het moment van totstandkoming van het Verantwoordingsonderzoek nog niet plaatsgevonden en is daarom in dit kader niet door ons onderzocht. Derhalve kunnen wij deze vraag niet beantwoorden.			DEFL	H	De AR geeft expliciet aan dat zij de vraag niet kan beantwoorden omdat de besluitvorming nog niet had plaatsgevonden en niet is onderzocht. Er wordt geen inhoudelijk antwoord gegeven; dit is een zuivere deflectie.	SCOPE	
82	rekenkamer__kamerstuk:2018:06:07:beantwoording-vragen-tweede-kamer-over-de-resultaten-verantwoordingsonderzoek-2017-bij-het-ministerie-van-justitie-en-veiligheid	Beantwoording vragen Tweede Kamer over de Resultaten verantwoordingsonderzoek 2017 bij het Ministerie van Justitie en Veiligheid	https://www.rekenkamer.nl/binaries/rekenkamer/documenten/kamerstukken/2018/06/07/beantwoording-vragen-tweede-kamer-over-de-resultaten-verantwoordingsonderzoek-2017-bij-het-ministerie-van-justitie-en-veiligheid/Beantwoording_Kamervragen_VO2017_JenV.pdf	2018-06-07	18003798 R	Beantwoording vragen Tweede Kamer over de Resultaten verantwoordingsonderzoek 2017 bij het Ministerie van Justitie en Veiligheid	7 juni 2018	<UNKNOWN>	9	Hoe hoog kan het financiële risico vanwege de problematische voortgang van KEI voor de minister voor Rechtsbescherming maximaal zijn?	We kunnen geen antwoord geven op deze vraag omdat we dit niet hebben onderzocht.			DEFL	H	De AR geeft expliciet aan dat ze dit niet hebben onderzocht en dus geen antwoord kunnen geven. Er is geen inhoudelijke informatie verstrekt.	SCOPE	
82	rekenkamer__kamerstuk:2018:06:07:beantwoording-vragen-tweede-kamer-over-de-resultaten-verantwoordingsonderzoek-2017-bij-het-ministerie-van-justitie-en-veiligheid	Beantwoording vragen Tweede Kamer over de Resultaten verantwoordingsonderzoek 2017 bij het Ministerie van Justitie en Veiligheid	https://www.rekenkamer.nl/binaries/rekenkamer/documenten/kamerstukken/2018/06/07/beantwoording-vragen-tweede-kamer-over-de-resultaten-verantwoordingsonderzoek-2017-bij-het-ministerie-van-justitie-en-veiligheid/Beantwoording_Kamervragen_VO2017_JenV.pdf	2018-06-07	18003798 R	Beantwoording vragen Tweede Kamer over de Resultaten verantwoordingsonderzoek 2017 bij het Ministerie van Justitie en Veiligheid	7 juni 2018	<UNKNOWN>	11	Kunt u een uitspraak doen over de inhoudelijke gevolgen voor bijvoorbeeld het detentieklimaat en de resocialisatiemogelijkheden van de bezuinigingen die met het Masterplan Dienst Justitiële Inrichtingen 2013 - 2018 zijn gemoeid? Zo ja, wat zijn uw bevindingen?	Daar kunnen we op basis van het Verantwoordingsonderzoek 2017 geen uitspraak over doen. Het onderzoek heeft zich beperkt tot de financiële gevolgen van de getroffen huisvestingsmaatregelen.			DEFL	H	De AR geeft expliciet aan geen uitspraak te kunnen doen over de gevraagde inhoudelijke gevolgen en verwijst naar de beperkte scope van het eigen onderzoek. Er wordt geen substantiële inhoud geleverd.	SCOPE	
82	rekenkamer__kamerstuk:2018:06:07:beantwoording-vragen-tweede-kamer-over-de-resultaten-verantwoordingsonderzoek-2017-bij-het-ministerie-van-justitie-en-veiligheid	Beantwoording vragen Tweede Kamer over de Resultaten verantwoordingsonderzoek 2017 bij het Ministerie van Justitie en Veiligheid	https://www.rekenkamer.nl/binaries/rekenkamer/documenten/kamerstukken/2018/06/07/beantwoording-vragen-tweede-kamer-over-de-resultaten-verantwoordingsonderzoek-2017-bij-het-ministerie-van-justitie-en-veiligheid/Beantwoording_Kamervragen_VO2017_JenV.pdf	2018-06-07	18003798 R	Beantwoording vragen Tweede Kamer over de Resultaten verantwoordingsonderzoek 2017 bij het Ministerie van Justitie en Veiligheid	7 juni 2018	<UNKNOWN>	12	Welke gevolgen hebben het vastgoedmanagement van de nationale politie voor de uitvoering van de politiefunctie?	Wij kunnen deze vraag niet beantwoorden omdat we de gevolgen van het vastgoedmanagement van de nationale politie voor de uitvoering van de politiefunctie niet hebben onderzocht.			DEFL	H	De AR geeft expliciet aan dat zij dit niet heeft onderzocht en de vraag niet kan beantwoorden. Er wordt geen inhoudelijke informatie gegeven. Dit is een zuivere deflectie.	SCOPE	
82	rekenkamer__kamerstuk:2018:06:07:beantwoording-vragen-tweede-kamer-over-de-resultaten-verantwoordingsonderzoek-2017-bij-het-ministerie-van-justitie-en-veiligheid	Beantwoording vragen Tweede Kamer over de Resultaten verantwoordingsonderzoek 2017 bij het Ministerie van Justitie en Veiligheid	https://www.rekenkamer.nl/binaries/rekenkamer/documenten/kamerstukken/2018/06/07/beantwoording-vragen-tweede-kamer-over-de-resultaten-verantwoordingsonderzoek-2017-bij-het-ministerie-van-justitie-en-veiligheid/Beantwoording_Kamervragen_VO2017_JenV.pdf	2018-06-07	18003798 R	Beantwoording vragen Tweede Kamer over de Resultaten verantwoordingsonderzoek 2017 bij het Ministerie van Justitie en Veiligheid	7 juni 2018	<UNKNOWN>	14	"Kunt u meer uitleg geven bij de zin: ""In 2019 zal het openbaar ministerie naar verwachting deels overgaan naar een andere vorm van bekostiging.""? Hoezo naar verwachting? Waar is dat van afhankelijk? Hoe oordeelt u over de huidige vorm van bekostiging en wat vindt u van de te verwachten nieuwe vorm van bekostiging?"	Wij hebben 'naar verwachting' geschreven omdat het hier gaat om een wijziging van de bekostiging in de toekomst. Wij hebben niet onderzocht van welke factoren de invoering afhankelijk is. Ook hebben wij geen specifiek onderzoek verricht naar de huidige en nieuwe vorm van bekostiging.			DEFL	H	De AR beantwoordt de vraag niet substantieel: ze legt uit waarom ze 'naar verwachting' schreef en geeft vervolgens aan dat ze de relevante aspecten niet heeft onderzocht. Er wordt geen inhoudelijke informatie, oordeel of aanbeveling gegeven.	SCOPE	
83	rekenkamer__kamerstuk:2018:06:07:beantwoording-vragen-tweede-kamer-over-de-resultaten-verantwoordingsonderzoek-2017-bij-het-ministerie-van-vws	Beantwoording vragen Tweede Kamer over de Resultaten verantwoordingsonderzoek 2017 bij het Ministerie van VWS	https://www.rekenkamer.nl/binaries/rekenkamer/documenten/kamerstukken/2018/06/07/beantwoording-vragen-tweede-kamer-over-de-resultaten-verantwoordingsonderzoek-2017-bij-het-ministerie-van-vws/Beantwoording_Kamervragen_VO2017_VWS.pdf	2018-06-07	18003799 R	Beantwoording vragen Tweede Kamer over de Resultaten verantwoordingsonderzoek 2017 bij het Ministerie van VWS	7 juni 2018	2017	3	Fouten en onzekerheden worden voornamelijk veroorzaakt door het niet uitvoeren van staatsteuntoetsen; waarom zijn deze staatssteuntoetsen niet uitgevoerd?	Het is volgens ons aan de minister van VWS om deze vraag te beantwoorden.			DEFL	H	De AR beantwoordt de vraag niet inhoudelijk en verwijst expliciet naar de minister van VWS. Dit is een klassiek voorbeeld van DEFL.	MIN_POL	
83	rekenkamer__kamerstuk:2018:06:07:beantwoording-vragen-tweede-kamer-over-de-resultaten-verantwoordingsonderzoek-2017-bij-het-ministerie-van-vws	Beantwoording vragen Tweede Kamer over de Resultaten verantwoordingsonderzoek 2017 bij het Ministerie van VWS	https://www.rekenkamer.nl/binaries/rekenkamer/documenten/kamerstukken/2018/06/07/beantwoording-vragen-tweede-kamer-over-de-resultaten-verantwoordingsonderzoek-2017-bij-het-ministerie-van-vws/Beantwoording_Kamervragen_VO2017_VWS.pdf	2018-06-07	18003799 R	Beantwoording vragen Tweede Kamer over de Resultaten verantwoordingsonderzoek 2017 bij het Ministerie van VWS	7 juni 2018	2017	9	Hoe groot zijn de mogelijke boetes van de Europese Commissie, waarnaar verwezen wordt bij het ontbreken van de staatssteuntoets?	De Europese Commissie legt alleen boetes op als de Staatsteun verleent die in strijd is met de Europese staatssteunregels. Staatssteun kan immers ook in overeenstemming met de staatssteunregels zijn verleend. Het opleggen van boetes is niet verbonden aan het al dan niet uitvoeren van staatssteuntoetsen. Bij het bepalen van de bedragen van de geldboeten en dwangsommen houdt de Commissie rekening met de beginselen van evenredigheid en redelijkheid, kortom de specifieke omstandigheden van de staatssteuncasus. Wij kunnen derhalve geen antwoord op deze vraag geven. Afgezien van het opleggen van boetes of dwangsommen geldt dat staatssteun die niet in overeenstemming met de staatssteunregels is verleend, moet worden hersteld. Hierbij dient de overheid in voorkomend geval de verleende staatssteun geheel of gedeeltelijk terug te vorderen. In dat kader wijzen wij u op de begin dit jaar door de Staten-Generaal aangenomen Wet terugvordering staatssteun. Deze wet treedt met ingang van 1 juli a.s. in werking.			DEFL	M	De AR legt uit waarom zij geen antwoord kan geven op de vraag naar de hoogte van mogelijke boetes ('Wij kunnen derhalve geen antwoord op deze vraag geven'). De aanvullende toelichting over terugvordering en de Wet terugvordering staatssteun is contextinformatie, maar beantwoordt niet de gestelde vraag. Inhoudelijk is er geen substantieel antwoord op de vraag, dus DEFL.	FUTURE	
83	rekenkamer__kamerstuk:2018:06:07:beantwoording-vragen-tweede-kamer-over-de-resultaten-verantwoordingsonderzoek-2017-bij-het-ministerie-van-vws	Beantwoording vragen Tweede Kamer over de Resultaten verantwoordingsonderzoek 2017 bij het Ministerie van VWS	https://www.rekenkamer.nl/binaries/rekenkamer/documenten/kamerstukken/2018/06/07/beantwoording-vragen-tweede-kamer-over-de-resultaten-verantwoordingsonderzoek-2017-bij-het-ministerie-van-vws/Beantwoording_Kamervragen_VO2017_VWS.pdf	2018-06-07	18003799 R	Beantwoording vragen Tweede Kamer over de Resultaten verantwoordingsonderzoek 2017 bij het Ministerie van VWS	7 juni 2018	2017	11	Welke subsidie en welke sportbond wordt bedoeld met het voorbeeld waarin een veel te hoge stagevergoeding wordt verstrekt?	Bij de publicatie van het rapport heeft de Algemene Rekenkamer de afweging gemaakt om deze gegevens niet te noemen. Wij hebben in ons rapport het voorbeeld van de subsidie aan een sportbond opgenomen als illustratie van de aard van de tekortkomingen in het subsidiebeheer. Subsidieaanvragers kunnen onbedoeld en onbewust fouten maken in de subsidieaanvraag. Door een goede controle op de subsidieaanvragen door het Ministerie van VWS, als onderdeel van het beleid ter voorkoming van misbruik of oneigenlijk gebruik, zou het dergelijke fouten moeten ontdekken en moeten corrigeren.			DEFL	H	De AR weigert expliciet de gevraagde informatie (naam subsidie en sportbond) te verstrekken en legt uit waarom zij die afweging heeft gemaakt. Er wordt geen substantieel inhoudelijk antwoord op de gestelde vraag gegeven.	SCOPE	
83	rekenkamer__kamerstuk:2018:06:07:beantwoording-vragen-tweede-kamer-over-de-resultaten-verantwoordingsonderzoek-2017-bij-het-ministerie-van-vws	Beantwoording vragen Tweede Kamer over de Resultaten verantwoordingsonderzoek 2017 bij het Ministerie van VWS	https://www.rekenkamer.nl/binaries/rekenkamer/documenten/kamerstukken/2018/06/07/beantwoording-vragen-tweede-kamer-over-de-resultaten-verantwoordingsonderzoek-2017-bij-het-ministerie-van-vws/Beantwoording_Kamervragen_VO2017_VWS.pdf	2018-06-07	18003799 R	Beantwoording vragen Tweede Kamer over de Resultaten verantwoordingsonderzoek 2017 bij het Ministerie van VWS	7 juni 2018	2017	13	Een belangrijke aanname bij de uitgavenstijging van het kwaliteitskader verpleeghuiszorg is de efficiencyslag waarmee een besparing gerealiseerd wordt van € 542 miljoen; is dit een realistische aanname?	Wij hebben geen specifiek onderzoek verricht naar de haalbaarheid van de efficiencyopdracht. Voor een antwoord op deze vraag verwijzen wij u naar de verantwoordelijke bewindspersonen.			DEFL	H	De AR geeft expliciet aan geen onderzoek te hebben verricht en verwijst door naar de bewindspersonen. Er wordt geen inhoudelijk antwoord gegeven op de vraag.	SCOPE	
83	rekenkamer__kamerstuk:2018:06:07:beantwoording-vragen-tweede-kamer-over-de-resultaten-verantwoordingsonderzoek-2017-bij-het-ministerie-van-vws	Beantwoording vragen Tweede Kamer over de Resultaten verantwoordingsonderzoek 2017 bij het Ministerie van VWS	https://www.rekenkamer.nl/binaries/rekenkamer/documenten/kamerstukken/2018/06/07/beantwoording-vragen-tweede-kamer-over-de-resultaten-verantwoordingsonderzoek-2017-bij-het-ministerie-van-vws/Beantwoording_Kamervragen_VO2017_VWS.pdf	2018-06-07	18003799 R	Beantwoording vragen Tweede Kamer over de Resultaten verantwoordingsonderzoek 2017 bij het Ministerie van VWS	7 juni 2018	2017	15	Is de Algemene Rekenkamer het eens met de verwachting van het ministerie dat het niet mogelijk is om het aantrekken van extra personeel te versnellen?	Wij hebben hier geen specifiek onderzoek naar verricht. De Algemene Rekenkamer beschikt niet over informatie om deze vraag te kunnen beantwoorden.			DEFL	H	De AR geeft expliciet aan geen onderzoek te hebben verricht en niet over informatie te beschikken om de vraag te beantwoorden. Er wordt geen inhoudelijk antwoord gegeven, wat een duidelijk geval van DEFL is.	NO_DATA	
83	rekenkamer__kamerstuk:2018:06:07:beantwoording-vragen-tweede-kamer-over-de-resultaten-verantwoordingsonderzoek-2017-bij-het-ministerie-van-vws	Beantwoording vragen Tweede Kamer over de Resultaten verantwoordingsonderzoek 2017 bij het Ministerie van VWS	https://www.rekenkamer.nl/binaries/rekenkamer/documenten/kamerstukken/2018/06/07/beantwoording-vragen-tweede-kamer-over-de-resultaten-verantwoordingsonderzoek-2017-bij-het-ministerie-van-vws/Beantwoording_Kamervragen_VO2017_VWS.pdf	2018-06-07	18003799 R	Beantwoording vragen Tweede Kamer over de Resultaten verantwoordingsonderzoek 2017 bij het Ministerie van VWS	7 juni 2018	2017	17	In het kwaliteitskader zijn tijdelijke personeelsnormen opgenomen. De financiële consequenties worden apart doorgerekend. Het Ministerie van Volksgezondheid, Welzijn en Sport geeft aan geen aanleiding te zien om te veronderstellen dat hierdoor het bestaande budget van € 2,1 miljard omhoog of omlaag zal gaan; wat is de veronderstelling van de Algemene Rekenkamer?	De Algemene Rekenkamer beschikt niet over informatie om deze vraag te kunnen beantwoorden. Het bedrag van € 2,1 miljard is gebaseerd op de tijdelijke personeelsnormen in het Kwaliteitskader verpleeghuiszorg. De financiële consequenties als gevolg van de nog vast te stellen context-gebonden personeelsnormen zullen worden doorgerekend door de NZa. Deze context-gebonden normen worden op dit moment door de veldpartijen ontwikkeld.			DEFL	H	De AR geeft expliciet aan niet over informatie te beschikken om de vraag te beantwoorden en verwijst naar het proces bij de NZa en veldpartijen. Er wordt geen inhoudelijk standpunt, oordeel of feitelijke bevinding geleverd.	NO_DATA	
83	rekenkamer__kamerstuk:2018:06:07:beantwoording-vragen-tweede-kamer-over-de-resultaten-verantwoordingsonderzoek-2017-bij-het-ministerie-van-vws	Beantwoording vragen Tweede Kamer over de Resultaten verantwoordingsonderzoek 2017 bij het Ministerie van VWS	https://www.rekenkamer.nl/binaries/rekenkamer/documenten/kamerstukken/2018/06/07/beantwoording-vragen-tweede-kamer-over-de-resultaten-verantwoordingsonderzoek-2017-bij-het-ministerie-van-vws/Beantwoording_Kamervragen_VO2017_VWS.pdf	2018-06-07	18003799 R	Beantwoording vragen Tweede Kamer over de Resultaten verantwoordingsonderzoek 2017 bij het Ministerie van VWS	7 juni 2018	2017	22	Zijn er volgens de Algemene Rekenkamer voldoende waarborgen ingebouwd in de ontwikkeling van het pgb 2.0-systeem? Heeft de Algemene Rekenkamer hierin kwetsbaarheden geconstateerd?	Wij hebben hier geen specifiek onderzoek naar verricht.			DEFL	H	De AR geeft expliciet aan geen onderzoek te hebben verricht naar dit onderwerp en levert dus geen inhoudelijk antwoord. Dit is een klassiek DEFL-antwoord.	SCOPE	
83	rekenkamer__kamerstuk:2018:06:07:beantwoording-vragen-tweede-kamer-over-de-resultaten-verantwoordingsonderzoek-2017-bij-het-ministerie-van-vws	Beantwoording vragen Tweede Kamer over de Resultaten verantwoordingsonderzoek 2017 bij het Ministerie van VWS	https://www.rekenkamer.nl/binaries/rekenkamer/documenten/kamerstukken/2018/06/07/beantwoording-vragen-tweede-kamer-over-de-resultaten-verantwoordingsonderzoek-2017-bij-het-ministerie-van-vws/Beantwoording_Kamervragen_VO2017_VWS.pdf	2018-06-07	18003799 R	Beantwoording vragen Tweede Kamer over de Resultaten verantwoordingsonderzoek 2017 bij het Ministerie van VWS	7 juni 2018	2017	23	Heeft de Algemene Rekenkamer zich een oordeel kunnen vormen over de uitvoering van de bewustekeuzegesprekken en de huisbezoeken aan nieuwe aanvragers door de zorgkantoren in 2017?	Wij hebben hier in het kader van ons verantwoordingsonderzoek 2017 geen onderzoek naar verricht.			DEFL	H	De AR geeft expliciet aan dat zij hier geen onderzoek naar heeft verricht, waardoor er geen inhoudelijk antwoord op de vraag wordt gegeven. Dit is een klassiek DEFL-antwoord.	SCOPE	
83	rekenkamer__kamerstuk:2018:06:07:beantwoording-vragen-tweede-kamer-over-de-resultaten-verantwoordingsonderzoek-2017-bij-het-ministerie-van-vws	Beantwoording vragen Tweede Kamer over de Resultaten verantwoordingsonderzoek 2017 bij het Ministerie van VWS	https://www.rekenkamer.nl/binaries/rekenkamer/documenten/kamerstukken/2018/06/07/beantwoording-vragen-tweede-kamer-over-de-resultaten-verantwoordingsonderzoek-2017-bij-het-ministerie-van-vws/Beantwoording_Kamervragen_VO2017_VWS.pdf	2018-06-07	18003799 R	Beantwoording vragen Tweede Kamer over de Resultaten verantwoordingsonderzoek 2017 bij het Ministerie van VWS	7 juni 2018	2017	25	Hoe oordeelt de Algemene Rekenkamer over de financiële risico's die gemeenten lopen bij de uitvoering van de Jeugdwet? Vindt de Algemene Rekenkamer deze risico's acceptabel? Hoe groot acht de Algemene Rekenkamer deze risico's voor gemeenten en de beschikbaarheid en kwaliteit van Jeugdzorg?	Wij hebben hier in het kader van ons verantwoordingsonderzoek 2017 geen onderzoek naar verricht. Ons onderzoek richtte zich op de uitvoering van de pgb-trekkingsrechten.			DEFL	H	De AR geeft expliciet aan dat zij hier geen onderzoek naar heeft verricht en verwijst naar de beperkte scope van hun eigen onderzoek. Er wordt geen inhoudelijk antwoord gegeven op de gestelde vraag.	SCOPE	
83	rekenkamer__kamerstuk:2018:06:07:beantwoording-vragen-tweede-kamer-over-de-resultaten-verantwoordingsonderzoek-2017-bij-het-ministerie-van-vws	Beantwoording vragen Tweede Kamer over de Resultaten verantwoordingsonderzoek 2017 bij het Ministerie van VWS	https://www.rekenkamer.nl/binaries/rekenkamer/documenten/kamerstukken/2018/06/07/beantwoording-vragen-tweede-kamer-over-de-resultaten-verantwoordingsonderzoek-2017-bij-het-ministerie-van-vws/Beantwoording_Kamervragen_VO2017_VWS.pdf	2018-06-07	18003799 R	Beantwoording vragen Tweede Kamer over de Resultaten verantwoordingsonderzoek 2017 bij het Ministerie van VWS	7 juni 2018	2017	27	Adresseert de regering met de plannen voor het pgb 2.0-systeem alle bezwaren en problemen rondom het governance pgb-trekkingsrecht? Zo niet, welke aanvullende acties kunnen ondernomen worden?	De minister van VWS zal in de komende twee tot drie jaar de governance pgb-trekkingsrecht gaan vormgeven. In ons verantwoordingsonderzoek hebben wij de minister van VWS daarvoor enkele aandachtspunten meegegeven.			DEFL	M	Het antwoord beantwoordt de gestelde vraag niet inhoudelijk: het verwijst naar toekomstige plannen van de minister en noemt slechts vaag 'enkele aandachtspunten' zonder deze concreet te benoemen. Er wordt geen substantieel oordeel, verklaring of aanbeveling gegeven. Hoewel er een lichte hint naar ADV zit in 'aandachtspunten meegegeven', is dit te vaag om als inhoudelijk advies te gelden.	CROSS_REF	
83	rekenkamer__kamerstuk:2018:06:07:beantwoording-vragen-tweede-kamer-over-de-resultaten-verantwoordingsonderzoek-2017-bij-het-ministerie-van-vws	Beantwoording vragen Tweede Kamer over de Resultaten verantwoordingsonderzoek 2017 bij het Ministerie van VWS	https://www.rekenkamer.nl/binaries/rekenkamer/documenten/kamerstukken/2018/06/07/beantwoording-vragen-tweede-kamer-over-de-resultaten-verantwoordingsonderzoek-2017-bij-het-ministerie-van-vws/Beantwoording_Kamervragen_VO2017_VWS.pdf	2018-06-07	18003799 R	Beantwoording vragen Tweede Kamer over de Resultaten verantwoordingsonderzoek 2017 bij het Ministerie van VWS	7 juni 2018	2017	28	Acht de Algemene Rekenkamer het stimuleren van ouderen om langer thuis te wonen een doelmatige en doeltreffende maatregel om de uitgaven in de langdurige zorg te beheersen?	Hier hebben wij in het kader van ons Verantwoordingsonderzoek 2017 geen onderzoek naar verricht.			DEFL	H	De AR geeft expliciet aan dat zij hier geen onderzoek naar heeft verricht, zonder enige inhoudelijke beantwoording van de vraag. Dit is een klassiek DEFL-antwoord.	SCOPE	
84	rekenkamer__kamerstuk:2018:06:08:beantwoording-vragen-tweede-kamer-over-de-resultaten-verantwoordingsonderzoek-2017-bij-het-ministerie-van-onderwijs-cultuur-en-wetenschap	Beantwoording vragen Tweede Kamer over de Resultaten Verantwoordingsonderzoek 2017 bij het Ministerie van  Onderwijs, Cultuur en Wetenschap	https://www.rekenkamer.nl/binaries/rekenkamer/documenten/kamerstukken/2018/06/08/beantwoording-vragen-tweede-kamer-over-de-resultaten-verantwoordingsonderzoek-2017-bij-het-ministerie-van-onderwijs-cultuur-en-wetenschap/Beantwoording_kamervragen_VO_2017_OCW.pdf	2018-06-08	18003823	Beantwoording vragen Tweede Kamer over de Resultaten Verantwoordingsonderzoek 2017 bij het Ministerie van Onderwijs, Cultuur en Wetenschap	8 juni 2018	2017	1	Is het zicht op de besteding van de middelen door samenwerkingsverbanden en schoolbesturen inzake passend onderwijs verbeterd sinds de conclusie van de Algemene Rekenkamer van vorig jaar dat dit onvoldoende was?	Wij hebben dit jaar geen onderzoek verricht naar de verantwoording van schoolbesturen en samenwerkingsverbanden over passend onderwijs. In de reactie op ons Verantwoordingsonderzoek 2016 geeft de minister van OCW aan dat de ingezette verbeteracties pas vanaf 2018 zichtbaar worden.			DEFL	H	De AR geeft expliciet aan dit jaar geen onderzoek te hebben verricht naar het onderwerp van de vraag en verwijst voor de rest naar de reactie van de minister. Er wordt geen substantieel inhoudelijk antwoord gegeven.	SCOPE	
84	rekenkamer__kamerstuk:2018:06:08:beantwoording-vragen-tweede-kamer-over-de-resultaten-verantwoordingsonderzoek-2017-bij-het-ministerie-van-onderwijs-cultuur-en-wetenschap	Beantwoording vragen Tweede Kamer over de Resultaten Verantwoordingsonderzoek 2017 bij het Ministerie van  Onderwijs, Cultuur en Wetenschap	https://www.rekenkamer.nl/binaries/rekenkamer/documenten/kamerstukken/2018/06/08/beantwoording-vragen-tweede-kamer-over-de-resultaten-verantwoordingsonderzoek-2017-bij-het-ministerie-van-onderwijs-cultuur-en-wetenschap/Beantwoording_kamervragen_VO_2017_OCW.pdf	2018-06-08	18003823	Beantwoording vragen Tweede Kamer over de Resultaten Verantwoordingsonderzoek 2017 bij het Ministerie van Onderwijs, Cultuur en Wetenschap	8 juni 2018	2017	2	Welke acties heeft het vorige kabinet ondernomen om de onrechtmatige inhuur van ICT-expertise te verbeteren, met name bij DUO?	Voor het antwoord op deze vraag verwijzen wij u naar de verantwoordelijke bewindspersoon.			DEFL	H	De AR verwijst expliciet naar de verantwoordelijke bewindspersoon en geeft geen inhoudelijk antwoord op de vraag. Dit is een klassieke deflectie.	MIN_POL	
84	rekenkamer__kamerstuk:2018:06:08:beantwoording-vragen-tweede-kamer-over-de-resultaten-verantwoordingsonderzoek-2017-bij-het-ministerie-van-onderwijs-cultuur-en-wetenschap	Beantwoording vragen Tweede Kamer over de Resultaten Verantwoordingsonderzoek 2017 bij het Ministerie van  Onderwijs, Cultuur en Wetenschap	https://www.rekenkamer.nl/binaries/rekenkamer/documenten/kamerstukken/2018/06/08/beantwoording-vragen-tweede-kamer-over-de-resultaten-verantwoordingsonderzoek-2017-bij-het-ministerie-van-onderwijs-cultuur-en-wetenschap/Beantwoording_kamervragen_VO_2017_OCW.pdf	2018-06-08	18003823	Beantwoording vragen Tweede Kamer over de Resultaten Verantwoordingsonderzoek 2017 bij het Ministerie van Onderwijs, Cultuur en Wetenschap	8 juni 2018	2017	3	Hoeveel van de ruim 1,9 miljard euro voor subsidies voor de culturele basisinfrastructuur over de periode 2013-2016 kwam in aanmerking voor terugvordering als alle prestatie-eisen werden gehandhaafd?	De omvang van de terugvordering is afhankelijk van 2 factoren: het aantal prestatie-eisen waarop wordt gesanctioneerd en het sanctiebedrag per prestatie-eis waaraan niet voldaan is. De minister van OCW heeft op beide aspecten keuzes gemaakt. De minister heeft gekozen om te sanctioneren op 1 prestatie-eis waaraan niet voldaan is. Het sanctiebedrag per prestatie-eis waaraan niet voldaan is, varieert van 0% tot 0,95%. Gegeven de keuzes van de minister van OCW hebben wij ons alleen gericht op de prestatie-eis waarop gesanctioneerd wordt. Verder werken wij in ons onderzoek met deelwaarnemingen en daardoor hebben wij geen totaaloverzicht van de realisatie van alle prestatie-eisen per verleende subsidie. Dat zou aanvullend onderzoek vergen. Voor een specifiek antwoord op deze vraag verwijzen wij u naar de verantwoordelijke bewindspersoon.			DEFL	H	De AR geeft aan dat zij geen totaaloverzicht heeft, dat aanvullend onderzoek nodig zou zijn, en verwijst expliciet naar de verantwoordelijke bewindspersoon voor een specifiek antwoord. Er wordt geen substantieel inhoudelijk antwoord op de vraag gegeven.	SCOPE	
84	rekenkamer__kamerstuk:2018:06:08:beantwoording-vragen-tweede-kamer-over-de-resultaten-verantwoordingsonderzoek-2017-bij-het-ministerie-van-onderwijs-cultuur-en-wetenschap	Beantwoording vragen Tweede Kamer over de Resultaten Verantwoordingsonderzoek 2017 bij het Ministerie van  Onderwijs, Cultuur en Wetenschap	https://www.rekenkamer.nl/binaries/rekenkamer/documenten/kamerstukken/2018/06/08/beantwoording-vragen-tweede-kamer-over-de-resultaten-verantwoordingsonderzoek-2017-bij-het-ministerie-van-onderwijs-cultuur-en-wetenschap/Beantwoording_kamervragen_VO_2017_OCW.pdf	2018-06-08	18003823	Beantwoording vragen Tweede Kamer over de Resultaten Verantwoordingsonderzoek 2017 bij het Ministerie van Onderwijs, Cultuur en Wetenschap	8 juni 2018	2017	5	Hoeveel instellingen haalden een of meerdere van de vier prestatie-eisen niet?  Hoeveel van deze instellingen is er geen sanctie opgelegd?	De minister van OCW beschikt over deze gegevens. Wij adviseren u om deze vraag aan de minister te stellen.			DEFL	H	De AR geeft geen inhoudelijk antwoord op de vraag en verwijst door naar de minister van OCW. Dit is een klassiek geval van DEFL: geen substantiële inhoud, alleen een doorverwijzing.	MIN_POL	
85	rekenkamer__kamerstuk:2018:06:11:beantwoording-kamervragen-adviescommissie-verslaggevingsstelsel-rijksoverheid	Beantwoording vragen Tweede Kamer over brief 5 april 2018 inzake kabinetsreactie op rapport Adviescommissie Verslaggevingsstelsel rijksoverheid	https://www.rekenkamer.nl/binaries/rekenkamer/documenten/kamerstukken/2018/06/11/beantwoording-kamervragen-adviescommissie-verslaggevingsstelsel-rijksoverheid/Beantwoording_vragen_TK_brief_5_april_2018_kabinetsreactie.pdf	2018-06-11	31 865	Beantwoording vragen Tweede Kamer over brief 5 april 2018 inzake kabinetsreactie op rapport Adviescommissie Verslaggevingsstelsel rijksoverheid	11 juni 2018	2017-2018	4	Wat is een realistische termijn voor invoering van een rijksbreed baten-lastenstelsel?	Het is in de eerste plaats aan de minister van Financiën om hiervoor een voldoende ambitieuze, maar ook haalbare termijn te bepalen. Uit indicaties in het adviesrapport blijkt dat invoering van een rijksbreed baten-lastenstelsel een doorlooptijd van circa 3 tot 5 jaar zou vergen.			DEFL	M	De AR verwijst primair naar de minister van Financiën als verantwoordelijke voor het bepalen van de termijn ('het is in de eerste plaats aan de minister'). De toegevoegde feitelijke indicatie uit het adviesrapport (3-5 jaar) is ondersteunend, maar de kern van het antwoord is deflectie naar de minister. Volgens de prioriteitsregel wint inhoud van deflectie, maar de feitelijke toevoeging is minimaal en niet eigen onderzoek; toch maakt dit het een grensgevalDEFL/FEIT.	MIN_POL	
88	rekenkamer__kamerstuk:2018:06:13:beantwoording-vragen-tweede-kamer-over-de-resultaten-verantwoordingsonderzoek-2017-de-staat-van-de-rijksverantwoording	Beantwoording vragen Tweede Kamer over de Resultaten verantwoordingsonderzoek 2017: de Staat van de rijksverantwoording	https://www.rekenkamer.nl/binaries/rekenkamer/documenten/kamerstukken/2018/06/13/beantwoording-vragen-tweede-kamer-over-de-resultaten-verantwoordingsonderzoek-2017-de-staat-van-de-rijksverantwoording/Beantwoording_kamervragen_Staat_van_de_rijksverantwoording.pdf	2018-06-13	34950	Beantwoording vragen Tweede Kamer over de Resultaten verantwoordingsonderzoek 2017: de Staat van de rijksverantwoording	13 juni 2018	2017-2018	3	Hoe groot zijn de personeelstekorten bij de politie en bij het Openbaar Ministerie?	Deze vraag kunnen wij op grond van ons verantwoordingsonderzoek niet beantwoorden omdat onze onderzoeken naar de politie en het Openbaar Ministerie er niet op waren gericht de omvang van de tekorten vast te stellen. De uitspraak in de Staat van de Rijksverantwoording over personeel bij de politie betreft alleen de knelpunten van met name voldoende gekwalificeerde ICT'ers.			DEFL	H	De AR geeft expliciet aan dat zij deze vraag niet kan beantwoorden op grond van hun onderzoek, omdat het onderzoek niet op dit aspect was gericht. Er wordt geen substantiële inhoud geleverd; slechts een korte toelichting waarom niet. Dit is een klassiek DEFL-antwoord.	SCOPE	
89	rekenkamer__kamerstuk:2018:06:13:beantwoording-vragen-tweede-kamer-over-het-rapport-bij-de-nationale-verklaring-2018	Beantwoording vragen Tweede Kamer over het Rapport bij de Nationale verklaring 2018	https://www.rekenkamer.nl/binaries/rekenkamer/documenten/kamerstukken/2018/06/13/beantwoording-vragen-tweede-kamer-over-het-rapport-bij-de-nationale-verklaring-2018/Beantwoording_kamervragen_rapport_National_verklaring_2018.pdf	2018-06-13	18003806 R	Beantwoording vragen Tweede Kamer over het Rapport bij de Nationale Verklaring 2018	13 juni 2018	2017-2018	3	Wat is de ontwikkeling van de nettobetalingspositie met en zonder de inachtneming van de afroming van de douanerechten, btw en bni-afdrachten sinds 2007?	Informatie over de nettobetalingspositie heeft het kabinet opgenomen in de begroting voor 2018 van het Ministerie van Buitenlandse Zaken (V). Op pagina 42 is een overzicht opgenomen van de netto betalingspositie 2015. De netto afdrachten die worden genoemd (€ 5.587,9 miljoen) zijn berekend volgens de boekhoudkundige methode. Daarna volgt de nettobetalingspositie volgens de definitie van de EC, maar dan wel als percentage van het bruto nationaal inkomen.		34 775 V, nr. 2: Begroting 2018 Ministerie van Buitenlandse Zaken	DEFL	M	De AR beantwoordt de vraag niet substantieel: er wordt geen overzicht gegeven van de ontwikkeling sinds 2007, maar slechts verwezen naar informatie van het kabinet in de begroting van Buitenlandse Zaken. De AR levert zelf geen inhoudelijke analyse of cijferreeks.	MIN_POL	
90	rekenkamer__kamerstuk:2018:06:14:beantwoording-vragen-tweede-kamer-over-de-resultaten-verantwoordingsonderzoek-2017-bij-het-jaarverslag-van-het-ministerie-van-binnenlandse-zaken-en-koninkrijksrelaties	Beantwoording vragen Tweede Kamer over de Resultaten verantwoordingsonderzoek 2017 bij het jaarverslag van het Ministerie van Binnenlandse Zaken en Koninkrijksrelaties	https://www.rekenkamer.nl/binaries/rekenkamer/documenten/kamerstukken/2018/06/14/beantwoording-vragen-tweede-kamer-over-de-resultaten-verantwoordingsonderzoek-2017-bij-het-jaarverslag-van-het-ministerie-van-binnenlandse-zaken-en-koninkrijksrelaties/Beantwoording_Kamervragen_VO2017_BZK.pdf	2018-06-14	34950-VII	Beantwoording vragen Tweede Kamer over de Resultaten verantwoordingsonderzoek 2017 bij het jaarverslag van het Ministerie van Binnenlandse Zaken en Koninkrijksrelaties	14 juni 2018	<UNKNOWN>	3	Kan de ARK hierbij iets betekenen ten aanzien van het feit dat in circa 8% van de gemeenten geen gevolg wordt gegeven aan de wettelijke taak om een rekenkamerfunctie te hebben?	De Algemene rekenkamer heeft geen formele rol met betrekking tot lokale rekenkamerfuncties. Dit is een eigenstandige verantwoordelijkheid van gemeenteraden. Naar aanleiding van de motie-Fokke c.s. heeft de minister van BZK op 7 juli 2015 een actieplan naar de Tweede Kamer gestuurd. Daarin geeft de minister aan dat zij zal voorstellen om de mogelijkheid voor gemeenten om te kiezen voor een rekenkamerfunctie uit de Gemeentewet te schrappen. Hiertoe heeft zij op 4 juni 2018 een wetsvoorstel in internetconsultatie gebracht.			DEFL	H	De AR geeft aan geen formele rol te hebben bij lokale rekenkamerfuncties en wijst de verantwoordelijkheid toe aan gemeenteraden en de minister van BZK. Er wordt geen inhoudelijk oordeel, verklaring of aanbeveling gegeven; de AR beantwoordt de vraag niet substantieel maar verwijst door.	MIN_POL	
92	rekenkamer__kamerstuk:2019:01:23:beantwoording-vragen-tweede-kamer-over-het-rapport-brexit	Beantwoording vragen Tweede Kamer over het rapport Brexit; Voorbereiding op financiële en economische gevolgen, en consequenties voor de Douane	https://www.rekenkamer.nl/binaries/rekenkamer/documenten/kamerstukken/2019/01/23/beantwoording-vragen-tweede-kamer-over-het-rapport-brexit/Beantwoording_vragen_Tweede_Kamer_over_rapport_Brexit.pdf	2019-01-23	19000271 R	Brexit Voorbereiding op financiële en economische gevolgen, en consequenties voor de Douane	23 januari 2019	2018-2019	2	Gaat de Algemene Rekenkamer alsnog een onderzoek doen naar de voorbereiding van de NVWA op de brexit? Zo ja, wanneer? Zo nee, wil de Algemene Rekenkamer dit overwegen?	De Algemene Rekenkamer heeft op dit moment geen plannen voor een vervolgonderzoek op het terrein van brexit.			DEFL	H	De AR geeft aan geen plannen te hebben voor een vervolgonderzoek en beantwoordt de vraag daarmee niet substantieel inhoudelijk. Er wordt geen feitelijke bevinding, oordeel of aanbeveling gegeven.	SCOPE	
92	rekenkamer__kamerstuk:2019:01:23:beantwoording-vragen-tweede-kamer-over-het-rapport-brexit	Beantwoording vragen Tweede Kamer over het rapport Brexit; Voorbereiding op financiële en economische gevolgen, en consequenties voor de Douane	https://www.rekenkamer.nl/binaries/rekenkamer/documenten/kamerstukken/2019/01/23/beantwoording-vragen-tweede-kamer-over-het-rapport-brexit/Beantwoording_vragen_Tweede_Kamer_over_rapport_Brexit.pdf	2019-01-23	19000271 R	Brexit Voorbereiding op financiële en economische gevolgen, en consequenties voor de Douane	23 januari 2019	2018-2019	5	De sluitingsdatum van het onderzoek is 31 juli 2018, waarom heeft het tot begin december geduurd dat het rapport is opgeleverd?	Om het parlement een juist en volledig beeld van vastgestelde feiten te geven past de Algemene Rekenkamer na de sluitingsdatum van de onderzoeksperiode van procedures van hoor en wederhoor met de onderzochte overheidsorganisaties toe. Er is enige tijd nodig om dit op zorgvuldige wijze te laten plaatsvinden, zeker in gevallen zoals bij de voorbereiding op brexit waarbij verschillende ministers en diverse overheidsorganisaties zijn betrokken.			DEFL	M	De AR beantwoordt de vraag niet inhoudelijk over het onderzoek zelf, maar legt uit waarom het rapport later is opgeleverd door te verwijzen naar procedurele redenen (hoor en wederhoor). Dit is een procesmatige uitleg zonder substantiële onderzoeksinhoud. Echter, men zou kunnen beargumenteren dat de AR hier een feitelijke toelichting geeft (FEIT), wat het alternatief is.	FUTURE	
92	rekenkamer__kamerstuk:2019:01:23:beantwoording-vragen-tweede-kamer-over-het-rapport-brexit	Beantwoording vragen Tweede Kamer over het rapport Brexit; Voorbereiding op financiële en economische gevolgen, en consequenties voor de Douane	https://www.rekenkamer.nl/binaries/rekenkamer/documenten/kamerstukken/2019/01/23/beantwoording-vragen-tweede-kamer-over-het-rapport-brexit/Beantwoording_vragen_Tweede_Kamer_over_rapport_Brexit.pdf	2019-01-23	19000271 R	Brexit Voorbereiding op financiële en economische gevolgen, en consequenties voor de Douane	23 januari 2019	2018-2019	9	Heeft u per departement een analyse van de verwachte situatie na 29 maart 2019 ontvangen ten behoeve van uw onderzoek?	Het onderzoek was beperkt tot de voorbereiding van Nederland op financiële consequenties van brexit en de voorbereiding door de Douane. Bij dit onderzoek waren de ministeries van Buitenlandse Zaken, Economische Zaken en Klimaat, Financiën, en de uitvoeringsorganisatie Douane bij het onderzoek voorwerp van onderzoek. We hebben in ons onderzoek verschillende scenario's voor brexit beschreven. Het kabinet bereidt zich voor op het 'no deal'scenario en dat was voor ons vervolgens het uitgangspunt bij ons onderzoek naar de voorbereiding.			DEFL	M	De AR beantwoordt de vraag niet rechtstreeks (of zij per departement een analyse hebben ontvangen), maar beschrijft in plaats daarvan de scope en opzet van het eigen onderzoek. Er wordt geen substantieel antwoord gegeven op de gestelde vraag; het is een afbakening zonder inhoudelijke beantwoording.	SCOPE	
92	rekenkamer__kamerstuk:2019:01:23:beantwoording-vragen-tweede-kamer-over-het-rapport-brexit	Beantwoording vragen Tweede Kamer over het rapport Brexit; Voorbereiding op financiële en economische gevolgen, en consequenties voor de Douane	https://www.rekenkamer.nl/binaries/rekenkamer/documenten/kamerstukken/2019/01/23/beantwoording-vragen-tweede-kamer-over-het-rapport-brexit/Beantwoording_vragen_Tweede_Kamer_over_rapport_Brexit.pdf	2019-01-23	19000271 R	Brexit Voorbereiding op financiële en economische gevolgen, en consequenties voor de Douane	23 januari 2019	2018-2019	13	Kan de Algemene Rekenkamer bij benadering aangeven hoeveel belastinginkomsten Nederland genereert uit de handel met het Verenigd Koninkrijk?	Dit heeft de Algemene Rekenkamer niet onderzocht.			DEFL	H	De AR geeft expliciet aan dat zij dit niet heeft onderzocht, zonder enige inhoudelijke informatie te leveren. Dit is een klassiek DEFL-antwoord.	SCOPE	
92	rekenkamer__kamerstuk:2019:01:23:beantwoording-vragen-tweede-kamer-over-het-rapport-brexit	Beantwoording vragen Tweede Kamer over het rapport Brexit; Voorbereiding op financiële en economische gevolgen, en consequenties voor de Douane	https://www.rekenkamer.nl/binaries/rekenkamer/documenten/kamerstukken/2019/01/23/beantwoording-vragen-tweede-kamer-over-het-rapport-brexit/Beantwoording_vragen_Tweede_Kamer_over_rapport_Brexit.pdf	2019-01-23	19000271 R	Brexit Voorbereiding op financiële en economische gevolgen, en consequenties voor de Douane	23 januari 2019	2018-2019	14	Op welke manier kan inzicht gegeven worden in de huidige situatie als het gaat om de financieel economische gevolgen brexit voor Nederland die gezien kan worden als nulmeting?	Het onderzoek van de Algemene Rekenkamer liep tot 31 juli 2018. Wij hebben geen inzicht in eventuele nieuwe financiële en economische gevolgen van brexit voor Nederland per 1 januari 2019.			DEFL	H	De AR geeft aan dat het onderzoek tot een bepaalde datum liep en dat zij geen inzicht hebben in de gevraagde informatie. Er wordt geen substantieel inhoudelijk antwoord gegeven op de vraag.	FUTURE	
92	rekenkamer__kamerstuk:2019:01:23:beantwoording-vragen-tweede-kamer-over-het-rapport-brexit	Beantwoording vragen Tweede Kamer over het rapport Brexit; Voorbereiding op financiële en economische gevolgen, en consequenties voor de Douane	https://www.rekenkamer.nl/binaries/rekenkamer/documenten/kamerstukken/2019/01/23/beantwoording-vragen-tweede-kamer-over-het-rapport-brexit/Beantwoording_vragen_Tweede_Kamer_over_rapport_Brexit.pdf	2019-01-23	19000271 R	Brexit Voorbereiding op financiële en economische gevolgen, en consequenties voor de Douane	23 januari 2019	2018-2019	19	Kunt u aangegeven of u, in het geval van een no-deal, het scenario van het verliezen van de korting op de Nederlandse afdracht het meest realistisch acht?	De Algemene Rekenkamer kan geen antwoord geven op de vraag wat het meest realistische scenario is. Het antwoord op deze vraag kan het best worden gegeven door het kabinet.			DEFL	H	De AR geeft expliciet aan geen antwoord te kunnen geven en verwijst door naar het kabinet. Er is geen substantiële inhoud; dit is een klassieke deflectie.	MIN_POL	
92	rekenkamer__kamerstuk:2019:01:23:beantwoording-vragen-tweede-kamer-over-het-rapport-brexit	Beantwoording vragen Tweede Kamer over het rapport Brexit; Voorbereiding op financiële en economische gevolgen, en consequenties voor de Douane	https://www.rekenkamer.nl/binaries/rekenkamer/documenten/kamerstukken/2019/01/23/beantwoording-vragen-tweede-kamer-over-het-rapport-brexit/Beantwoording_vragen_Tweede_Kamer_over_rapport_Brexit.pdf	2019-01-23	19000271 R	Brexit Voorbereiding op financiële en economische gevolgen, en consequenties voor de Douane	23 januari 2019	2018-2019	21	Waarom hebben het ministerie van Financiën en de Douane geen scenarioberekeningen gemaakt om de gevolgen voor inning van invoerrechten door de Douane in 2019 en 2020 in beeld te brengen?	Uit het onderzoek is wel gebleken dat de Ministeries van Financiën en Buitenlandse Zaken en de Douane hiervoor geen scenarioberekeningen hebben gemaakt, maar niet waarom dat niet gebeurd is.			DEFL	H	De AR geeft expliciet aan dat zij niet heeft onderzocht waarom de scenarioberekeningen niet zijn gemaakt; er wordt geen inhoudelijk antwoord op de vraag gegeven. Dit is een klassiek DEFL-patroon: 'niet waarom dat niet gebeurd is'.	SCOPE	
92	rekenkamer__kamerstuk:2019:01:23:beantwoording-vragen-tweede-kamer-over-het-rapport-brexit	Beantwoording vragen Tweede Kamer over het rapport Brexit; Voorbereiding op financiële en economische gevolgen, en consequenties voor de Douane	https://www.rekenkamer.nl/binaries/rekenkamer/documenten/kamerstukken/2019/01/23/beantwoording-vragen-tweede-kamer-over-het-rapport-brexit/Beantwoording_vragen_Tweede_Kamer_over_rapport_Brexit.pdf	2019-01-23	19000271 R	Brexit Voorbereiding op financiële en economische gevolgen, en consequenties voor de Douane	23 januari 2019	2018-2019	25	Welke oorzaken liggen ten grondslag aan de conclusie dat het economisch belang van verschillende dienstensectoren groter is dan gedacht in 2017?	Dit blijkt uit de CPB-studie uit 2016 naar het langetermijneffect van brexit. Op grond van ons onderzoek kunnen wij hierin geen nader inzicht geven.		CPB: langetermijneffect van brexit	DEFL	H	De AR verwijst naar een CPB-studie en geeft expliciet aan zelf geen nader inzicht te kunnen geven. Er wordt geen inhoudelijke verklaring of eigen bevinding geleverd, waarmee het antwoord niet substantieel is.	SCOPE	
92	rekenkamer__kamerstuk:2019:01:23:beantwoording-vragen-tweede-kamer-over-het-rapport-brexit	Beantwoording vragen Tweede Kamer over het rapport Brexit; Voorbereiding op financiële en economische gevolgen, en consequenties voor de Douane	https://www.rekenkamer.nl/binaries/rekenkamer/documenten/kamerstukken/2019/01/23/beantwoording-vragen-tweede-kamer-over-het-rapport-brexit/Beantwoording_vragen_Tweede_Kamer_over_rapport_Brexit.pdf	2019-01-23	19000271 R	Brexit Voorbereiding op financiële en economische gevolgen, en consequenties voor de Douane	23 januari 2019	2018-2019	26	Tien procent van de 450 ondervraagde bedrijven bereiden zich actief voor op de brexit. Is deze 10% te specificeren naar sector of regio?	Wij kunnen op grond van ons onderzoek deze 10% niet specificeren naar sector of regio.			DEFL	H	De AR geeft expliciet aan dat zij op grond van hun onderzoek de gevraagde specificatie niet kunnen leveren. Er wordt geen inhoudelijk antwoord gegeven; dit is een klassiek geval van 'niet onderzocht / geen uitspraak mogelijk'.		
92	rekenkamer__kamerstuk:2019:01:23:beantwoording-vragen-tweede-kamer-over-het-rapport-brexit	Beantwoording vragen Tweede Kamer over het rapport Brexit; Voorbereiding op financiële en economische gevolgen, en consequenties voor de Douane	https://www.rekenkamer.nl/binaries/rekenkamer/documenten/kamerstukken/2019/01/23/beantwoording-vragen-tweede-kamer-over-het-rapport-brexit/Beantwoording_vragen_Tweede_Kamer_over_rapport_Brexit.pdf	2019-01-23	19000271 R	Brexit Voorbereiding op financiële en economische gevolgen, en consequenties voor de Douane	23 januari 2019	2018-2019	27	Is er inzicht te geven welke gevolgen een nadere prioritering heeft nu er capaciteit moet worden vrijgemaakt voor verder onderzoek naar het uitvoeren taken op het ferryvervoer, huisvestingsvraagstukken en handhaving? Zo ja, hoeveel fte is hierbij betrokken?	Op grond van ons onderzoek, dat liep tot 31 juli 2018, kunnen wij dat inzicht niet geven.			DEFL	H	De AR geeft expliciet aan dat zij op grond van hun onderzoek dit inzicht niet kunnen geven. Er wordt geen substantiële inhoud geleverd; het antwoord valt volledig onder 'niet onderzocht / geen uitspraak mogelijk'.		
92	rekenkamer__kamerstuk:2019:01:23:beantwoording-vragen-tweede-kamer-over-het-rapport-brexit	Beantwoording vragen Tweede Kamer over het rapport Brexit; Voorbereiding op financiële en economische gevolgen, en consequenties voor de Douane	https://www.rekenkamer.nl/binaries/rekenkamer/documenten/kamerstukken/2019/01/23/beantwoording-vragen-tweede-kamer-over-het-rapport-brexit/Beantwoording_vragen_Tweede_Kamer_over_rapport_Brexit.pdf	2019-01-23	19000271 R	Brexit Voorbereiding op financiële en economische gevolgen, en consequenties voor de Douane	23 januari 2019	2018-2019	30	Hoeveel extra tijd is gemoeid met het aangaan van financiële verplichtingen door het verscherpte toezicht op de Belastingdienst?	Wij hebben deze informatie tijdens ons onderzoek niet aangetroffen.			DEFL	H	De AR geeft aan dat zij de gevraagde informatie niet heeft aangetroffen tijdens het onderzoek. Er wordt geen inhoudelijk antwoord gegeven, wat past bij DEFL ('niet onderzocht / geen uitspraak').		
92	rekenkamer__kamerstuk:2019:01:23:beantwoording-vragen-tweede-kamer-over-het-rapport-brexit	Beantwoording vragen Tweede Kamer over het rapport Brexit; Voorbereiding op financiële en economische gevolgen, en consequenties voor de Douane	https://www.rekenkamer.nl/binaries/rekenkamer/documenten/kamerstukken/2019/01/23/beantwoording-vragen-tweede-kamer-over-het-rapport-brexit/Beantwoording_vragen_Tweede_Kamer_over_rapport_Brexit.pdf	2019-01-23	19000271 R	Brexit Voorbereiding op financiële en economische gevolgen, en consequenties voor de Douane	23 januari 2019	2018-2019	33	Wat is uws inziens het minimum aantal extra fte dat inzetbaar moet zijn op 30 maart 2019 om voldoende voorbereid te zijn op de cliffedge brexit?	De Douane heeft zelf aangegeven dat ter voorbereiding op een cliffedge brexit 928 fte extra personeel nodig is. Wij hebben hierover op grond van ons onderzoek zelf geen oordeel.			DEFL	H	De AR geeft aan dat ze zelf geen oordeel heeft over het benodigde minimum aantal fte en verwijst naar wat de Douane zelf heeft aangegeven. Het substantiële deel is slechts een herhaling van de Douane-informatie, terwijl de AR expliciet zegt geen eigen oordeel te hebben. De vraag wordt dus niet inhoudelijk beantwoord door de AR.		
92	rekenkamer__kamerstuk:2019:01:23:beantwoording-vragen-tweede-kamer-over-het-rapport-brexit	Beantwoording vragen Tweede Kamer over het rapport Brexit; Voorbereiding op financiële en economische gevolgen, en consequenties voor de Douane	https://www.rekenkamer.nl/binaries/rekenkamer/documenten/kamerstukken/2019/01/23/beantwoording-vragen-tweede-kamer-over-het-rapport-brexit/Beantwoording_vragen_Tweede_Kamer_over_rapport_Brexit.pdf	2019-01-23	19000271 R	Brexit Voorbereiding op financiële en economische gevolgen, en consequenties voor de Douane	23 januari 2019	2018-2019	34	Zijn er inmiddels vorderingen gemaakt aangaande de constateringen over het ferryproces en zijn de knelpunten zoals in het onderzoek geformuleerd aangepakt?	Wij hebben ons onderzoek op 31 juli 2018 afgesloten en de voortgang sindsdien niet onderzocht.			DEFL	H	De AR geeft expliciet aan dat zij de voortgang niet hebben onderzocht na de afsluiting van het onderzoek, en beantwoordt de vraag dus niet inhoudelijk. Dit is een klassiek DEFL-antwoord.		
92	rekenkamer__kamerstuk:2019:01:23:beantwoording-vragen-tweede-kamer-over-het-rapport-brexit	Beantwoording vragen Tweede Kamer over het rapport Brexit; Voorbereiding op financiële en economische gevolgen, en consequenties voor de Douane	https://www.rekenkamer.nl/binaries/rekenkamer/documenten/kamerstukken/2019/01/23/beantwoording-vragen-tweede-kamer-over-het-rapport-brexit/Beantwoording_vragen_Tweede_Kamer_over_rapport_Brexit.pdf	2019-01-23	19000271 R	Brexit Voorbereiding op financiële en economische gevolgen, en consequenties voor de Douane	23 januari 2019	2018-2019	36	Op basis van welke informatie kunt u concluderen dat de aanschaf van middelen op schema loopt (met uitzondering van de mobiele containerscan)?	Tijdens het onderzoek heeft de Algemene Rekenkamer inzage gehad in hiervoor relevante interne documenten van de Douane en het Ministerie van Financiën.			DEFL	H	De AR beantwoordt de vraag niet inhoudelijk maar verwijst slechts naar het bestaan van interne documenten zonder de informatie zelf te beschrijven of te duiden. Er is geen substantiële inhoud geleverd.		
92	rekenkamer__kamerstuk:2019:01:23:beantwoording-vragen-tweede-kamer-over-het-rapport-brexit	Beantwoording vragen Tweede Kamer over het rapport Brexit; Voorbereiding op financiële en economische gevolgen, en consequenties voor de Douane	https://www.rekenkamer.nl/binaries/rekenkamer/documenten/kamerstukken/2019/01/23/beantwoording-vragen-tweede-kamer-over-het-rapport-brexit/Beantwoording_vragen_Tweede_Kamer_over_rapport_Brexit.pdf	2019-01-23	19000271 R	Brexit Voorbereiding op financiële en economische gevolgen, en consequenties voor de Douane	23 januari 2019	2018-2019	38	Is de Douane in staat om de IT-hardware en software aan te schaffen en in te richten zodat dit op 29 maart 2019 werkbaar is?	Wij hebben ons onderzoek op 31 juli 2018 afgesloten en de voortgang sindsdien niet onderzocht.			DEFL	H	De AR geeft expliciet aan dat zij de voortgang na 31 juli 2018 niet heeft onderzocht en beantwoordt de vraag daarmee niet inhoudelijk. Dit is een klassiek DEFL-antwoord.		
94	rekenkamer__kamerstuk:2019:06:05:beantwoording-vragen-tweede-kamer-over-de-resultaten-verantwoordingsonderzoek-2018-bij-het-ministerie-van-bzk	Beantwoording vragen Tweede Kamer over de Resultaten verantwoordingsonderzoek 2018 bij het Ministerie van BZK	https://www.rekenkamer.nl/binaries/rekenkamer/documenten/kamerstukken/2019/06/05/beantwoording-vragen-tweede-kamer-over-de-resultaten-verantwoordingsonderzoek-2018-bij-het-ministerie-van-bzk/Beantwoording_kamervragen_VO_2018_BZK.pdf	2019-06-05	19005355 R	Beantwoording vragen Tweede Kamer over de Resultaten verantwoordingsonderzoek 2018 bij het Ministerie van BZK	4 juni 2019	2018-2019	5	Kunt u nader specificeren in welke mate de genoemde oorzaken van fouten en onzekerheden in de uitbetaalde huurtoeslag zijn gevonden?	Wij hebben hier geen nadere analyse op uitgevoerd.			DEFL	H	De AR geeft expliciet aan dat ze geen nadere analyse hebben uitgevoerd, wat betekent dat ze de vraag niet substantieel beantwoorden. Dit is een klassiek DEFL-antwoord: 'dit hebben wij niet onderzocht'.		
94	rekenkamer__kamerstuk:2019:06:05:beantwoording-vragen-tweede-kamer-over-de-resultaten-verantwoordingsonderzoek-2018-bij-het-ministerie-van-bzk	Beantwoording vragen Tweede Kamer over de Resultaten verantwoordingsonderzoek 2018 bij het Ministerie van BZK	https://www.rekenkamer.nl/binaries/rekenkamer/documenten/kamerstukken/2019/06/05/beantwoording-vragen-tweede-kamer-over-de-resultaten-verantwoordingsonderzoek-2018-bij-het-ministerie-van-bzk/Beantwoording_kamervragen_VO_2018_BZK.pdf	2019-06-05	19005355 R	Beantwoording vragen Tweede Kamer over de Resultaten verantwoordingsonderzoek 2018 bij het Ministerie van BZK	4 juni 2019	2018-2019	6	Wat zijn de redenen dat afnemers meestal niet om de resultaten van de audits, uitgevoerd door SSC-ICT, vragen en wat gebeurt er dan met de resultaten?	Wij hebben geen onderzoek verricht naar de redenen waarom afnemers meestal niet om de resultaten vragen en ook niet onderzocht wat er wel met de resultaten van de audits gebeurt. Het is aan de minister van BZK om deze vraag te beantwoorden. Door het laten uitvoeren van audits naar het IT-beheer en door het kennisnemen van de resultaten hiervan, kunnen alle betrokken actoren (eigenaar, uitvoerder, opdrachtgevers en de controlerend accountant) op een uniforme en efficiënte wijze zekerheid krijgen over de kwaliteit van het gevoerde IT-beheer en hun eigen verantwoordelijkheid bewaken ten aanzien van het IT-beheer.			DEFL	H	De AR geeft expliciet aan dit niet onderzocht te hebben en verwijst naar de minister van BZK voor het antwoord. De toevoeging over het nut van audits is een algemene toelichting, geen substantieel antwoord op de gestelde vraag. Dus DEFL.		
94	rekenkamer__kamerstuk:2019:06:05:beantwoording-vragen-tweede-kamer-over-de-resultaten-verantwoordingsonderzoek-2018-bij-het-ministerie-van-bzk	Beantwoording vragen Tweede Kamer over de Resultaten verantwoordingsonderzoek 2018 bij het Ministerie van BZK	https://www.rekenkamer.nl/binaries/rekenkamer/documenten/kamerstukken/2019/06/05/beantwoording-vragen-tweede-kamer-over-de-resultaten-verantwoordingsonderzoek-2018-bij-het-ministerie-van-bzk/Beantwoording_kamervragen_VO_2018_BZK.pdf	2019-06-05	19005355 R	Beantwoording vragen Tweede Kamer over de Resultaten verantwoordingsonderzoek 2018 bij het Ministerie van BZK	4 juni 2019	2018-2019	9	Sinds wanneer was de minister bekend dat een aantal van de verbetermaatregelen waar P-Direkt en SSC-ICT in 2018 mee zijn gestart pas eind 2018 of begin 2019 geëffectueerd zou kunnen worden?	Het is aan de minister van BZK om deze vraag te beantwoorden.			DEFL	H	De AR verwijst de vraag door naar de minister van BZK zonder zelf inhoudelijk antwoord te geven. Dit is een klassiek DEFL-patroon.		
95	rekenkamer__kamerstuk:2019:06:05:beantwoording-vragen-tweede-kamer-over-de-resultaten-verantwoordingsonderzoek-2018-bij-het-ministerie-van-economische-zaken-en-klimaat-xiii-ministerie-van-landbouw-natuur-en-voedselkwaliteit-en-diergezondheidsfonds	Beantwoording vragen Tweede Kamer over de Resultaten verantwoordingsonderzoek 2018 bij het Ministerie van Economische Zaken en Klimaat, Ministerie van Landbouw, Natuur en Voedselkwaliteit en Diergezondheidsfonds	https://www.rekenkamer.nl/binaries/rekenkamer/documenten/kamerstukken/2019/06/05/beantwoording-vragen-tweede-kamer-over-de-resultaten-verantwoordingsonderzoek-2018-bij-het-ministerie-van-economische-zaken-en-klimaat-xiii-ministerie-van-landbouw-natuur-en-voedselkwaliteit-en-diergezondheidsfonds/Beantwoording_kamervragen_VO2018_EZ.pdf	2019-06-05	19005356 R	Beantwoording vragen Tweede Kamer over de Resultaten verantwoordingsonderzoek 2018 bij het Ministerie van Economische Zaken en Klimaat (XIII), Ministerie van Landbouw, Natuur en Voedselkwaliteit en Diergezondheidsfonds (F)	4 juni 2019	<UNKNOWN>	3	Is de gebrekkige controle op de subsidieverlening bij RVO.nl het gevolg van onderbezetting of nalatigheid of is er structureel iets fout in de bedrijfsvoering?	Wij hebben niet onderzocht of aan de geconstateerde fouten specifieke oorzaken ten grondslag liggen. Het is aan de minister om daar al dan niet onderzoek naar te laten uitvoeren.			DEFL	H	De AR geeft expliciet aan dat zij dit niet heeft onderzocht en verwijst naar de minister voor eventueel vervolgonderzoek. Er wordt geen inhoudelijk antwoord op de vraag gegeven.		
96	rekenkamer__kamerstuk:2019:06:05:beantwoording-vragen-tweede-kamer-over-de-resultaten-verantwoordingsonderzoek-2018-bij-het-ministerie-van-financien-en-nationale-schuld	Beantwoording vragen Tweede Kamer over de Resultaten verantwoordingsonderzoek 2018 bij het Ministerie van Financiën en Nationale Schuld	https://www.rekenkamer.nl/binaries/rekenkamer/documenten/kamerstukken/2019/06/05/beantwoording-vragen-tweede-kamer-over-de-resultaten-verantwoordingsonderzoek-2018-bij-het-ministerie-van-financien-en-nationale-schuld/Beantwoording_kamervragen_VO2018_Financien.pdf	2019-06-05	19005359 R	Beantwoording vragen Tweede Kamer over de Resultaten verantwoordingsonderzoek 2018 bij het Ministerie van Financiën en Nationale Schuld	4 juni 2019	2018	2	Kan het probleem dat een leverancier stopt met het ondersteunen van een systeem op de lange termijn worden voorkomen door meer systemen in eigen beheer te bouwen?	Wij hebben in ons onderzoek niet gekeken naar het verschil tussen bouwen in eigen beheer versus het aankopen van een bestaand systeem. Het is aan de Belastingdienst om een afweging te maken of aankoop van een bestaand systeem of ontwikkeling in eigen beheer voor een bepaald systeem het meest passend is. Overigens is het stoppen van leveranciersondersteuning niet de enige oorzaak van veroudering van systemen. Ook systemen die in eigen beheer zijn ontwikkeld kunnen verouderen.			DEFL	H	De AR geeft expliciet aan dit niet te hebben onderzocht ('Wij hebben in ons onderzoek niet gekeken naar...') en verwijst de afweging naar de Belastingdienst. De toevoeging dat ook eigen systemen kunnen verouderen is een kanttekening, geen substantieel inhoudelijk antwoord op de vraag.		
97	rekenkamer__kamerstuk:2019:06:05:beantwoording-vragen-tweede-kamer-over-de-resultaten-verantwoordingsonderzoek-2018-bij-het-ministerie-van-infrastructuur-en-waterstaat	Beantwoording vragen Tweede Kamer over de Resultaten verantwoordingsonderzoek 2018 bij het Ministerie van Infrastructuur en Waterstaat	https://www.rekenkamer.nl/binaries/rekenkamer/documenten/kamerstukken/2019/06/05/beantwoording-vragen-tweede-kamer-over-de-resultaten-verantwoordingsonderzoek-2018-bij-het-ministerie-van-infrastructuur-en-waterstaat/Beantwoording_kamervragen_VO2018_IenW.pdf	2019-06-05	35200-XII	Beantwoording vragen Tweede Kamer over de Resultaten verantwoordingsonderzoek 2018 bij het Ministerie van Infrastructuur en Waterstaat	5 juni 2019	2018	2	Is berekend wat de potentie is van een sterkere inzet op preventie en hergebruik om ervoor te zorgen dat de toepassing van plastics tegen 2050 100% circulair is?	Wij hebben niet onderzocht en berekend wat de potentiële effecten van inzetten op preventie en hergebruik zijn.			DEFL	H	De AR geeft expliciet aan dat zij dit niet hebben onderzocht en berekend. Er wordt geen inhoudelijk antwoord gegeven; dit is een klassiek DEFL-antwoord.		
98	rekenkamer__kamerstuk:2019:06:05:beantwoording-vragen-tweede-kamer-over-de-resultaten-verantwoordingsonderzoek-2018-bij-het-ministerie-van-jenv	Beantwoording vragen Tweede Kamer over de Resultaten verantwoordingsonderzoek 2018 bij het Ministerie van Defensie	https://www.rekenkamer.nl/binaries/rekenkamer/documenten/kamerstukken/2019/06/05/beantwoording-vragen-tweede-kamer-over-de-resultaten-verantwoordingsonderzoek-2018-bij-het-ministerie-van-jenv/Beantwoording_kamervragen_VO2018_Defensie.pdf	2019-06-05	19005368 R	Beantwoording vragen Tweede Kamer over de Resultaten verantwoordingsonderzoek 2018 bij het Ministerie van Defensie	4 juni 2019	<UNKNOWN>	1	Het Resultaten Verantwoordingsonderzoek vermeldt dat Defensie alleen met een goed functionerende bedrijfsvoering in staat zal zijn om de extra beschikbaar gekomen gelden doeltreffend en doelmatig uit te geven. Kunt u aangeven hoe Defensie een goed functionerende bedrijfsvoering kan bereiken, zolang de verantwoordelijken onbestraft blijven, materiaal niet in stand wordt gehouden en de minister en staatssecretaris van Defensie dramatisch scoorden bij de BNR-enquête? Zo nee, waarom niet?	Uit ons onderzoek blijkt dat de minister op een aantal van de door ons onderkende onvolkomenheden in de bedrijfsvoering vooruitgang boekt. De door u gestelde vraag kan alleen door het parlement beantwoord worden.			DEFL	M	Het antwoord bevat een korte feitelijke constatering over vooruitgang, maar het kernstuk van de vraag ('hoe kan Defensie een goed functionerende bedrijfsvoering bereiken') wordt niet beantwoord: de AR verwijst door naar het parlement. Omdat er geen substantieel inhoudelijk antwoord wordt gegeven op de gestelde vraag, prevaleert DEFL, hoewel de korte feitelijke opening een alternatief (FEIT) plausibel maakt.		
98	rekenkamer__kamerstuk:2019:06:05:beantwoording-vragen-tweede-kamer-over-de-resultaten-verantwoordingsonderzoek-2018-bij-het-ministerie-van-jenv	Beantwoording vragen Tweede Kamer over de Resultaten verantwoordingsonderzoek 2018 bij het Ministerie van Defensie	https://www.rekenkamer.nl/binaries/rekenkamer/documenten/kamerstukken/2019/06/05/beantwoording-vragen-tweede-kamer-over-de-resultaten-verantwoordingsonderzoek-2018-bij-het-ministerie-van-jenv/Beantwoording_kamervragen_VO2018_Defensie.pdf	2019-06-05	19005368 R	Beantwoording vragen Tweede Kamer over de Resultaten verantwoordingsonderzoek 2018 bij het Ministerie van Defensie	4 juni 2019	<UNKNOWN>	4	Deelt u de mening dat de puinhopen van de laatste jaren en de resterende puinhopen bewijzen dat Defensie zich niet laat sturen door een bureaucratisch organisatiemodel met fancy managementtaal maar door beleidsverantwoordelijken met ervaring binnen het krijgsmachtswezen en/of het veld binnen een systeem waarbij men leert van fouten en hierdoor zichzelf verder ontwikkelt en de rotte appels uit het systeem gooit.	In het verantwoordingsonderzoek 2018 is geen onderzoek verricht naar het organisatiemodel van het Ministerie van Defensie.			DEFL	H	De AR geeft expliciet aan dat zij geen onderzoek heeft verricht naar het gevraagde onderwerp en biedt geen inhoudelijk antwoord. Dit is een klassieke deflectie: 'dit hebben wij niet onderzocht'.		
98	rekenkamer__kamerstuk:2019:06:05:beantwoording-vragen-tweede-kamer-over-de-resultaten-verantwoordingsonderzoek-2018-bij-het-ministerie-van-jenv	Beantwoording vragen Tweede Kamer over de Resultaten verantwoordingsonderzoek 2018 bij het Ministerie van Defensie	https://www.rekenkamer.nl/binaries/rekenkamer/documenten/kamerstukken/2019/06/05/beantwoording-vragen-tweede-kamer-over-de-resultaten-verantwoordingsonderzoek-2018-bij-het-ministerie-van-jenv/Beantwoording_kamervragen_VO2018_Defensie.pdf	2019-06-05	19005368 R	Beantwoording vragen Tweede Kamer over de Resultaten verantwoordingsonderzoek 2018 bij het Ministerie van Defensie	4 juni 2019	<UNKNOWN>	6	Bent u, in het licht van de personeelstekorten en de onderlinge afhankelijkheid van de problemen bij Defensie, bereid onderzoek te doen naar het personeelsbeleid- en management bij Defensie, juist omdat de personele component cruciaal is voor de oplossing van de problemen op diverse deelgebieden?	De personele problemen waar het Ministerie van Defensie mee kampt blijven net als voorgaande jaren onze aandacht houden.			DEFL	M	De AR geeft geen inhoudelijk antwoord op de vraag of zij bereid is onderzoek te doen naar het personeelsbeleid. Het antwoord zegt slechts dat de personele problemen 'de aandacht houden', zonder concrete toezegging, bevinding, oordeel of aanbeveling. Dit is een ontwijkend antwoord zonder substantiële inhoud.		
98	rekenkamer__kamerstuk:2019:06:05:beantwoording-vragen-tweede-kamer-over-de-resultaten-verantwoordingsonderzoek-2018-bij-het-ministerie-van-jenv	Beantwoording vragen Tweede Kamer over de Resultaten verantwoordingsonderzoek 2018 bij het Ministerie van Defensie	https://www.rekenkamer.nl/binaries/rekenkamer/documenten/kamerstukken/2019/06/05/beantwoording-vragen-tweede-kamer-over-de-resultaten-verantwoordingsonderzoek-2018-bij-het-ministerie-van-jenv/Beantwoording_kamervragen_VO2018_Defensie.pdf	2019-06-05	19005368 R	Beantwoording vragen Tweede Kamer over de Resultaten verantwoordingsonderzoek 2018 bij het Ministerie van Defensie	4 juni 2019	<UNKNOWN>	7	Kunt u nader ingaan op uw constatering dat de realisatie van de investeringsquote al bijna tien jaar onder de ramingen ervan blijven? In hoeverre kan volgens u het nieuwe materieelbegrotingsfonds in combinatie met over-programmering soelaas bieden?	Het aandeel van de investeringen in de totale defensie-uitgaven wordt aangeduid met de term 'investeringsquote'. Binnen de NAVO is afgesproken dat dit aandeel ten minste 20% moet zijn. In 2018 kwam de 'investeringsquote' uit op 18,9%. Dit is een stijging ten opzichte van het voorgaande jaar. Wij hebben in het verantwoordingsonderzoek 2018 geen onderzoek verricht naar de vraag of het materieelbegrotingsfonds in combinatie met overprogrammering soelaas gaat bieden, zoals de minister in haar begroting voor 2019 stelt.			DEFL	M	Het antwoord begint met feitelijke context (investeringsquote, NAVO-norm, realisatie 2018), maar het kernvraagstuk — of het materieelbegrotingsfonds in combinatie met overprogrammering soelaas kan bieden — wordt expliciet niet beantwoord ('wij hebben geen onderzoek verricht naar de vraag of...'). Het substantiële deel van de vraag wordt gedeflecteerd. Er is wel enige feitelijke inhoud, maar de prioriteitsregel zegt dat DEFL alleen geldt als er geen substantiële inhoud is. De feitelijke inhoud is echter beperkt en beantwoordt slechts de context, niet de kernvraag. Twijfel met FEIT, maar de kern is onbeantwoord.		
98	rekenkamer__kamerstuk:2019:06:05:beantwoording-vragen-tweede-kamer-over-de-resultaten-verantwoordingsonderzoek-2018-bij-het-ministerie-van-jenv	Beantwoording vragen Tweede Kamer over de Resultaten verantwoordingsonderzoek 2018 bij het Ministerie van Defensie	https://www.rekenkamer.nl/binaries/rekenkamer/documenten/kamerstukken/2019/06/05/beantwoording-vragen-tweede-kamer-over-de-resultaten-verantwoordingsonderzoek-2018-bij-het-ministerie-van-jenv/Beantwoording_kamervragen_VO2018_Defensie.pdf	2019-06-05	19005368 R	Beantwoording vragen Tweede Kamer over de Resultaten verantwoordingsonderzoek 2018 bij het Ministerie van Defensie	4 juni 2019	<UNKNOWN>	13	Hoe kan Defensie invulling geven aan de aanbeveling om operationele commando's beter van elkaar(s oplossingen) te laten leren?	Wij hebben in ons onderzoek geconstateerd dat de aard en ernst van de problematiek verschilt per operationeel commando. In ons rapport benoemen wij deze verschillen. Dit kan als input dienen voor een operationeel commando om te leren van een ander operationeel commando waar de ervaren problematiek niet of veel minder aanwezig is. Het is aan de minister van Defensie om invulling te geven aan onze aanbeveling.			DEFL	M	Hoewel de AR kort een feitelijke constatering noemt (verschillen per operationeel commando), geeft ze geen inhoudelijk antwoord op de vraag hoe Defensie de aanbeveling kan invullen. Ze verwijst expliciet naar de minister: 'Het is aan de minister van Defensie om invulling te geven aan onze aanbeveling.' De kern van het antwoord is deflectie; de summiere inhoud is onvoldoende substantieel om als FEIT of ADV te kwalificeren.		
98	rekenkamer__kamerstuk:2019:06:05:beantwoording-vragen-tweede-kamer-over-de-resultaten-verantwoordingsonderzoek-2018-bij-het-ministerie-van-jenv	Beantwoording vragen Tweede Kamer over de Resultaten verantwoordingsonderzoek 2018 bij het Ministerie van Defensie	https://www.rekenkamer.nl/binaries/rekenkamer/documenten/kamerstukken/2019/06/05/beantwoording-vragen-tweede-kamer-over-de-resultaten-verantwoordingsonderzoek-2018-bij-het-ministerie-van-jenv/Beantwoording_kamervragen_VO2018_Defensie.pdf	2019-06-05	19005368 R	Beantwoording vragen Tweede Kamer over de Resultaten verantwoordingsonderzoek 2018 bij het Ministerie van Defensie	4 juni 2019	<UNKNOWN>	15	Waarom is het contractenregister nog niet volledig?	Wij hebben geen onderzoek verricht naar de achterliggende oorzaken. Voor het antwoord op deze vraag verwijzen wij u naar de verantwoordelijke bewindspersonen.			DEFL	H	De AR geeft expliciet aan geen onderzoek te hebben verricht naar de oorzaken en verwijst door naar de verantwoordelijke bewindspersonen. Er wordt geen substantiële inhoud geleverd.		
99	rekenkamer__kamerstuk:2019:06:05:beantwoording-vragen-tweede-kamer-over-de-resultaten-verantwoordingsonderzoek-2018-bij-het-ministerie-van-justitie-en-veiligheid	Beantwoording vragen Tweede Kamer over de Resultaten verantwoordingsonderzoek 2018 bij het Ministerie van Justitie en Veiligheid	https://www.rekenkamer.nl/binaries/rekenkamer/documenten/kamerstukken/2019/06/05/beantwoording-vragen-tweede-kamer-over-de-resultaten-verantwoordingsonderzoek-2018-bij-het-ministerie-van-justitie-en-veiligheid/Beantwoording_kamervragen_VO2018_JenV.pdf	2019-06-05	19005375 R	Beantwoording vragen Tweede Kamer over de Resultaten verantwoordingsonderzoek 2018 bij het Ministerie van Justitie en Veiligheid	5 juni 2019	2018-2019	2	Met welke overheidsdiensten concurreert de politie? Hoe verklaart dit de aanhoudende uitstroom van personeel (exclusief aspiranten)?	"Dit hebben wij niet onderzocht. In dit verband is het recent verschenen jaarbericht van de Inspectie van Justitie en Veiligheid relevant. Hierin uit deze haar zorgen en stelt dat de ""de politie het opleidingsbeleid en de (strategische) personeelsplanning beter moet gebruiken voor de ontwikkeling en het toekomstbestendig maken van de organisatie. Gezien de leeftijdsopbouw van het korps zal vergrijzing de komende jaren leiden tot een hoge uitstroom van personeel. De inspectie vindt dat de politie dan ok nu stappen moet zetten zodat de politieacademie de politiemedewerkers gerichter kan opleiden en zo kan helpen de personele gevolgen op te vangen. De inspectie heeft ook in 2016 risico's omtrent de personele bezetting bij de politie en het politieonderwijs gesignaleerd."""			DEFL	H	Het antwoord begint expliciet met 'Dit hebben wij niet onderzocht' en verwijst vervolgens naar een extern rapport (Inspectie van Justitie en Veiligheid). De AR geeft zelf geen substantieel inhoudelijk antwoord op de vraag, maar citeert slechts bevindingen en aanbevelingen van een andere instantie. Dit is een klassiek DEFL-patroon.		
99	rekenkamer__kamerstuk:2019:06:05:beantwoording-vragen-tweede-kamer-over-de-resultaten-verantwoordingsonderzoek-2018-bij-het-ministerie-van-justitie-en-veiligheid	Beantwoording vragen Tweede Kamer over de Resultaten verantwoordingsonderzoek 2018 bij het Ministerie van Justitie en Veiligheid	https://www.rekenkamer.nl/binaries/rekenkamer/documenten/kamerstukken/2019/06/05/beantwoording-vragen-tweede-kamer-over-de-resultaten-verantwoordingsonderzoek-2018-bij-het-ministerie-van-justitie-en-veiligheid/Beantwoording_kamervragen_VO2018_JenV.pdf	2019-06-05	19005375 R	Beantwoording vragen Tweede Kamer over de Resultaten verantwoordingsonderzoek 2018 bij het Ministerie van Justitie en Veiligheid	5 juni 2019	2018-2019	7	Waarom is er, anders dan bij het strafrecht, geen vooruitgang geboekt met de digitalisering van het bestuursrecht en civielrecht? Hoeveel extra kosten levert dit op?	Wij hebben geen onderzoek verricht naar de oorzaken en extra kosten hiervan. Het is aan de minister van Justitie en Veiligheid om deze vragen te beantwoorden			DEFL	H	De AR geeft expliciet aan dat zij geen onderzoek heeft verricht naar de oorzaken en extra kosten, en verwijst door naar de minister. Er is geen substantiële inhoud; dit is een klassiek DEFL-antwoord.		
99	rekenkamer__kamerstuk:2019:06:05:beantwoording-vragen-tweede-kamer-over-de-resultaten-verantwoordingsonderzoek-2018-bij-het-ministerie-van-justitie-en-veiligheid	Beantwoording vragen Tweede Kamer over de Resultaten verantwoordingsonderzoek 2018 bij het Ministerie van Justitie en Veiligheid	https://www.rekenkamer.nl/binaries/rekenkamer/documenten/kamerstukken/2019/06/05/beantwoording-vragen-tweede-kamer-over-de-resultaten-verantwoordingsonderzoek-2018-bij-het-ministerie-van-justitie-en-veiligheid/Beantwoording_kamervragen_VO2018_JenV.pdf	2019-06-05	19005375 R	Beantwoording vragen Tweede Kamer over de Resultaten verantwoordingsonderzoek 2018 bij het Ministerie van Justitie en Veiligheid	5 juni 2019	2018-2019	8	Wat is de onderbouwing voor het verhogen van budget van de Autoriteit Persoonsgegevens van 7,7 miljoen euro naar 14,7 miljoen euro?	Wij hebben geen onderzoek verricht naar de onderbouwing van de verhoging van het budget in 2019. Het is aan de minister van Justitie en Veiligheid om deze vraag te beantwoorden.			DEFL	H	De AR geeft expliciet aan dit niet onderzocht te hebben en verwijst naar de minister voor beantwoording. Er is geen inhoudelijke informatie verstrekt.		
99	rekenkamer__kamerstuk:2019:06:05:beantwoording-vragen-tweede-kamer-over-de-resultaten-verantwoordingsonderzoek-2018-bij-het-ministerie-van-justitie-en-veiligheid	Beantwoording vragen Tweede Kamer over de Resultaten verantwoordingsonderzoek 2018 bij het Ministerie van Justitie en Veiligheid	https://www.rekenkamer.nl/binaries/rekenkamer/documenten/kamerstukken/2019/06/05/beantwoording-vragen-tweede-kamer-over-de-resultaten-verantwoordingsonderzoek-2018-bij-het-ministerie-van-justitie-en-veiligheid/Beantwoording_kamervragen_VO2018_JenV.pdf	2019-06-05	19005375 R	Beantwoording vragen Tweede Kamer over de Resultaten verantwoordingsonderzoek 2018 bij het Ministerie van Justitie en Veiligheid	5 juni 2019	2018-2019	11	In hoeverre heeft het niet behalen van de gewenste operationele sterkte in 2018 te maken met het verschuiven van de bestedingsdoelen in 2018?	Wij hebben hier geen onderzoek naar verricht. Het is aan de minister van Justitie en Veiligheid om deze vraag te beantwoorden.			DEFL	H	De AR geeft expliciet aan geen onderzoek te hebben verricht en verwijst naar de minister voor beantwoording. Er is geen substantiële inhoud; dit is een klassieke deflectie.		
99	rekenkamer__kamerstuk:2019:06:05:beantwoording-vragen-tweede-kamer-over-de-resultaten-verantwoordingsonderzoek-2018-bij-het-ministerie-van-justitie-en-veiligheid	Beantwoording vragen Tweede Kamer over de Resultaten verantwoordingsonderzoek 2018 bij het Ministerie van Justitie en Veiligheid	https://www.rekenkamer.nl/binaries/rekenkamer/documenten/kamerstukken/2019/06/05/beantwoording-vragen-tweede-kamer-over-de-resultaten-verantwoordingsonderzoek-2018-bij-het-ministerie-van-justitie-en-veiligheid/Beantwoording_kamervragen_VO2018_JenV.pdf	2019-06-05	19005375 R	Beantwoording vragen Tweede Kamer over de Resultaten verantwoordingsonderzoek 2018 bij het Ministerie van Justitie en Veiligheid	5 juni 2019	2018-2019	13	Wat heeft het verschuiven van de bestedingsdoelen van 2018 voor consequenties voor 2019, zowel qua middelen als voor de operationele sterkte in 2019?	Wij hebben geen onderzoek verricht naar de consequenties voor 2019. Het is aan de minister van Justitie en Veiligheid om deze vraag te beantwoorden.			DEFL	H	De AR geeft aan het niet onderzocht te hebben en verwijst expliciet naar de minister voor beantwoording. Er wordt geen inhoudelijke informatie verstrekt.		
99	rekenkamer__kamerstuk:2019:06:05:beantwoording-vragen-tweede-kamer-over-de-resultaten-verantwoordingsonderzoek-2018-bij-het-ministerie-van-justitie-en-veiligheid	Beantwoording vragen Tweede Kamer over de Resultaten verantwoordingsonderzoek 2018 bij het Ministerie van Justitie en Veiligheid	https://www.rekenkamer.nl/binaries/rekenkamer/documenten/kamerstukken/2019/06/05/beantwoording-vragen-tweede-kamer-over-de-resultaten-verantwoordingsonderzoek-2018-bij-het-ministerie-van-justitie-en-veiligheid/Beantwoording_kamervragen_VO2018_JenV.pdf	2019-06-05	19005375 R	Beantwoording vragen Tweede Kamer over de Resultaten verantwoordingsonderzoek 2018 bij het Ministerie van Justitie en Veiligheid	5 juni 2019	2018-2019	15	Hoe wordt de onderbezetting in de eenheden Midden-Nederland, Den Haag en Rotterdam verklaard? Op welke termijn wordt verwacht dat deze onderbezetting is opgevuld?	Wij hebben de oorzaken van de onderbezetting in deze specifieke regionale eenheden en de termijn waarbinnen de onderbezetting zal zijn opgevuld niet onderzocht. Het is aan de minister van Justitie en Veiligheid deze vragen te beantwoorden.			DEFL	H	De AR geeft aan dit niet onderzocht te hebben en verwijst door naar de minister. Er wordt geen inhoudelijk antwoord gegeven op de gestelde vraag.		
100	rekenkamer__kamerstuk:2019:06:05:beantwoording-vragen-tweede-kamer-over-de-resultaten-verantwoordingsonderzoek-2018-bij-het-ministerie-van-szw	Beantwoording vragen Tweede Kamer over de Resultaten verantwoordingsonderzoek 2018 bij het Ministerie van SZW	https://www.rekenkamer.nl/binaries/rekenkamer/documenten/kamerstukken/2019/06/05/beantwoording-vragen-tweede-kamer-over-de-resultaten-verantwoordingsonderzoek-2018-bij-het-ministerie-van-szw/Beantwoording_kamervragen_VO2018_SZW.pdf	2019-06-05	19005376 R	Beantwoording vragen Tweede Kamer over de Resultaten verantwoordingsonderzoek 2018 bij het Ministerie van SZW	5 juni 2019	2018	1	Onderschrijft de Algemene Rekenkamer dat de mensen die voorheen een Wajong uitkering kregen en arbeidsvermogen bezitten, nu buiten beeld vallen van alle instanties, omdat deze groep nu opgegaan is in de bijstand/ Participatiewet? Welke onderzoeken zijn beschikbaar om deze groep wel in beeld te krijgen? Wat adviseert de Algemene Rekenkamer om deze groep en de consequenties van het beleid voor hen wel structureel in beeld te krijgen?	De gemeente is de instantie die tot taak heeft om deze groep mensen te laten participeren op arbeidsmarkt. Voor het antwoord op deze vraag verwijzen wij u verder naar de minister van SZW. In het Verantwoordingsonderzoek 2019 hebben wij hier geen onderzoek naar gedaan.			DEFL	H	De AR geeft geen inhoudelijk antwoord op de vraag: ze verwijst naar de minister van SZW en geeft aan dat ze hier geen onderzoek naar heeft gedaan. De ene feitelijke zin over de gemeente is minimaal en dient slechts als inleiding tot de deflectie. Geen oordeel, geen advies, geen substantiële inhoud.		
100	rekenkamer__kamerstuk:2019:06:05:beantwoording-vragen-tweede-kamer-over-de-resultaten-verantwoordingsonderzoek-2018-bij-het-ministerie-van-szw	Beantwoording vragen Tweede Kamer over de Resultaten verantwoordingsonderzoek 2018 bij het Ministerie van SZW	https://www.rekenkamer.nl/binaries/rekenkamer/documenten/kamerstukken/2019/06/05/beantwoording-vragen-tweede-kamer-over-de-resultaten-verantwoordingsonderzoek-2018-bij-het-ministerie-van-szw/Beantwoording_kamervragen_VO2018_SZW.pdf	2019-06-05	19005376 R	Beantwoording vragen Tweede Kamer over de Resultaten verantwoordingsonderzoek 2018 bij het Ministerie van SZW	5 juni 2019	2018	7	Wat is de reden dat WGA-gerechtigden geen eerste gesprek met het UWV hebben gehad?	De Algemene Rekenkamer beschikt niet over de informatie om deze vraag te kunnen beantwoorden. Voor het antwoord op deze vraag verwijzen wij u naar de minister van SZW.			DEFL	H	De AR geeft expliciet aan niet over de informatie te beschikken en verwijst door naar de minister van SZW. Er wordt geen inhoudelijk antwoord gegeven.		
100	rekenkamer__kamerstuk:2019:06:05:beantwoording-vragen-tweede-kamer-over-de-resultaten-verantwoordingsonderzoek-2018-bij-het-ministerie-van-szw	Beantwoording vragen Tweede Kamer over de Resultaten verantwoordingsonderzoek 2018 bij het Ministerie van SZW	https://www.rekenkamer.nl/binaries/rekenkamer/documenten/kamerstukken/2019/06/05/beantwoording-vragen-tweede-kamer-over-de-resultaten-verantwoordingsonderzoek-2018-bij-het-ministerie-van-szw/Beantwoording_kamervragen_VO2018_SZW.pdf	2019-06-05	19005376 R	Beantwoording vragen Tweede Kamer over de Resultaten verantwoordingsonderzoek 2018 bij het Ministerie van SZW	5 juni 2019	2018	17	Om wat voor onrechtmatige inkopen door de Haagse Inkoop Samenwerking (HIS) gaat het? Welk bedrag was hiermee gemoeid? Hoe konden deze plaatsvinden?	De Haagse Inkoop Samenwerking (HIS) voert een deel van de inkopen namens de minister van SZW uit. Voor het antwoord op deze vraag verwijzen wij u naar de verantwoordelijke bewindspersonen van BZK en SZW.			DEFL	H	De AR verwijst voor het antwoord expliciet naar de bewindspersonen van BZK en SZW en geeft zelf geen substantieel inhoudelijk antwoord op de gestelde vraag. Dit is een klassiek DEFL-patroon.		
100	rekenkamer__kamerstuk:2019:06:05:beantwoording-vragen-tweede-kamer-over-de-resultaten-verantwoordingsonderzoek-2018-bij-het-ministerie-van-szw	Beantwoording vragen Tweede Kamer over de Resultaten verantwoordingsonderzoek 2018 bij het Ministerie van SZW	https://www.rekenkamer.nl/binaries/rekenkamer/documenten/kamerstukken/2019/06/05/beantwoording-vragen-tweede-kamer-over-de-resultaten-verantwoordingsonderzoek-2018-bij-het-ministerie-van-szw/Beantwoording_kamervragen_VO2018_SZW.pdf	2019-06-05	19005376 R	Beantwoording vragen Tweede Kamer over de Resultaten verantwoordingsonderzoek 2018 bij het Ministerie van SZW	5 juni 2019	2018	20	Hoeveel WGA-gerechtigden nemen nadat zij vijf jaar dienstverlening van het UWV hebben ontvangen het eigen initiatief om te re-integreren?	We hebben niet onderzocht hoeveel WGA-gerechtigden op eigen initiatief re-integreren. Op basis van ons onderzoek kunnen we daar geen uitspraken over doen.			DEFL	H	De AR geeft expliciet aan dat zij dit niet hebben onderzocht en geen uitspraken kunnen doen. Er is geen substantiële inhoud; dit is een klassiek DEFL-antwoord.		
100	rekenkamer__kamerstuk:2019:06:05:beantwoording-vragen-tweede-kamer-over-de-resultaten-verantwoordingsonderzoek-2018-bij-het-ministerie-van-szw	Beantwoording vragen Tweede Kamer over de Resultaten verantwoordingsonderzoek 2018 bij het Ministerie van SZW	https://www.rekenkamer.nl/binaries/rekenkamer/documenten/kamerstukken/2019/06/05/beantwoording-vragen-tweede-kamer-over-de-resultaten-verantwoordingsonderzoek-2018-bij-het-ministerie-van-szw/Beantwoording_kamervragen_VO2018_SZW.pdf	2019-06-05	19005376 R	Beantwoording vragen Tweede Kamer over de Resultaten verantwoordingsonderzoek 2018 bij het Ministerie van SZW	5 juni 2019	2018	21	Welke bewezen interventies om mensen vanuit de WGA weer aan het werk te helpen heeft de Algemene Rekenkamer gevonden naast de investeringen in persoonlijke begeleiding?	We hebben geen onderzoek verricht naar bewezen interventies om deze doelgroep weer aan het werk te helpen. We hebben in het Verantwoordingsonderzoek 2018 wel geconstateerd dat de minister van SZW en UWV in 2019 onderzoek starten, via experimenten, om meer inzicht te krijgen in de doelmatigheid en doeltreffendheid van de dienstverlening aan mensen met een WGA-uitkering. We vinden dat een positieve ontwikkeling.			DEFL	M	De AR geeft expliciet aan dit niet onderzocht te hebben ('We hebben geen onderzoek verricht naar bewezen interventies'). Hoewel er een positieve evaluatie volgt ('We vinden dat een positieve ontwikkeling'), is dit slechts een bijzin over een aanpalend onderwerp en geen substantieel inhoudelijk antwoord op de gestelde vraag. Toch maakt het impliciete oordeel het een grensgevals; DEFL domineert omdat de kernvraag onbeantwoord blijft.		
100	rekenkamer__kamerstuk:2019:06:05:beantwoording-vragen-tweede-kamer-over-de-resultaten-verantwoordingsonderzoek-2018-bij-het-ministerie-van-szw	Beantwoording vragen Tweede Kamer over de Resultaten verantwoordingsonderzoek 2018 bij het Ministerie van SZW	https://www.rekenkamer.nl/binaries/rekenkamer/documenten/kamerstukken/2019/06/05/beantwoording-vragen-tweede-kamer-over-de-resultaten-verantwoordingsonderzoek-2018-bij-het-ministerie-van-szw/Beantwoording_kamervragen_VO2018_SZW.pdf	2019-06-05	19005376 R	Beantwoording vragen Tweede Kamer over de Resultaten verantwoordingsonderzoek 2018 bij het Ministerie van SZW	5 juni 2019	2018	24	Klopt het dat nog steeds niet alle WGA-gerechtigden met 80-100% loonverlies, die in 2011 zijn ingestroomd, dienstverlening hebben gekregen?	Hier hebben wij in het kader van ons Verantwoordingsonderzoek 2018 geen onderzoek naar verricht. Wel constateren we dat UWV in het project Intensivering WGA 80-100, dat begon in 2015, het contact heeft hersteld met mensen die in eerdere jaren de volledige WGA-uitkering (80-100% loonverlies) zijn ingestroomd. In figuur 5 op pagina 33 van het Verantwoordingsonderzoek SZW 2018 is de toename van dienstverlening aan mensen met een volledige WGA-uitkering (80-100% loonverlies) zichtbaar. Voor meer informatie verwijzen wij u naar de minister van SZW.		Verantwoordingsonderzoek SZW 2018: figuur 5, pagina 33	DEFL	M	De AR geeft expliciet aan geen onderzoek te hebben verricht naar deze vraag en verwijst voor meer informatie naar de minister van SZW. Hoewel er enige feitelijke context wordt geboden (verwijzing naar figuur 5 en het project Intensivering WGA), wordt de gestelde vraag niet substantieel beantwoord. Toch is er een plausibel alternatief (FEIT) vanwege de bijgevoegde feitelijke informatie, maar de deflectie domineert.		
100	rekenkamer__kamerstuk:2019:06:05:beantwoording-vragen-tweede-kamer-over-de-resultaten-verantwoordingsonderzoek-2018-bij-het-ministerie-van-szw	Beantwoording vragen Tweede Kamer over de Resultaten verantwoordingsonderzoek 2018 bij het Ministerie van SZW	https://www.rekenkamer.nl/binaries/rekenkamer/documenten/kamerstukken/2019/06/05/beantwoording-vragen-tweede-kamer-over-de-resultaten-verantwoordingsonderzoek-2018-bij-het-ministerie-van-szw/Beantwoording_kamervragen_VO2018_SZW.pdf	2019-06-05	19005376 R	Beantwoording vragen Tweede Kamer over de Resultaten verantwoordingsonderzoek 2018 bij het Ministerie van SZW	5 juni 2019	2018	26	Kan het grote verschil tussen de patronen van voormalig werknemers en vangnetters worden verklaard?	Voor het antwoord op deze vraag verwijzen wij naar het UWV Kennisverslag 2016-8 De dalende arbeidsparticipatie van WGA'ers verklaard. Voor voormalige werknemers treedt een daling op in de arbeidsparticipatie na aanvang van de uitkering. Dit kan onder andere verklaard worden doordat een deel van de voormalige werknemers die initieel bij hun werkgever konden blijven, op termijn toch wordt ontslagen. Voor meer informatie verwijzen wij u naar de minister van SZW.		UWV Kennisverslag 2016-8: De dalende arbeidsparticipatie van WGA'ers verklaard	DEFL	M	De AR verwijst primair naar een extern rapport (UWV Kennisverslag) en naar de minister van SZW voor meer informatie. Hoewel er enige inhoudelijke toelichting wordt gegeven, is deze beknopt en afkomstig uit een extern document; de AR construeert geen eigen verklaring en sluit af met een doorverwijzing naar de minister.		
101	rekenkamer__kamerstuk:2019:06:05:beantwoording-vragen-tweede-kamer-over-de-resultaten-verantwoordingsonderzoek-2018-bij-het-ministerie-van-vws	Beantwoording vragen Tweede Kamer over de Resultaten verantwoordingsonderzoek 2018 bij het Ministerie van VWS	https://www.rekenkamer.nl/binaries/rekenkamer/documenten/kamerstukken/2019/06/05/beantwoording-vragen-tweede-kamer-over-de-resultaten-verantwoordingsonderzoek-2018-bij-het-ministerie-van-vws/Beantwoording_kamervragen_VO2018_VWS.pdf	2019-06-05	19005378 R	Beantwoording vragen Tweede Kamer over de Resultaten verantwoordingsonderzoek 2018 bij het Ministerie van VWS	5 juni 2019	2018-2019	2	Hoe oordeelt de Algemene Rekenkamer over de stelselmatig te hoog vastgestelde ramingen voor de ontwikkeling van de zorguitgaven? Geeft dit een betrouwbaar beeld van de daadwerkelijk te maken zorgkosten?	Wij hebben hier in het verantwoordingsonderzoek 2018 geen specifiek onderzoek naar verricht. Wij hebben in het verantwoordingsonderzoek 2015 wel de uitgavenraming van de extramurale geneesmiddelen onderzocht. Wij concludeerden in dat onderzoek dat deze raming goed was. De onderschrijding werd voor het grootste deel verklaard doordat het ingezette beleid succesvoller was dan verwacht.			DEFL	M	De AR geeft expliciet aan geen specifiek onderzoek naar de gevraagde kwestie te hebben verricht in het relevante verantwoordingsonderzoek (2018). De aanvullende verwijzing naar eerder onderzoek (2015) over een ander onderwerp (extramurale geneesmiddelen) beantwoordt de gestelde vraag niet substantieel. DEFL wint omdat er geen inhoudelijk antwoord op de specifieke vraag wordt gegeven.		
101	rekenkamer__kamerstuk:2019:06:05:beantwoording-vragen-tweede-kamer-over-de-resultaten-verantwoordingsonderzoek-2018-bij-het-ministerie-van-vws	Beantwoording vragen Tweede Kamer over de Resultaten verantwoordingsonderzoek 2018 bij het Ministerie van VWS	https://www.rekenkamer.nl/binaries/rekenkamer/documenten/kamerstukken/2019/06/05/beantwoording-vragen-tweede-kamer-over-de-resultaten-verantwoordingsonderzoek-2018-bij-het-ministerie-van-vws/Beantwoording_kamervragen_VO2018_VWS.pdf	2019-06-05	19005378 R	Beantwoording vragen Tweede Kamer over de Resultaten verantwoordingsonderzoek 2018 bij het Ministerie van VWS	5 juni 2019	2018-2019	3	Heeft de Algemene Rekenkamer zicht op de bedragen die worden uitgegeven aan jeugdzorg (op de hoogte van de bedragen en waaraan het precies wordt uitgegeven)?	De Algemene Rekenkamer heeft geen bevoegdheden om de uitgaven aan de Jeugdzorg te controleren, omdat deze door gemeenten worden gedaan en het College van B&W zich daarover verantwoordt aan de gemeenteraad.			DEFL	H	De AR geeft aan dat zij geen bevoegdheid heeft om de uitgaven aan jeugdzorg te controleren en verwijst impliciet naar gemeenten en hun eigen verantwoordingsstructuur. Er wordt geen inhoudelijk antwoord op de vraag gegeven; het valt buiten de reikwijdte van de AR.		
101	rekenkamer__kamerstuk:2019:06:05:beantwoording-vragen-tweede-kamer-over-de-resultaten-verantwoordingsonderzoek-2018-bij-het-ministerie-van-vws	Beantwoording vragen Tweede Kamer over de Resultaten verantwoordingsonderzoek 2018 bij het Ministerie van VWS	https://www.rekenkamer.nl/binaries/rekenkamer/documenten/kamerstukken/2019/06/05/beantwoording-vragen-tweede-kamer-over-de-resultaten-verantwoordingsonderzoek-2018-bij-het-ministerie-van-vws/Beantwoording_kamervragen_VO2018_VWS.pdf	2019-06-05	19005378 R	Beantwoording vragen Tweede Kamer over de Resultaten verantwoordingsonderzoek 2018 bij het Ministerie van VWS	5 juni 2019	2018-2019	4	Heeft de Algemene Rekenkamer zicht op de doelmatigheid van de besteding van middelen aan jeugdzorg?	"De Algemene Rekenkamer heeft geen bevoegdheden om de doelmatigheid van de uitgaven aan de Jeugdzorg te controleren. We hebben eerder opgemerkt dat als gevolg van diverse reorganisaties en decentralisaties het beoordelen van de doelmatigheid en de doeltreffendheid steeds lastiger wordt. Zie hiervoor ook onze publicatie ""Inzicht in publiek geld"" (Tweede Kamer, vergaderjaar 2016-2017, 34 725, nr. 3). Het was de hoofdboodschap bij ons verantwoordingsonderzoek 2015, waarin we in de Ten Geleide concludeerden: ""Het overkoepelende verhaal is dus het verhaal van een rijksoverheid die veel geld overmaakt, maar ondanks hoge rechtmatigheid vaak moeilijk weet te doorgronden wat daarvan de resultaten zijn"" (Tweede Kamer, vergaderjaar 2015-2016, 34 475, nr. 2)."		34 725, nr. 3: Inzicht in publiek geld | 34 475, nr. 2: Verantwoordingsonderzoek 2015	DEFL	H	De AR geeft expliciet aan geen bevoegdheden te hebben om de doelmatigheid van jeugdzorguitgaven te controleren. Het antwoord bevat geen substantiële inhoudelijke beantwoording van de vraag, maar verwijst naar eerdere publicaties en legt uit waarom zij de vraag niet kunnen beantwoorden.		
101	rekenkamer__kamerstuk:2019:06:05:beantwoording-vragen-tweede-kamer-over-de-resultaten-verantwoordingsonderzoek-2018-bij-het-ministerie-van-vws	Beantwoording vragen Tweede Kamer over de Resultaten verantwoordingsonderzoek 2018 bij het Ministerie van VWS	https://www.rekenkamer.nl/binaries/rekenkamer/documenten/kamerstukken/2019/06/05/beantwoording-vragen-tweede-kamer-over-de-resultaten-verantwoordingsonderzoek-2018-bij-het-ministerie-van-vws/Beantwoording_kamervragen_VO2018_VWS.pdf	2019-06-05	19005378 R	Beantwoording vragen Tweede Kamer over de Resultaten verantwoordingsonderzoek 2018 bij het Ministerie van VWS	5 juni 2019	2018-2019	5	Is de Algemene Rekenkamer in staat om in te gaan op de vraag of gemeenten genoeg middelen krijgen om de jeugdzorg uit te voeren? Zo ja, wat is het antwoord op deze vraag? Zo nee, is de Rekenkamer in staat dit te onderzoeken?	De Algemene Rekenkamer heeft geen bevoegdheden om te beoordelen of de middelen om de jeugdzorg uit te voeren toereikend zijn.			DEFL	H	De AR geeft expliciet aan dat zij geen bevoegdheid heeft om de vraag te beantwoorden, zonder verdere inhoudelijke informatie te leveren. Dit is een klassiek DEFL-antwoord: geen substantieel antwoord op de gestelde vraag.		
101	rekenkamer__kamerstuk:2019:06:05:beantwoording-vragen-tweede-kamer-over-de-resultaten-verantwoordingsonderzoek-2018-bij-het-ministerie-van-vws	Beantwoording vragen Tweede Kamer over de Resultaten verantwoordingsonderzoek 2018 bij het Ministerie van VWS	https://www.rekenkamer.nl/binaries/rekenkamer/documenten/kamerstukken/2019/06/05/beantwoording-vragen-tweede-kamer-over-de-resultaten-verantwoordingsonderzoek-2018-bij-het-ministerie-van-vws/Beantwoording_kamervragen_VO2018_VWS.pdf	2019-06-05	19005378 R	Beantwoording vragen Tweede Kamer over de Resultaten verantwoordingsonderzoek 2018 bij het Ministerie van VWS	5 juni 2019	2018-2019	7	Hoe vaak komt het voor dat de tarieven die gemeenten voor pleegzorg, jeugdbescherming en jeugdhulp hanteren onder de kostprijs liggen? Als dit niet bekend is, is de Algemene Rekenkamer in staat dit te onderzoeken?	De Algemene Rekenkamer heeft geen bevoegdheden om de tarieven voor pleegzorg, jeugdbescherming en jeugdhulp te vergelijken met de kostprijs, omdat deze door gemeenten worden gedaan en het College van B&W zich daarover verantwoord aan de gemeenteraad.			DEFL	H	De AR geeft aan dat zij geen bevoegdheden heeft om dit te onderzoeken omdat het een gemeentelijke verantwoordelijkheid betreft. Er wordt geen inhoudelijk antwoord gegeven op de vraag; de AR verwijst impliciet naar het gemeentelijke niveau.		
101	rekenkamer__kamerstuk:2019:06:05:beantwoording-vragen-tweede-kamer-over-de-resultaten-verantwoordingsonderzoek-2018-bij-het-ministerie-van-vws	Beantwoording vragen Tweede Kamer over de Resultaten verantwoordingsonderzoek 2018 bij het Ministerie van VWS	https://www.rekenkamer.nl/binaries/rekenkamer/documenten/kamerstukken/2019/06/05/beantwoording-vragen-tweede-kamer-over-de-resultaten-verantwoordingsonderzoek-2018-bij-het-ministerie-van-vws/Beantwoording_kamervragen_VO2018_VWS.pdf	2019-06-05	19005378 R	Beantwoording vragen Tweede Kamer over de Resultaten verantwoordingsonderzoek 2018 bij het Ministerie van VWS	5 juni 2019	2018-2019	8	Is bij de Algemene Rekenkamer bekend wat de oorzaak is als gemeenten tarieven voor pleegzorg, jeugdbescherming en jeugdhulp hanteren die onder de kostprijs liggen? Zo nee, is de Rekenkamer in staat dit te onderzoeken?	Nee. De Algemene Rekenkamer heeft geen bevoegdheden om de tarieven die gemeenten hanteren te onderzoeken en te beoordelen.			DEFL	H	De AR geeft expliciet aan dat het antwoord 'nee' is en dat zij geen bevoegdheden heeft om dit te onderzoeken. Er wordt geen inhoudelijk antwoord op de vraag gegeven; de AR deflecteert door te wijzen op het ontbreken van bevoegdheden.		
101	rekenkamer__kamerstuk:2019:06:05:beantwoording-vragen-tweede-kamer-over-de-resultaten-verantwoordingsonderzoek-2018-bij-het-ministerie-van-vws	Beantwoording vragen Tweede Kamer over de Resultaten verantwoordingsonderzoek 2018 bij het Ministerie van VWS	https://www.rekenkamer.nl/binaries/rekenkamer/documenten/kamerstukken/2019/06/05/beantwoording-vragen-tweede-kamer-over-de-resultaten-verantwoordingsonderzoek-2018-bij-het-ministerie-van-vws/Beantwoording_kamervragen_VO2018_VWS.pdf	2019-06-05	19005378 R	Beantwoording vragen Tweede Kamer over de Resultaten verantwoordingsonderzoek 2018 bij het Ministerie van VWS	5 juni 2019	2018-2019	9	Is bij de Algemene Rekenkamer bekend hoeveel gemeenten tarieven voor pleegzorg hanteren die lager liggen dan het tarief dat wordt geadviseerd door de Vereniging van Nederlandse Gemeenten? Zo nee, is de Rekenkamer in staat dit te onderzoeken?	Nee. De Algemene Rekenkamer heeft geen bevoegdheden om de tarieven die gemeenten hanteren te onderzoeken en te beoordelen.			DEFL	H	De AR geeft aan dat zij dit niet heeft onderzocht en geen bevoegdheden heeft om dit te onderzoeken. Er wordt geen substantiële inhoud geleverd; het antwoord wijkt de vraag af.		
101	rekenkamer__kamerstuk:2019:06:05:beantwoording-vragen-tweede-kamer-over-de-resultaten-verantwoordingsonderzoek-2018-bij-het-ministerie-van-vws	Beantwoording vragen Tweede Kamer over de Resultaten verantwoordingsonderzoek 2018 bij het Ministerie van VWS	https://www.rekenkamer.nl/binaries/rekenkamer/documenten/kamerstukken/2019/06/05/beantwoording-vragen-tweede-kamer-over-de-resultaten-verantwoordingsonderzoek-2018-bij-het-ministerie-van-vws/Beantwoording_kamervragen_VO2018_VWS.pdf	2019-06-05	19005378 R	Beantwoording vragen Tweede Kamer over de Resultaten verantwoordingsonderzoek 2018 bij het Ministerie van VWS	5 juni 2019	2018-2019	11	Welke rwt's/zbo's die in 2018 onder toezicht van de minister van VWS vielen vervullen geen taken die bijdragen aan het functioneren van het zorgstelsel?	Hier hebben wij in het kader van ons Verantwoordingsonderzoek 2018 geen onderzoek naar verricht. Wij verwijzen u voor het antwoord naar de verantwoordelijk bewindspersoon.			DEFL	H	De AR geeft expliciet aan geen onderzoek te hebben verricht en verwijst naar de verantwoordelijk bewindspersoon. Er wordt geen inhoudelijk antwoord gegeven, wat een duidelijk geval van DEFL is.		
101	rekenkamer__kamerstuk:2019:06:05:beantwoording-vragen-tweede-kamer-over-de-resultaten-verantwoordingsonderzoek-2018-bij-het-ministerie-van-vws	Beantwoording vragen Tweede Kamer over de Resultaten verantwoordingsonderzoek 2018 bij het Ministerie van VWS	https://www.rekenkamer.nl/binaries/rekenkamer/documenten/kamerstukken/2019/06/05/beantwoording-vragen-tweede-kamer-over-de-resultaten-verantwoordingsonderzoek-2018-bij-het-ministerie-van-vws/Beantwoording_kamervragen_VO2018_VWS.pdf	2019-06-05	19005378 R	Beantwoording vragen Tweede Kamer over de Resultaten verantwoordingsonderzoek 2018 bij het Ministerie van VWS	5 juni 2019	2018-2019	23	Is de efficiencyopdracht van het kabinet haalbaar volgens de Algemene Rekenkamer?	De Algemene Rekenkamer beschikt niet over informatie om deze vraag te kunnen beantwoorden.			DEFL	H	De AR geeft expliciet aan niet over informatie te beschikken om de vraag te beantwoorden. Er wordt geen inhoudelijk antwoord gegeven, wat een duidelijk geval van DEFL is.		
101	rekenkamer__kamerstuk:2019:06:05:beantwoording-vragen-tweede-kamer-over-de-resultaten-verantwoordingsonderzoek-2018-bij-het-ministerie-van-vws	Beantwoording vragen Tweede Kamer over de Resultaten verantwoordingsonderzoek 2018 bij het Ministerie van VWS	https://www.rekenkamer.nl/binaries/rekenkamer/documenten/kamerstukken/2019/06/05/beantwoording-vragen-tweede-kamer-over-de-resultaten-verantwoordingsonderzoek-2018-bij-het-ministerie-van-vws/Beantwoording_kamervragen_VO2018_VWS.pdf	2019-06-05	19005378 R	Beantwoording vragen Tweede Kamer over de Resultaten verantwoordingsonderzoek 2018 bij het Ministerie van VWS	5 juni 2019	2018-2019	25	Welke cijfers raadt de Algemene Rekenkamer aan – in plaats van de persoonsgegevens van pensioenfonds Z&W – om beter inzicht te krijgen in het aantal handen aan het bed?	Wij hebben hier geen specifiek onderzoek naar verricht. De verantwoording van verpleeghuizen over de inzet van de extra middelen voor 2019 zal inzicht geven in de toename van het extra personeel in vergelijking met 2018. In de definitieve toekenning van het kwaliteitsbudget aan de verpleeghuizen zal namelijk gecorrigeerd worden voor de toename van het aantal cliënten. Overigens gebruikt de minister in de meest recente voortgangsrapportage van het programma Thuis in het verpleeghuis niet langer de cijfers van het pensioenfonds, maar van Zorginstituut Nederland. Wij verwijzen u naar de minister van VWS voor een toelichting op deze keuze.			DEFL	M	Het antwoord begint met 'Wij hebben hier geen specifiek onderzoek naar verricht' en verwijst uiteindelijk naar de minister van VWS voor een toelichting. Er wordt geen eigen aanbeveling, oordeel of causale verklaring gegeven. De feitelijke informatie over het kwaliteitsbudget en de cijfers van Zorginstituut Nederland is contextueel maar beantwoordt de vraag niet substantieel. DEFL wint omdat er geen echte inhoudelijke beantwoording van de gestelde vraag plaatsvindt.		
101	rekenkamer__kamerstuk:2019:06:05:beantwoording-vragen-tweede-kamer-over-de-resultaten-verantwoordingsonderzoek-2018-bij-het-ministerie-van-vws	Beantwoording vragen Tweede Kamer over de Resultaten verantwoordingsonderzoek 2018 bij het Ministerie van VWS	https://www.rekenkamer.nl/binaries/rekenkamer/documenten/kamerstukken/2019/06/05/beantwoording-vragen-tweede-kamer-over-de-resultaten-verantwoordingsonderzoek-2018-bij-het-ministerie-van-vws/Beantwoording_kamervragen_VO2018_VWS.pdf	2019-06-05	19005378 R	Beantwoording vragen Tweede Kamer over de Resultaten verantwoordingsonderzoek 2018 bij het Ministerie van VWS	5 juni 2019	2018-2019	27	Hoe groot acht de Algemene Rekenkamer de kans dat het gaat lukken om de extra 40 duizend fte in de verpleeghuiszorg aan te stellen?	Wij hebben hier in het verantwoordingsonderzoek 2018 geen specifiek onderzoek naar verricht.			DEFL	H	De AR geeft expliciet aan dat zij hier geen specifiek onderzoek naar heeft verricht en beantwoordt de vraag dus niet inhoudelijk. Dit is een klassiek DEFL-antwoord.		
102	rekenkamer__kamerstuk:2019:06:11:beantwoording-vragen-tweede-kamer-over-de-resultaten-verantwoordingsonderzoek-2018-bij-het-ministerie-van-ocw	Beantwoording vragen Tweede Kamer over de Resultaten verantwoordingsonderzoek 2018 bij het Ministerie van OCW	https://www.rekenkamer.nl/binaries/rekenkamer/documenten/kamerstukken/2019/06/11/beantwoording-vragen-tweede-kamer-over-de-resultaten-verantwoordingsonderzoek-2018-bij-het-ministerie-van-ocw/Beantwoording_kamervragen_VO2018_OCW.pdf	2019-06-11	19005405 R	Beantwoording vragen Tweede Kamer over de Resultaten verantwoordingsonderzoek 2018 bij het Ministerie van OCW	11 juni 2019	<UNKNOWN>	7	Is het in het verleden al eens voorgekomen dat het ministerie van OCW verrast is door ongewenste ontwikkelingen op het gebied van informatiebeveiliging binnen haar eigen organisatie? Zo ja, waar en hoe?	De vraag of het Ministerie van OCW eerder verrast is door ongewenste ontwikkelingen op het gebied van informatiebeveiliging kan de Algemene Rekenkamer niet beantwoorden. Wij geven u in overweging hierover navraag te doen bij de minister van OCW.			DEFL	H	De AR geeft expliciet aan dat ze de vraag niet kan beantwoorden en verwijst door naar de minister van OCW. Er wordt geen inhoudelijke informatie geleverd.		
102	rekenkamer__kamerstuk:2019:06:11:beantwoording-vragen-tweede-kamer-over-de-resultaten-verantwoordingsonderzoek-2018-bij-het-ministerie-van-ocw	Beantwoording vragen Tweede Kamer over de Resultaten verantwoordingsonderzoek 2018 bij het Ministerie van OCW	https://www.rekenkamer.nl/binaries/rekenkamer/documenten/kamerstukken/2019/06/11/beantwoording-vragen-tweede-kamer-over-de-resultaten-verantwoordingsonderzoek-2018-bij-het-ministerie-van-ocw/Beantwoording_kamervragen_VO2018_OCW.pdf	2019-06-11	19005405 R	Beantwoording vragen Tweede Kamer over de Resultaten verantwoordingsonderzoek 2018 bij het Ministerie van OCW	11 juni 2019	<UNKNOWN>	9	Hoe kan het zijn dat onvolkomenheden die al in eerdere jaren bestonden niet al eerder door gerichte maatregelen van het ministerie van OCW zijn verholpen?	Voor het antwoord op deze vraag verwijzen wij naar de verantwoordelijke bewindspersoon.			DEFL	H	De AR verwijst expliciet naar de verantwoordelijke bewindspersoon zonder zelf inhoudelijk antwoord te geven. Dit is een klassiek DEFL-antwoord.		
102	rekenkamer__kamerstuk:2019:06:11:beantwoording-vragen-tweede-kamer-over-de-resultaten-verantwoordingsonderzoek-2018-bij-het-ministerie-van-ocw	Beantwoording vragen Tweede Kamer over de Resultaten verantwoordingsonderzoek 2018 bij het Ministerie van OCW	https://www.rekenkamer.nl/binaries/rekenkamer/documenten/kamerstukken/2019/06/11/beantwoording-vragen-tweede-kamer-over-de-resultaten-verantwoordingsonderzoek-2018-bij-het-ministerie-van-ocw/Beantwoording_kamervragen_VO2018_OCW.pdf	2019-06-11	19005405 R	Beantwoording vragen Tweede Kamer over de Resultaten verantwoordingsonderzoek 2018 bij het Ministerie van OCW	11 juni 2019	<UNKNOWN>	12	Adviseert u het ministerie om bij gebleken onregelmatigheden na controle van de werkgeversverklaring naast terugvordering van onrechtmatig verkregen geld ook aanvullende sancties op te leggen aan leraren die valse/onjuiste gegevens hebben overlegd bij de aanvraag van de lerarenbeurs?	Het is aan de minister om te overwegen eventuele aanvullende sancties op te leggen.			DEFL	H	De AR verwijst de vraag door naar de minister en geeft zelf geen inhoudelijk antwoord of advies. Dit is een klassieke deflectie: 'het is aan de minister om...'.		
102	rekenkamer__kamerstuk:2019:06:11:beantwoording-vragen-tweede-kamer-over-de-resultaten-verantwoordingsonderzoek-2018-bij-het-ministerie-van-ocw	Beantwoording vragen Tweede Kamer over de Resultaten verantwoordingsonderzoek 2018 bij het Ministerie van OCW	https://www.rekenkamer.nl/binaries/rekenkamer/documenten/kamerstukken/2019/06/11/beantwoording-vragen-tweede-kamer-over-de-resultaten-verantwoordingsonderzoek-2018-bij-het-ministerie-van-ocw/Beantwoording_kamervragen_VO2018_OCW.pdf	2019-06-11	19005405 R	Beantwoording vragen Tweede Kamer over de Resultaten verantwoordingsonderzoek 2018 bij het Ministerie van OCW	11 juni 2019	<UNKNOWN>	14	Welke resultaten beoogt u van de werkdrukmiddelen, gezien werkdruk vele oorzaken kent en er op dit moment krapte is op de arbeidsmarkt waardoor veel scholen kampen met een lerarentekort?	Het is volgens ons aan de minister van OCW om deze vraag te beantwoorden.			DEFL	H	De AR beantwoordt de vraag niet inhoudelijk en verwijst expliciet naar de minister van OCW. Dit is een klassiek DEFL-antwoord.		
103	rekenkamer__kamerstuk:2019:06:11:beantwoording-vragen-tweede-kamer-over-de-resultaten-verantwoordingsonderzoek-2018-de-staat-van-de-rijksverantwoording-2018	Beantwoording vragen Tweede Kamer over de Resultaten verantwoordingsonderzoek 2018: de Staat van de rijksverantwoording 2018	https://www.rekenkamer.nl/binaries/rekenkamer/documenten/kamerstukken/2019/06/11/beantwoording-vragen-tweede-kamer-over-de-resultaten-verantwoordingsonderzoek-2018-de-staat-van-de-rijksverantwoording-2018/Beantwoording_kamervragen_VO2018_SRV.pdf	2019-06-11	19005422 R	Beantwoording vragen Tweede Kamer over de Resultaten verantwoordingsonderzoek 2018: de Staat van de rijksverantwoording 2018	11 juni 2019	2018-2019	1	Welke invloed heeft de fout met de saldibalans op de goedkeurende verklaring van de Algemene Rekenkamer bij de jaarstukken 2018?	Voor het antwoord op deze vraag verwijzen wij naar onze brief van 4 juni jongstleden aan uw Kamer.			DEFL	H	De AR geeft geen inhoudelijk antwoord maar verwijst naar een eerdere brief. Dit is een klassiek geval van deflectie zonder substantiële inhoud.		
103	rekenkamer__kamerstuk:2019:06:11:beantwoording-vragen-tweede-kamer-over-de-resultaten-verantwoordingsonderzoek-2018-de-staat-van-de-rijksverantwoording-2018	Beantwoording vragen Tweede Kamer over de Resultaten verantwoordingsonderzoek 2018: de Staat van de rijksverantwoording 2018	https://www.rekenkamer.nl/binaries/rekenkamer/documenten/kamerstukken/2019/06/11/beantwoording-vragen-tweede-kamer-over-de-resultaten-verantwoordingsonderzoek-2018-de-staat-van-de-rijksverantwoording-2018/Beantwoording_kamervragen_VO2018_SRV.pdf	2019-06-11	19005422 R	Beantwoording vragen Tweede Kamer over de Resultaten verantwoordingsonderzoek 2018: de Staat van de rijksverantwoording 2018	11 juni 2019	2018-2019	6	In hoeverre leidt een zich terugtrekkende overheid tot veranderingen in de welvaart en het welzijn van Nederlanders?	Naar de mate waarin een zich terugtrekkende overheid tot veranderingen in de welvaart en het welzijn leidt, hebben wij geen onderzoek gedaan.			DEFL	H	De AR geeft expliciet aan dat zij geen onderzoek heeft gedaan naar dit onderwerp en biedt geen inhoudelijk antwoord op de vraag. Dit is een klassieke deflectie.		
103	rekenkamer__kamerstuk:2019:06:11:beantwoording-vragen-tweede-kamer-over-de-resultaten-verantwoordingsonderzoek-2018-de-staat-van-de-rijksverantwoording-2018	Beantwoording vragen Tweede Kamer over de Resultaten verantwoordingsonderzoek 2018: de Staat van de rijksverantwoording 2018	https://www.rekenkamer.nl/binaries/rekenkamer/documenten/kamerstukken/2019/06/11/beantwoording-vragen-tweede-kamer-over-de-resultaten-verantwoordingsonderzoek-2018-de-staat-van-de-rijksverantwoording-2018/Beantwoording_kamervragen_VO2018_SRV.pdf	2019-06-11	19005422 R	Beantwoording vragen Tweede Kamer over de Resultaten verantwoordingsonderzoek 2018: de Staat van de rijksverantwoording 2018	11 juni 2019	2018-2019	8	In hoeverre had een contracyclisch begrotingsbeleid de personeelstekorten kunnen voorkomen? Had een contracyclisch begrotingsbeleid de huidige tekorten beïnvloed?	Deze vraag is op basis van ons onderzoek niet te beantwoorden.			DEFL	H	De AR geeft expliciet aan dat de vraag op basis van hun onderzoek niet te beantwoorden is, zonder enige inhoudelijke informatie te verstrekken. Dit is een klassiek DEFL-antwoord.		
103	rekenkamer__kamerstuk:2019:06:11:beantwoording-vragen-tweede-kamer-over-de-resultaten-verantwoordingsonderzoek-2018-de-staat-van-de-rijksverantwoording-2018	Beantwoording vragen Tweede Kamer over de Resultaten verantwoordingsonderzoek 2018: de Staat van de rijksverantwoording 2018	https://www.rekenkamer.nl/binaries/rekenkamer/documenten/kamerstukken/2019/06/11/beantwoording-vragen-tweede-kamer-over-de-resultaten-verantwoordingsonderzoek-2018-de-staat-van-de-rijksverantwoording-2018/Beantwoording_kamervragen_VO2018_SRV.pdf	2019-06-11	19005422 R	Beantwoording vragen Tweede Kamer over de Resultaten verantwoordingsonderzoek 2018: de Staat van de rijksverantwoording 2018	11 juni 2019	2018-2019	16	Welke rol speelt de salariëring en de werkdruk bij het aantrekken van mensen voor politie, onderwijs en verpleeghuiszorg?	Wij hebben geen onderzoek gedaan naar de rol die de salariëring en werkdruk op de drie specifieke beleidsterreinen spelen. Voor het antwoord op deze vraag verwijzen wij u naar de verantwoordelijke bewindspersonen.			DEFL	H	De AR geeft expliciet aan dit niet te hebben onderzocht en verwijst naar de verantwoordelijke bewindspersonen. Er is geen substantiële inhoud; dit is een klassiek DEFL-antwoord.		
105	rekenkamer__kamerstuk:2019:10:21:beantwoording-vragen-tweede-kamer-over-het-rapport-mestvervuiling-veehouderij-vervolgonderzoek-duurzaamheid-veehouderij-2019	Beantwoording vragen Tweede Kamer over het rapport Aanpak mestvervuiling veehouderij	https://www.rekenkamer.nl/binaries/rekenkamer/documenten/kamerstukken/2019/10/21/beantwoording-vragen-tweede-kamer-over-het-rapport-mestvervuiling-veehouderij-vervolgonderzoek-duurzaamheid-veehouderij-2019/Beantwoording+TK+vragen+rapport+Mestvervuiling+veehouderij+zh.pdf	2019-10-21	19008402	Mestvervuiling veehouderij: Vervolgonderzoek duurzaamheid veehouderij 2019	21 oktober 2019	2019	3	Kunt u de vijf stukken wet- en regelgeving aangeven waarbij de urgentie van het transparanter maken van de samenhang en onderbouwing het hoogst is?	In ons onderzoek hebben we wet- en regelgeving, om de uitstoot van ammoniak, stikstof en fosfaat door de veehouderij terug te dringen, tussen 2013 en 2018 in kaart gebracht. Daarbij hebben we vooral gekeken naar de Wet bodembescherming, de Wet ammoniak en veehouderij, de Wet milieubeheer en de Meststoffenwet.			DEFL	M	De vraag vraagt om een prioritering van vijf wetten op basis van urgentie. De AR somt slechts op welke wetten ze in hun onderzoek hebben bekeken, zonder een rangorde naar urgentie te geven. Het antwoord beantwoordt de gestelde vraag dus niet substantieel.		
105	rekenkamer__kamerstuk:2019:10:21:beantwoording-vragen-tweede-kamer-over-het-rapport-mestvervuiling-veehouderij-vervolgonderzoek-duurzaamheid-veehouderij-2019	Beantwoording vragen Tweede Kamer over het rapport Aanpak mestvervuiling veehouderij	https://www.rekenkamer.nl/binaries/rekenkamer/documenten/kamerstukken/2019/10/21/beantwoording-vragen-tweede-kamer-over-het-rapport-mestvervuiling-veehouderij-vervolgonderzoek-duurzaamheid-veehouderij-2019/Beantwoording+TK+vragen+rapport+Mestvervuiling+veehouderij+zh.pdf	2019-10-21	19008402	Mestvervuiling veehouderij: Vervolgonderzoek duurzaamheid veehouderij 2019	21 oktober 2019	2019	4	Kunt u aangeven of u in het onderzoek ook heeft gekeken naar de vervuiling (natuurlijke processen) uit de natuur? Zo nee, waarom niet?	Beantwoording van de voorgaande vragen is door ons niet mogelijk; de vragen vallen buiten de reikwijdte van ons onderzoek.			DEFL	H	De AR geeft expliciet aan dat de vragen buiten de reikwijdte van het onderzoek vallen en dat beantwoording niet mogelijk is. Er wordt geen inhoudelijk antwoord gegeven, wat een klassiek DEFL-patroon is.		
105	rekenkamer__kamerstuk:2019:10:21:beantwoording-vragen-tweede-kamer-over-het-rapport-mestvervuiling-veehouderij-vervolgonderzoek-duurzaamheid-veehouderij-2019	Beantwoording vragen Tweede Kamer over het rapport Aanpak mestvervuiling veehouderij	https://www.rekenkamer.nl/binaries/rekenkamer/documenten/kamerstukken/2019/10/21/beantwoording-vragen-tweede-kamer-over-het-rapport-mestvervuiling-veehouderij-vervolgonderzoek-duurzaamheid-veehouderij-2019/Beantwoording+TK+vragen+rapport+Mestvervuiling+veehouderij+zh.pdf	2019-10-21	19008402	Mestvervuiling veehouderij: Vervolgonderzoek duurzaamheid veehouderij 2019	21 oktober 2019	2019	5	Bent u bekend met de meetgegevens uit de natuur? Zo nee, kunt u een overzicht geven van de invloed van een natuurgebied op de omgeving (zoals bijvoorbeeld de hoeveelheid fosfaat, nitraat, stikstof enzovoort)?	Beantwoording van de voorgaande vragen is door ons niet mogelijk; de vragen vallen buiten de reikwijdte van ons onderzoek.			DEFL	H	De AR geeft expliciet aan dat de vragen buiten de reikwijdte van het onderzoek vallen en dat beantwoording niet mogelijk is. Er wordt geen substantiële inhoud geleverd.		
105	rekenkamer__kamerstuk:2019:10:21:beantwoording-vragen-tweede-kamer-over-het-rapport-mestvervuiling-veehouderij-vervolgonderzoek-duurzaamheid-veehouderij-2019	Beantwoording vragen Tweede Kamer over het rapport Aanpak mestvervuiling veehouderij	https://www.rekenkamer.nl/binaries/rekenkamer/documenten/kamerstukken/2019/10/21/beantwoording-vragen-tweede-kamer-over-het-rapport-mestvervuiling-veehouderij-vervolgonderzoek-duurzaamheid-veehouderij-2019/Beantwoording+TK+vragen+rapport+Mestvervuiling+veehouderij+zh.pdf	2019-10-21	19008402	Mestvervuiling veehouderij: Vervolgonderzoek duurzaamheid veehouderij 2019	21 oktober 2019	2019	6	Kunt u de actuele stand van zaken geven inzake de reductieopgave van 10 miljoen kg ammoniakuitstoot door de landbouw inzake het Programma Aanpak Stikstof (PAS)?	Wij hebben ons onderzoek eind 2018 afgerond. Voor een actueel beeld kunt u overwegen deze vraag aan de minister van LNV te stellen.			DEFL	H	De AR geeft geen inhoudelijk antwoord maar verwijst door naar de minister van LNV en geeft aan dat het onderzoek al eerder is afgerond. Dit is een klassieke deflectie zonder substantiële inhoud.		
105	rekenkamer__kamerstuk:2019:10:21:beantwoording-vragen-tweede-kamer-over-het-rapport-mestvervuiling-veehouderij-vervolgonderzoek-duurzaamheid-veehouderij-2019	Beantwoording vragen Tweede Kamer over het rapport Aanpak mestvervuiling veehouderij	https://www.rekenkamer.nl/binaries/rekenkamer/documenten/kamerstukken/2019/10/21/beantwoording-vragen-tweede-kamer-over-het-rapport-mestvervuiling-veehouderij-vervolgonderzoek-duurzaamheid-veehouderij-2019/Beantwoording+TK+vragen+rapport+Mestvervuiling+veehouderij+zh.pdf	2019-10-21	19008402	Mestvervuiling veehouderij: Vervolgonderzoek duurzaamheid veehouderij 2019	21 oktober 2019	2019	7	Heeft u inzicht in de verschillende toedieningsmethoden voor mest op het land tussen Nederland en andere EU-lidstaten? Wat zijn uw bevindingen hierover?	Beantwoording van de voorgaande vragen is door ons niet mogelijk; de vragen vallen buiten de reikwijdte van ons onderzoek.			DEFL	H	De AR geeft expliciet aan dat de vragen buiten de reikwijdte van het onderzoek vallen en dat beantwoording niet mogelijk is. Er wordt geen inhoudelijk antwoord gegeven, wat een duidelijk geval van DEFL is.		
105	rekenkamer__kamerstuk:2019:10:21:beantwoording-vragen-tweede-kamer-over-het-rapport-mestvervuiling-veehouderij-vervolgonderzoek-duurzaamheid-veehouderij-2019	Beantwoording vragen Tweede Kamer over het rapport Aanpak mestvervuiling veehouderij	https://www.rekenkamer.nl/binaries/rekenkamer/documenten/kamerstukken/2019/10/21/beantwoording-vragen-tweede-kamer-over-het-rapport-mestvervuiling-veehouderij-vervolgonderzoek-duurzaamheid-veehouderij-2019/Beantwoording+TK+vragen+rapport+Mestvervuiling+veehouderij+zh.pdf	2019-10-21	19008402	Mestvervuiling veehouderij: Vervolgonderzoek duurzaamheid veehouderij 2019	21 oktober 2019	2019	8	In hoeverre worden er nu scenario's gemaakt in beleid en berekeningen waarbij onderscheid gemaakt wordt tussen mogelijke tegenvallende omstandigheden in de praktijk en positieve omstandigheden?	We hebben ons onderzoek eind 2018 afgesloten. Wij hebben geen onderzoek gedaan naar de ontwikkelingen die daarna hebben plaatsgevonden.			DEFL	H	De AR geeft expliciet aan dat zij geen onderzoek hebben gedaan naar de gevraagde ontwikkelingen en verwijst naar het feit dat het onderzoek eerder is afgesloten. Er wordt geen inhoudelijk antwoord gegeven op de vraag.		
105	rekenkamer__kamerstuk:2019:10:21:beantwoording-vragen-tweede-kamer-over-het-rapport-mestvervuiling-veehouderij-vervolgonderzoek-duurzaamheid-veehouderij-2019	Beantwoording vragen Tweede Kamer over het rapport Aanpak mestvervuiling veehouderij	https://www.rekenkamer.nl/binaries/rekenkamer/documenten/kamerstukken/2019/10/21/beantwoording-vragen-tweede-kamer-over-het-rapport-mestvervuiling-veehouderij-vervolgonderzoek-duurzaamheid-veehouderij-2019/Beantwoording+TK+vragen+rapport+Mestvervuiling+veehouderij+zh.pdf	2019-10-21	19008402	Mestvervuiling veehouderij: Vervolgonderzoek duurzaamheid veehouderij 2019	21 oktober 2019	2019	10	Heeft het kabinet met het gevoerde beleid zowel de natuur en het milieu als de boeren geschaad?	Beantwoording van de voorgaande vragen is door ons niet mogelijk; de vragen vallen buiten de reikwijdte van ons onderzoek.			DEFL	H	De AR geeft expliciet aan dat de vragen buiten de reikwijdte van hun onderzoek vallen en dat beantwoording niet mogelijk is. Er wordt geen inhoudelijk antwoord gegeven.		
105	rekenkamer__kamerstuk:2019:10:21:beantwoording-vragen-tweede-kamer-over-het-rapport-mestvervuiling-veehouderij-vervolgonderzoek-duurzaamheid-veehouderij-2019	Beantwoording vragen Tweede Kamer over het rapport Aanpak mestvervuiling veehouderij	https://www.rekenkamer.nl/binaries/rekenkamer/documenten/kamerstukken/2019/10/21/beantwoording-vragen-tweede-kamer-over-het-rapport-mestvervuiling-veehouderij-vervolgonderzoek-duurzaamheid-veehouderij-2019/Beantwoording+TK+vragen+rapport+Mestvervuiling+veehouderij+zh.pdf	2019-10-21	19008402	Mestvervuiling veehouderij: Vervolgonderzoek duurzaamheid veehouderij 2019	21 oktober 2019	2019	11	Ziet u parallellen tussen uw conclusie betreffende mestvervuiling en de gevolgen van het mestbeleid en andere gevallen waarin het landbouwbeleid tegen de milieudoelen aanliep? Zo ja, welke?	Beantwoording van de voorgaande vragen is door ons niet mogelijk; de vragen vallen buiten de reikwijdte van ons onderzoek.			DEFL	H	De AR geeft expliciet aan dat de vraag buiten de reikwijdte van het onderzoek valt en beantwoording niet mogelijk is. Er wordt geen inhoudelijke informatie verstrekt.		
105	rekenkamer__kamerstuk:2019:10:21:beantwoording-vragen-tweede-kamer-over-het-rapport-mestvervuiling-veehouderij-vervolgonderzoek-duurzaamheid-veehouderij-2019	Beantwoording vragen Tweede Kamer over het rapport Aanpak mestvervuiling veehouderij	https://www.rekenkamer.nl/binaries/rekenkamer/documenten/kamerstukken/2019/10/21/beantwoording-vragen-tweede-kamer-over-het-rapport-mestvervuiling-veehouderij-vervolgonderzoek-duurzaamheid-veehouderij-2019/Beantwoording+TK+vragen+rapport+Mestvervuiling+veehouderij+zh.pdf	2019-10-21	19008402	Mestvervuiling veehouderij: Vervolgonderzoek duurzaamheid veehouderij 2019	21 oktober 2019	2019	17	In figuur 1 van uw rapport wordt een ketsplaat achter een mesttank weergegeven. Bent u hiermee van mening dat deze bemestingstechniek weer standaard in Nederland moet worden ingevoerd? Zo niet, waarom dan deze weergave?	Wij hebben gekozen om bemesting op deze manier weer te geven (figuur 1, bladzijde 9) omdat dit voor niet-ingewijden duidelijker is dan bijvoorbeeld het gebruik van injectie.			DEFL	M	De AR beantwoordt de vraag niet inhoudelijk over beleid of bevindingen, maar geeft slechts een redactionele toelichting over een illustratiekeuze in het rapport. Er wordt geen oordeel, feit, causale verklaring of aanbeveling gegeven over bemestingstechniek. Het is een ontwijkend antwoord zonder substantiële inhoud ten aanzien van de gestelde vraag.		
105	rekenkamer__kamerstuk:2019:10:21:beantwoording-vragen-tweede-kamer-over-het-rapport-mestvervuiling-veehouderij-vervolgonderzoek-duurzaamheid-veehouderij-2019	Beantwoording vragen Tweede Kamer over het rapport Aanpak mestvervuiling veehouderij	https://www.rekenkamer.nl/binaries/rekenkamer/documenten/kamerstukken/2019/10/21/beantwoording-vragen-tweede-kamer-over-het-rapport-mestvervuiling-veehouderij-vervolgonderzoek-duurzaamheid-veehouderij-2019/Beantwoording+TK+vragen+rapport+Mestvervuiling+veehouderij+zh.pdf	2019-10-21	19008402	Mestvervuiling veehouderij: Vervolgonderzoek duurzaamheid veehouderij 2019	21 oktober 2019	2019	18	Heeft u inzicht in welke stappen zijn gezet om vanaf 2013 de ammoniakuitstoot te verminderen? Klopt het dat het innoveren van stalsystemen een langdurig traject is waardoor ondernemers afhaken?	In hoofdstuk 2 geven we aan welke wet- en regelgeving is aangepast om de ammoniakuitstoot te verminderen. We hebben het innoveren van stalsystemen niet onderzocht.			DEFL	M	Het eerste deel verwijst naar een ander hoofdstuk (geen eigen inhoud hier), en het tweede deel geeft expliciet aan dat het onderwerp niet is onderzocht. Er wordt geen substantieel antwoord gegeven op de vraag. Alternatief zou FEIT zijn vanwege de verwijzing, maar de verwijzing zonder eigen inhoud plus het 'niet onderzocht' maakt DEFL het primaire label.		
105	rekenkamer__kamerstuk:2019:10:21:beantwoording-vragen-tweede-kamer-over-het-rapport-mestvervuiling-veehouderij-vervolgonderzoek-duurzaamheid-veehouderij-2019	Beantwoording vragen Tweede Kamer over het rapport Aanpak mestvervuiling veehouderij	https://www.rekenkamer.nl/binaries/rekenkamer/documenten/kamerstukken/2019/10/21/beantwoording-vragen-tweede-kamer-over-het-rapport-mestvervuiling-veehouderij-vervolgonderzoek-duurzaamheid-veehouderij-2019/Beantwoording+TK+vragen+rapport+Mestvervuiling+veehouderij+zh.pdf	2019-10-21	19008402	Mestvervuiling veehouderij: Vervolgonderzoek duurzaamheid veehouderij 2019	21 oktober 2019	2019	19	Wat is het effect van derogatie op de waterkwaliteit en de natuur in de omgeving van een bedrijf wat derogatie heeft?	Beantwoording van de voorgaande vragen is door ons niet mogelijk; de vragen vallen buiten de reikwijdte van ons onderzoek.			DEFL	H	De AR geeft expliciet aan dat de vragen buiten de reikwijdte van het onderzoek vallen en dat beantwoording niet mogelijk is. Er wordt geen substantiële inhoud geleverd.		
105	rekenkamer__kamerstuk:2019:10:21:beantwoording-vragen-tweede-kamer-over-het-rapport-mestvervuiling-veehouderij-vervolgonderzoek-duurzaamheid-veehouderij-2019	Beantwoording vragen Tweede Kamer over het rapport Aanpak mestvervuiling veehouderij	https://www.rekenkamer.nl/binaries/rekenkamer/documenten/kamerstukken/2019/10/21/beantwoording-vragen-tweede-kamer-over-het-rapport-mestvervuiling-veehouderij-vervolgonderzoek-duurzaamheid-veehouderij-2019/Beantwoording+TK+vragen+rapport+Mestvervuiling+veehouderij+zh.pdf	2019-10-21	19008402	Mestvervuiling veehouderij: Vervolgonderzoek duurzaamheid veehouderij 2019	21 oktober 2019	2019	22	Kunt u een overzicht geven van het aantal dieren per categorie over de afgelopen tien jaar?	Deze informatie verzamelt de Algemene Rekenkamer niet zelf. We geven u in overweging om de minister van LNV of het CBS naar een dergelijk overzicht te vragen.			DEFL	H	De AR geeft aan deze informatie niet zelf te verzamelen en verwijst door naar de minister van LNV of het CBS. Er wordt geen inhoudelijk antwoord op de vraag gegeven.		
105	rekenkamer__kamerstuk:2019:10:21:beantwoording-vragen-tweede-kamer-over-het-rapport-mestvervuiling-veehouderij-vervolgonderzoek-duurzaamheid-veehouderij-2019	Beantwoording vragen Tweede Kamer over het rapport Aanpak mestvervuiling veehouderij	https://www.rekenkamer.nl/binaries/rekenkamer/documenten/kamerstukken/2019/10/21/beantwoording-vragen-tweede-kamer-over-het-rapport-mestvervuiling-veehouderij-vervolgonderzoek-duurzaamheid-veehouderij-2019/Beantwoording+TK+vragen+rapport+Mestvervuiling+veehouderij+zh.pdf	2019-10-21	19008402	Mestvervuiling veehouderij: Vervolgonderzoek duurzaamheid veehouderij 2019	21 oktober 2019	2019	23	Worden de nieuwe excretieforfaits meegenomen in uw advies richting de minister?	We hebben ons onderzoek eind 2018 afgesloten. Ontwikkelingen die daarna hebben plaatsgevonden hebben wij niet onderzocht.			DEFL	H	De AR geeft expliciet aan dat ze het onderwerp niet hebben onderzocht omdat hun onderzoek eerder was afgesloten. Er wordt geen inhoudelijk antwoord gegeven op de vraag, wat een duidelijk geval van deflectie is.		
105	rekenkamer__kamerstuk:2019:10:21:beantwoording-vragen-tweede-kamer-over-het-rapport-mestvervuiling-veehouderij-vervolgonderzoek-duurzaamheid-veehouderij-2019	Beantwoording vragen Tweede Kamer over het rapport Aanpak mestvervuiling veehouderij	https://www.rekenkamer.nl/binaries/rekenkamer/documenten/kamerstukken/2019/10/21/beantwoording-vragen-tweede-kamer-over-het-rapport-mestvervuiling-veehouderij-vervolgonderzoek-duurzaamheid-veehouderij-2019/Beantwoording+TK+vragen+rapport+Mestvervuiling+veehouderij+zh.pdf	2019-10-21	19008402	Mestvervuiling veehouderij: Vervolgonderzoek duurzaamheid veehouderij 2019	21 oktober 2019	2019	27	Kunt u vijf voorbeelden geven van tegenstrijdige beleidsdoelen voor het milieu, de natuur, de veehouders en het dierenwelzijn? Op welke manier zouden de ministers hier mee om moeten gaan?	Beantwoording van de voorgaande vragen is door ons niet mogelijk; de vragen vallen buiten de reikwijdte van ons onderzoek.			DEFL	H	De AR geeft expliciet aan dat de vragen buiten de reikwijdte van het onderzoek vallen en dat beantwoording niet mogelijk is. Er wordt geen substantiële inhoud geleverd.		
105	rekenkamer__kamerstuk:2019:10:21:beantwoording-vragen-tweede-kamer-over-het-rapport-mestvervuiling-veehouderij-vervolgonderzoek-duurzaamheid-veehouderij-2019	Beantwoording vragen Tweede Kamer over het rapport Aanpak mestvervuiling veehouderij	https://www.rekenkamer.nl/binaries/rekenkamer/documenten/kamerstukken/2019/10/21/beantwoording-vragen-tweede-kamer-over-het-rapport-mestvervuiling-veehouderij-vervolgonderzoek-duurzaamheid-veehouderij-2019/Beantwoording+TK+vragen+rapport+Mestvervuiling+veehouderij+zh.pdf	2019-10-21	19008402	Mestvervuiling veehouderij: Vervolgonderzoek duurzaamheid veehouderij 2019	21 oktober 2019	2019	28	Hebben de ministers voldoende zicht op de tegenstrijdige beleidsdoelen?	Beantwoording van de voorgaande vragen is door ons niet mogelijk; de vragen vallen buiten de reikwijdte van ons onderzoek.			DEFL	H	De AR geeft expliciet aan dat de vragen buiten de reikwijdte van het onderzoek vallen en dat beantwoording niet mogelijk is. Er wordt geen substantiële inhoud geleverd.		
105	rekenkamer__kamerstuk:2019:10:21:beantwoording-vragen-tweede-kamer-over-het-rapport-mestvervuiling-veehouderij-vervolgonderzoek-duurzaamheid-veehouderij-2019	Beantwoording vragen Tweede Kamer over het rapport Aanpak mestvervuiling veehouderij	https://www.rekenkamer.nl/binaries/rekenkamer/documenten/kamerstukken/2019/10/21/beantwoording-vragen-tweede-kamer-over-het-rapport-mestvervuiling-veehouderij-vervolgonderzoek-duurzaamheid-veehouderij-2019/Beantwoording+TK+vragen+rapport+Mestvervuiling+veehouderij+zh.pdf	2019-10-21	19008402	Mestvervuiling veehouderij: Vervolgonderzoek duurzaamheid veehouderij 2019	21 oktober 2019	2019	30	Is naar uw inzicht een groei van 10 fte bij de Nederlandse Voedsel- en Warenautoriteit (NVWA) en de Rijksdienst voor Ondernemend Nederland (RVO) voldoende om de mestfraude aan te pakken?	Beantwoording van de voorgaande vragen is door ons niet mogelijk; de vragen vallen buiten de reikwijdte van ons onderzoek.			DEFL	H	De AR geeft expliciet aan dat de vraag buiten de reikwijdte van het onderzoek valt en beantwoording niet mogelijk is. Er wordt geen inhoudelijk antwoord gegeven.		
105	rekenkamer__kamerstuk:2019:10:21:beantwoording-vragen-tweede-kamer-over-het-rapport-mestvervuiling-veehouderij-vervolgonderzoek-duurzaamheid-veehouderij-2019	Beantwoording vragen Tweede Kamer over het rapport Aanpak mestvervuiling veehouderij	https://www.rekenkamer.nl/binaries/rekenkamer/documenten/kamerstukken/2019/10/21/beantwoording-vragen-tweede-kamer-over-het-rapport-mestvervuiling-veehouderij-vervolgonderzoek-duurzaamheid-veehouderij-2019/Beantwoording+TK+vragen+rapport+Mestvervuiling+veehouderij+zh.pdf	2019-10-21	19008402	Mestvervuiling veehouderij: Vervolgonderzoek duurzaamheid veehouderij 2019	21 oktober 2019	2019	33	Hoe verklaart u dat de berekende ammoniakuitstoot daalt en de ammoniakconcentratie in de lucht niet meer daalt? Zijn er voldoende wetenschappelijke onderbouwing en praktijkmetingen die de opvatting van de minister op dit punt rechtvaardigen? Zo ja, welke?	Beantwoording van de voorgaande vragen is door ons niet mogelijk; de vragen vallen buiten de reikwijdte van ons onderzoek.			DEFL	H	De AR geeft expliciet aan dat de vragen buiten de reikwijdte van hun onderzoek vallen en dat beantwoording niet mogelijk is. Er wordt geen substantiële inhoud geleverd.		
105	rekenkamer__kamerstuk:2019:10:21:beantwoording-vragen-tweede-kamer-over-het-rapport-mestvervuiling-veehouderij-vervolgonderzoek-duurzaamheid-veehouderij-2019	Beantwoording vragen Tweede Kamer over het rapport Aanpak mestvervuiling veehouderij	https://www.rekenkamer.nl/binaries/rekenkamer/documenten/kamerstukken/2019/10/21/beantwoording-vragen-tweede-kamer-over-het-rapport-mestvervuiling-veehouderij-vervolgonderzoek-duurzaamheid-veehouderij-2019/Beantwoording+TK+vragen+rapport+Mestvervuiling+veehouderij+zh.pdf	2019-10-21	19008402	Mestvervuiling veehouderij: Vervolgonderzoek duurzaamheid veehouderij 2019	21 oktober 2019	2019	34	Wat is de oorzaak dat er meer ammoniak in de lucht achterblijft?	Beantwoording van de voorgaande vragen is door ons niet mogelijk; de vragen vallen buiten de reikwijdte van ons onderzoek.			DEFL	H	De AR geeft expliciet aan dat de vragen buiten de reikwijdte van het onderzoek vallen en dat beantwoording niet mogelijk is. Er wordt geen inhoudelijk antwoord gegeven.		
105	rekenkamer__kamerstuk:2019:10:21:beantwoording-vragen-tweede-kamer-over-het-rapport-mestvervuiling-veehouderij-vervolgonderzoek-duurzaamheid-veehouderij-2019	Beantwoording vragen Tweede Kamer over het rapport Aanpak mestvervuiling veehouderij	https://www.rekenkamer.nl/binaries/rekenkamer/documenten/kamerstukken/2019/10/21/beantwoording-vragen-tweede-kamer-over-het-rapport-mestvervuiling-veehouderij-vervolgonderzoek-duurzaamheid-veehouderij-2019/Beantwoording+TK+vragen+rapport+Mestvervuiling+veehouderij+zh.pdf	2019-10-21	19008402	Mestvervuiling veehouderij: Vervolgonderzoek duurzaamheid veehouderij 2019	21 oktober 2019	2019	35	Wat voor effect heeft een hoger ammoniakniveau in de lucht op milieu, leefomgeving, natuur en het welzijn van mensen?	Beantwoording van de voorgaande vragen is door ons niet mogelijk; de vragen vallen buiten de reikwijdte van ons onderzoek.			DEFL	H	De AR geeft expliciet aan dat de vragen buiten de reikwijdte van het onderzoek vallen en dat beantwoording niet mogelijk is. Er wordt geen inhoudelijk antwoord gegeven.		
105	rekenkamer__kamerstuk:2019:10:21:beantwoording-vragen-tweede-kamer-over-het-rapport-mestvervuiling-veehouderij-vervolgonderzoek-duurzaamheid-veehouderij-2019	Beantwoording vragen Tweede Kamer over het rapport Aanpak mestvervuiling veehouderij	https://www.rekenkamer.nl/binaries/rekenkamer/documenten/kamerstukken/2019/10/21/beantwoording-vragen-tweede-kamer-over-het-rapport-mestvervuiling-veehouderij-vervolgonderzoek-duurzaamheid-veehouderij-2019/Beantwoording+TK+vragen+rapport+Mestvervuiling+veehouderij+zh.pdf	2019-10-21	19008402	Mestvervuiling veehouderij: Vervolgonderzoek duurzaamheid veehouderij 2019	21 oktober 2019	2019	36	Kunt u aangeven welke meetmethode gebruikt wordt om de stikstofdepositie van de verschillende sectoren en activiteiten te meten?	Beantwoording van de voorgaande vragen is door ons niet mogelijk; de vragen vallen buiten de reikwijdte van ons onderzoek.			DEFL	H	De AR geeft expliciet aan dat de vragen buiten de reikwijdte van het onderzoek vallen en dat beantwoording niet mogelijk is. Er wordt geen substantiële inhoud geleverd.		
106	rekenkamer__kamerstuk:2020:01:21:beantwoording-vragen-over-het-rapport-ouderdomsregelingen-ontleed	Beantwoording vragen Tweede Kamer over het rapport Ouderdomsregelingen ontleed	https://www.rekenkamer.nl/binaries/rekenkamer/documenten/kamerstukken/2020/01/21/beantwoording-vragen-over-het-rapport-ouderdomsregelingen-ontleed/20000431+Beantwoordingen+Kamervragen+Ouderdomsregelingen+ontleed.pdf	2020-01-21	2000431 R	Ouderdomsregelingen ontleed	21 januari 2020	2019-2020	8	Hoeveel zou het percentage AOW-pensioenen dat uit belastinginkomsten wordt betaald (inmiddels een derde) zijn als alle zelfstandigen ook AOW-premie zouden betalen?	Wij hebben geen onderzoek gedaan naar de premieopbrengsten van de AOW als alle zelfstandigen premieplichtig zouden zijn.			DEFL	H	De AR geeft expliciet aan dit niet onderzocht te hebben en levert geen inhoudelijk antwoord op de vraag. Dit is een klassiek DEFL-antwoord.		
106	rekenkamer__kamerstuk:2020:01:21:beantwoording-vragen-over-het-rapport-ouderdomsregelingen-ontleed	Beantwoording vragen Tweede Kamer over het rapport Ouderdomsregelingen ontleed	https://www.rekenkamer.nl/binaries/rekenkamer/documenten/kamerstukken/2020/01/21/beantwoording-vragen-over-het-rapport-ouderdomsregelingen-ontleed/20000431+Beantwoordingen+Kamervragen+Ouderdomsregelingen+ontleed.pdf	2020-01-21	2000431 R	Ouderdomsregelingen ontleed	21 januari 2020	2019-2020	11	Hoe vaak is de hoogte van de inkomensondersteuning AOW (de IO-AOW) sinds de invoering van deze regeling in 2015 gewijzigd?	De wijzigingen in de hoogte van de inkomensondersteuning AOW maakte geen deel uit van ons onderzoek.			DEFL	H	De AR geeft expliciet aan dat dit onderwerp geen deel uitmaakte van hun onderzoek, waardoor er geen substantieel antwoord op de vraag wordt gegeven. Dit is een klassiek DEFL-antwoord.		
106	rekenkamer__kamerstuk:2020:01:21:beantwoording-vragen-over-het-rapport-ouderdomsregelingen-ontleed	Beantwoording vragen Tweede Kamer over het rapport Ouderdomsregelingen ontleed	https://www.rekenkamer.nl/binaries/rekenkamer/documenten/kamerstukken/2020/01/21/beantwoording-vragen-over-het-rapport-ouderdomsregelingen-ontleed/20000431+Beantwoordingen+Kamervragen+Ouderdomsregelingen+ontleed.pdf	2020-01-21	2000431 R	Ouderdomsregelingen ontleed	21 januari 2020	2019-2020	17	Hoe is te verklaren, dat mensen bijvoorbeeld met een onvolledig AOW-pensioen, die geïnformeerd worden door de SVB over de mogelijkheid van een AIO-uitkering, hier tóch geen gebruik van maken?	Wij hebben geen onderzoek gedaan naar de redenen van niet-gebruik. Wij hebben de minister van SZW aanbevolen om hier, naar aanleiding van het hoge percentage niet-gebruik, onderzoek naar te doen.			DEFL	M	De AR geeft expliciet aan dit niet onderzocht te hebben en verwijst naar een aanbeveling aan de minister om dit te onderzoeken. Hoewel er een aanbeveling wordt genoemd, is deze niet gericht op het beantwoorden van de gestelde vraag maar op het delegeren ervan; de kern van het antwoord is dat de AR de vraag niet inhoudelijk kan beantwoorden. Toch zou ADV verdedigbaar zijn vanwege de genoemde aanbeveling.		
106	rekenkamer__kamerstuk:2020:01:21:beantwoording-vragen-over-het-rapport-ouderdomsregelingen-ontleed	Beantwoording vragen Tweede Kamer over het rapport Ouderdomsregelingen ontleed	https://www.rekenkamer.nl/binaries/rekenkamer/documenten/kamerstukken/2020/01/21/beantwoording-vragen-over-het-rapport-ouderdomsregelingen-ontleed/20000431+Beantwoordingen+Kamervragen+Ouderdomsregelingen+ontleed.pdf	2020-01-21	2000431 R	Ouderdomsregelingen ontleed	21 januari 2020	2019-2020	20	Welke huishoudelijke profielen zijn, bij het vaststellen van het aantal niet-gebruikers, gebruikt door het Nibud?	We hebben de huishoudelijke profielen die door het Nibud zijn gebruikt niet onderzocht. We hebben voor onze analyse gebruik gemaakt van de microdata van het CBS: - Kenmerken van AOW-uitkeringen; - Kenmerken van bijstandsuitkeringen; - Maandbedragen inkomsten uit eigen onderneming van personen; - Huishoudenskenmerken van in de Gemeentelijke Basisadministratie Persoonsgegevens (GBA) ingeschreven personen; - Persoonskenmerken van alle in de Gemeentelijke Basis-administratie (GBA) ingeschreven personen, gecoördineerd; - Inkomen van personen; - Personen sociaaleconomische categorie; - Banen en lonen op basis van de Polisadministratie; - Vermogens van huishoudens (revisie 2017).			DEFL	H	De AR geeft expliciet aan dat zij de gevraagde huishoudelijke profielen van het Nibud niet heeft onderzocht. Het antwoord verwijst vervolgens naar eigen CBS-databronnen, maar beantwoordt de gestelde vraag niet inhoudelijk.		
106	rekenkamer__kamerstuk:2020:01:21:beantwoording-vragen-over-het-rapport-ouderdomsregelingen-ontleed	Beantwoording vragen Tweede Kamer over het rapport Ouderdomsregelingen ontleed	https://www.rekenkamer.nl/binaries/rekenkamer/documenten/kamerstukken/2020/01/21/beantwoording-vragen-over-het-rapport-ouderdomsregelingen-ontleed/20000431+Beantwoordingen+Kamervragen+Ouderdomsregelingen+ontleed.pdf	2020-01-21	2000431 R	Ouderdomsregelingen ontleed	21 januari 2020	2019-2020	23	Vindt u, dat bij het zoeken naar mogelijkheden om het niet-gebruik van de AIO-regeling terug te dringen, ook gekeken moet worden naar de (administratieve) verplichtingen en benodigde taalvaardigheid en administratieve vaardigheid van rechthebbenden? Welke mogelijkheden ziet u tot verbetering?	Om het niet-gebruik van de AIO terug te dringen is eerst inzicht nodig in de redenen van het niet-gebruik van de AIO. De minister van SZW heeft toegezegd onderzoek uit te voeren naar de redenen van het niet-gebruik van de AIO.			DEFL	H	De AR geeft geen inhoudelijk antwoord op de vraag maar verwijst naar toekomstig onderzoek van de minister van SZW. Er wordt geen oordeel, aanbeveling of feitelijke bevinding geleverd; de AR stelt slechts dat eerst inzicht nodig is en dat de minister onderzoek heeft toegezegd.		
106	rekenkamer__kamerstuk:2020:01:21:beantwoording-vragen-over-het-rapport-ouderdomsregelingen-ontleed	Beantwoording vragen Tweede Kamer over het rapport Ouderdomsregelingen ontleed	https://www.rekenkamer.nl/binaries/rekenkamer/documenten/kamerstukken/2020/01/21/beantwoording-vragen-over-het-rapport-ouderdomsregelingen-ontleed/20000431+Beantwoordingen+Kamervragen+Ouderdomsregelingen+ontleed.pdf	2020-01-21	2000431 R	Ouderdomsregelingen ontleed	21 januari 2020	2019-2020	28	Is het in het verleden vaker voorgekomen dat leeftijdsgrenzen eerder zijn opgeschoven (bijvoorbeeld bij de VUT) en hoe is daar toen mee omgegaan?	Wij hebben geen onderzoek gedaan naar het verschuiven van leeftijdsgrenzen en de effecten die daarvan uitgaan.			DEFL	H	De AR geeft expliciet aan dat zij geen onderzoek heeft gedaan naar dit onderwerp en levert geen inhoudelijk antwoord. Dit is een klassiek DEFL-antwoord: 'dit hebben wij niet onderzocht'.		
106	rekenkamer__kamerstuk:2020:01:21:beantwoording-vragen-over-het-rapport-ouderdomsregelingen-ontleed	Beantwoording vragen Tweede Kamer over het rapport Ouderdomsregelingen ontleed	https://www.rekenkamer.nl/binaries/rekenkamer/documenten/kamerstukken/2020/01/21/beantwoording-vragen-over-het-rapport-ouderdomsregelingen-ontleed/20000431+Beantwoordingen+Kamervragen+Ouderdomsregelingen+ontleed.pdf	2020-01-21	2000431 R	Ouderdomsregelingen ontleed	21 januari 2020	2019-2020	29	Vindt u dat het parlement een goed en integraal beeld heeft van de financiële houdbaarheid van het stelsel van ouderdomsregelingen, waaronder de AOW? Vindt u dat het parlement hier regelmatig, systematisch en grondig genoeg over wordt geïnformeerd?	Wij hebben geen onderzoek gedaan naar de financiële houdbaarheid van het ouderdomsstelsel.			DEFL	H	De AR geeft expliciet aan dat zij geen onderzoek hebben gedaan naar het gevraagde onderwerp en beantwoordt de vraag dus niet inhoudelijk. Dit is een klassiek DEFL-antwoord.		
107	rekenkamer__kamerstuk:2020:02:06:beantwoording-vragen-tweede-kamer-over-het-rapport-autobelastingen-als-beleidsinstrument	Beantwoording vragen Tweede Kamer over het rapport Autobelastingen als beleidsinstrument	https://www.rekenkamer.nl/binaries/rekenkamer/documenten/kamerstukken/2020/02/06/beantwoording-vragen-tweede-kamer-over-het-rapport-autobelastingen-als-beleidsinstrument/Beantwoording+Kamervragen+over+rapport+Autobelastingen+als+beleidsinstrument+zh.pdf	2020-02-06	32 800, nr. 63	Autobelastingen als beleidsinstrument	6 februari 2020	2019-2020	2	Hoeveel CO2 wordt er vergroend per bestede euro aan stimulering (bijvoorbeeld door verlaagde tarieven)?	De autobelastingen omvatten diverse fiscale prikkels die effect kunnen hebben op de CO2-uitstoot van auto's. De mate waarin een reductie van CO2 optreedt, is afhankelijk van de gedragsreacties op deze fiscale prikkels. In onze brief van juni 2019 over de stimulering van elektrische auto's hebben we toegelicht dat de becijfering van de mogelijke CO2-reductie onder meer afhankelijk is van veronderstellingen over benzine- of dieselauto's die niet in het wagenpark terecht komen als gevolg van de stimulering van elektrische auto's (de 'counterfactual'). We zijn van plan hierop terug te komen in ons medio dit jaar te verschijnen rapport, waarmee we dit onderzoek van ons naar de autobelastingen afsluiten.		32 800, nr. 60: Fiscale stimulering van elektrische auto's | Staatsblad 2019, 511: Wet fiscale maatregelen Klimaatakkoord	DEFL	H	De AR geeft geen concreet antwoord op de vraag hoeveel CO2 per bestede euro wordt vergroend. Ze legt uit waarom dat lastig te becijferen is en verwijst naar een toekomstig rapport voor een inhoudelijk antwoord.		
107	rekenkamer__kamerstuk:2020:02:06:beantwoording-vragen-tweede-kamer-over-het-rapport-autobelastingen-als-beleidsinstrument	Beantwoording vragen Tweede Kamer over het rapport Autobelastingen als beleidsinstrument	https://www.rekenkamer.nl/binaries/rekenkamer/documenten/kamerstukken/2020/02/06/beantwoording-vragen-tweede-kamer-over-het-rapport-autobelastingen-als-beleidsinstrument/Beantwoording+Kamervragen+over+rapport+Autobelastingen+als+beleidsinstrument+zh.pdf	2020-02-06	32 800, nr. 63	Autobelastingen als beleidsinstrument	6 februari 2020	2019-2020	6	Bent u bereid onderzoek te doen naar de omzetting van de New European Driving Cycle (NEDC) naar de WLTP-meetmethode?	Op dit moment hebben we geen voornemens om onderzoek naar dit onderwerp te doen. Het is ons bekend dat de Tweede Kamer, bij motie van de leden Omtzigt en Lodders, het kabinet heeft verzocht om de omzetting van NEDC naar WLTP onafhankelijk te laten toetsen. Voor zover ons bekend, heeft het kabinet de Tweede kamer daarop nog geen reactie gegeven.		Tweede Kamer, vergaderjaar 2019-2020, 35 302, nr. 48: Motie leden Omtzigt en Lodders	DEFL	H	De AR geeft expliciet aan geen voornemens te hebben om dit onderzoek te doen en verwijst naar het kabinet/de Tweede Kamer voor verdere actie. Er wordt geen substantieel inhoudelijk antwoord gegeven op de vraag.		
107	rekenkamer__kamerstuk:2020:02:06:beantwoording-vragen-tweede-kamer-over-het-rapport-autobelastingen-als-beleidsinstrument	Beantwoording vragen Tweede Kamer over het rapport Autobelastingen als beleidsinstrument	https://www.rekenkamer.nl/binaries/rekenkamer/documenten/kamerstukken/2020/02/06/beantwoording-vragen-tweede-kamer-over-het-rapport-autobelastingen-als-beleidsinstrument/Beantwoording+Kamervragen+over+rapport+Autobelastingen+als+beleidsinstrument+zh.pdf	2020-02-06	32 800, nr. 63	Autobelastingen als beleidsinstrument	6 februari 2020	2019-2020	11	Waarom zijn de provinciale opcenten niet meegenomen in het onderzoek, aangezien deze door het Rijk worden geïnd en het Rijk de hoogte van de tarieven reguleert?	We hebben de provinciale opcenten buiten het kader van ons onderzoek gehouden, omdat deze opcenten geen onderdeel uitmaken van de belastingontvangsten van het Rijk.			DEFL	M	De AR legt uit waarom de provinciale opcenten niet zijn meegenomen in het onderzoek – dit is een verantwoording van de scope-afbakening zonder inhoudelijk antwoord op de beleidsmatige strekking van de vraag. Hoewel er een korte uitleg wordt gegeven, betreft het in essentie een 'niet onderzocht'-redenering, wat past bij DEFL. Alternatief zou FEIT kunnen zijn, maar de kern is scopeafbakening.		
107	rekenkamer__kamerstuk:2020:02:06:beantwoording-vragen-tweede-kamer-over-het-rapport-autobelastingen-als-beleidsinstrument	Beantwoording vragen Tweede Kamer over het rapport Autobelastingen als beleidsinstrument	https://www.rekenkamer.nl/binaries/rekenkamer/documenten/kamerstukken/2020/02/06/beantwoording-vragen-tweede-kamer-over-het-rapport-autobelastingen-als-beleidsinstrument/Beantwoording+Kamervragen+over+rapport+Autobelastingen+als+beleidsinstrument+zh.pdf	2020-02-06	32 800, nr. 63	Autobelastingen als beleidsinstrument	6 februari 2020	2019-2020	12	Moeten de opcenten ook niet als een bijzondere regeling worden beschouwd, aangezien zakelijke bestelauto's geen opcenten betalen?	De provinciale opcenten vallen buiten het kader van ons onderzoek en zijn geen bijzondere regeling. In het algemeen geldt dat bijzondere regelingen voor bepaalde categorieën voertuigen in de motorrijtuigenbelasting doorwerken naar de provinciale opcenten.			DEFL	M	De AR geeft aan dat provinciale opcenten buiten het kader van het onderzoek vallen, wat de kern van het antwoord is. De toevoeging dat bijzondere regelingen doorwerken naar opcenten is een algemene opmerking, maar geen substantieel inhoudelijk antwoord op de vraag. Omdat de AR primair afbakent dat dit buiten scope valt, is DEFL het meest passende label.		
107	rekenkamer__kamerstuk:2020:02:06:beantwoording-vragen-tweede-kamer-over-het-rapport-autobelastingen-als-beleidsinstrument	Beantwoording vragen Tweede Kamer over het rapport Autobelastingen als beleidsinstrument	https://www.rekenkamer.nl/binaries/rekenkamer/documenten/kamerstukken/2020/02/06/beantwoording-vragen-tweede-kamer-over-het-rapport-autobelastingen-als-beleidsinstrument/Beantwoording+Kamervragen+over+rapport+Autobelastingen+als+beleidsinstrument+zh.pdf	2020-02-06	32 800, nr. 63	Autobelastingen als beleidsinstrument	6 februari 2020	2019-2020	15	Hoe kunnen de bpm-inkomsten grilliger verlopen dan de andere autobelastingen?	Diverse factoren, zoals conjuncturele ontwikkelingen of verschuivingen in consumentenvoorkeuren, kunnen hierop van invloed zijn. Wij hebben dit in het kader van ons onderzoek niet verder geanalyseerd.			DEFL	M	De AR geeft een korte, oppervlakkige opsomming van mogelijke factoren maar zegt expliciet dat ze dit niet verder hebben geanalyseerd. Er is geen substantiële inhoudelijke beantwoording van de vraag; de AR deflecteert door te verwijzen naar het ontbreken van nader onderzoek.		
107	rekenkamer__kamerstuk:2020:02:06:beantwoording-vragen-tweede-kamer-over-het-rapport-autobelastingen-als-beleidsinstrument	Beantwoording vragen Tweede Kamer over het rapport Autobelastingen als beleidsinstrument	https://www.rekenkamer.nl/binaries/rekenkamer/documenten/kamerstukken/2020/02/06/beantwoording-vragen-tweede-kamer-over-het-rapport-autobelastingen-als-beleidsinstrument/Beantwoording+Kamervragen+over+rapport+Autobelastingen+als+beleidsinstrument+zh.pdf	2020-02-06	32 800, nr. 63	Autobelastingen als beleidsinstrument	6 februari 2020	2019-2020	18	Wat is de oorzaak van het feit dat elkaar tegenwerkende maatregelen in stand worden gehouden en amper worden geëvalueerd?	Tijdens ons onderzoek hebben we geen specifieke oorzaken gevonden voor het in stand houden van maatregelen die tegengesteld aan elkaar werken.			DEFL	H	De AR geeft expliciet aan geen specifieke oorzaken te hebben gevonden, waarmee de vraag niet substantieel wordt beantwoord. Er wordt geen inhoudelijke verklaring, oordeel of aanbeveling gegeven.		
107	rekenkamer__kamerstuk:2020:02:06:beantwoording-vragen-tweede-kamer-over-het-rapport-autobelastingen-als-beleidsinstrument	Beantwoording vragen Tweede Kamer over het rapport Autobelastingen als beleidsinstrument	https://www.rekenkamer.nl/binaries/rekenkamer/documenten/kamerstukken/2020/02/06/beantwoording-vragen-tweede-kamer-over-het-rapport-autobelastingen-als-beleidsinstrument/Beantwoording+Kamervragen+over+rapport+Autobelastingen+als+beleidsinstrument+zh.pdf	2020-02-06	32 800, nr. 63	Autobelastingen als beleidsinstrument	6 februari 2020	2019-2020	22	Welk deel van de inkomsten door autobelastingen is direct gerelateerd aan luchtkwaliteit en klimaat?	De diversiteit van de grondslagen van de autobelastingen en de verschillende bijzondere regelingen maken het onmogelijk om exact aan te geven welk deel van de belastingontvangsten direct is gerelateerd aan luchtkwaliteit en klimaat. Verder moet hierbij worden bedacht dat een deel van de fiscale prikkels in de autobelastingen juist leiden tot een vermindering van de ontvangsten uit de autobelastingen.			DEFL	H	De AR geeft aan dat het onmogelijk is om de gevraagde informatie exact te geven en legt uit waarom. Er wordt geen substantieel inhoudelijk antwoord op de vraag geleverd; het is een uitleg van waarom men niet kan antwoorden, wat DEFL oplevert.		
107	rekenkamer__kamerstuk:2020:02:06:beantwoording-vragen-tweede-kamer-over-het-rapport-autobelastingen-als-beleidsinstrument	Beantwoording vragen Tweede Kamer over het rapport Autobelastingen als beleidsinstrument	https://www.rekenkamer.nl/binaries/rekenkamer/documenten/kamerstukken/2020/02/06/beantwoording-vragen-tweede-kamer-over-het-rapport-autobelastingen-als-beleidsinstrument/Beantwoording+Kamervragen+over+rapport+Autobelastingen+als+beleidsinstrument+zh.pdf	2020-02-06	32 800, nr. 63	Autobelastingen als beleidsinstrument	6 februari 2020	2019-2020	27	Is ook de fijnstoftoeslag meegenomen in het onderzoek?	De fijnstoftoeslag is niet meegenomen in ons onderzoek, omdat wij ons hebben gericht op de in 2019 toepasselijke regelgeving.			DEFL	H	De AR geeft expliciet aan dat de fijnstoftoeslag niet is meegenomen in het onderzoek en legt uit waarom niet. Er wordt geen inhoudelijk antwoord op de vraag gegeven; het valt buiten de scope van het onderzoek.		
108	rekenkamer__kamerstuk:2020:02:13:beantwoording-vragen-tweede-kamer-over-het-rapport-hilversum-in-beeld	Beantwoording vragen Tweede Kamer over het rapport Hilversum in beeld	https://www.rekenkamer.nl/binaries/rekenkamer/documenten/kamerstukken/2020/02/13/beantwoording-vragen-tweede-kamer-over-het-rapport-hilversum-in-beeld/Brief+aan+tweede+Kamer+met+antwoorden+Hilversum+in+beeld.pdf	2020-02-13	32 827, nr. 180	Hilversum in beeld	13 februari 2020	2019-2020	5	Hoeveel procent van de kosten van de categorie sport wordt besteed aan voetbal?	Wij beschikken niet over gegevens waarbij de kosten voor sportprogramma's worden opgedeeld in de kosten voor verschillende sporten.			DEFL	H	De AR geeft aan niet over de gevraagde gegevens te beschikken en beantwoordt de vraag dus niet inhoudelijk. Dit is een klassiek DEFL-antwoord: 'wij beschikken niet over de gegevens'.		
108	rekenkamer__kamerstuk:2020:02:13:beantwoording-vragen-tweede-kamer-over-het-rapport-hilversum-in-beeld	Beantwoording vragen Tweede Kamer over het rapport Hilversum in beeld	https://www.rekenkamer.nl/binaries/rekenkamer/documenten/kamerstukken/2020/02/13/beantwoording-vragen-tweede-kamer-over-het-rapport-hilversum-in-beeld/Brief+aan+tweede+Kamer+met+antwoorden+Hilversum+in+beeld.pdf	2020-02-13	32 827, nr. 180	Hilversum in beeld	13 februari 2020	2019-2020	6	Wat is het programmakader van 'expressie'?	Ons is niet duidelijk wat met het begrip 'programmakader' wordt bedoeld. Voor een overzicht van de ccc-codes per aanboddomein verwijzen wij naar figuur 15 van ons rapport (pagina 50).			DEFL	H	De AR geeft aan dat het begrip 'programmakader' niet duidelijk is en verwijst voor nadere informatie naar een figuur in het rapport. Er wordt geen substantieel inhoudelijk antwoord op de vraag gegeven.		
108	rekenkamer__kamerstuk:2020:02:13:beantwoording-vragen-tweede-kamer-over-het-rapport-hilversum-in-beeld	Beantwoording vragen Tweede Kamer over het rapport Hilversum in beeld	https://www.rekenkamer.nl/binaries/rekenkamer/documenten/kamerstukken/2020/02/13/beantwoording-vragen-tweede-kamer-over-het-rapport-hilversum-in-beeld/Brief+aan+tweede+Kamer+met+antwoorden+Hilversum+in+beeld.pdf	2020-02-13	32 827, nr. 180	Hilversum in beeld	13 februari 2020	2019-2020	13	Welk percentage van het totale programmabudget wordt besteed aan programma's die worden gemaakt door echte onafhankelijke buitenproducenten die niet vallen onder de categorie grote systeemproducenten?	Dit onderscheid wordt in de ons bekende data niet gemaakt. Wel is bekend dat een aanzienlijk deel van de bewuste buitenproducenten onderdeel uitmaakt van grotere mediaconglomeraten met aandeelhouders die zich in het buitenland bevinden. Te denken valt daarbij aan IDTV of Endemol Shine die rechtsreeks of via dochterondernemingen voor de publieke omroep werken.			DEFL	H	De AR geeft expliciet aan dat het gevraagde onderscheid niet in de beschikbare data wordt gemaakt en kan de vraag dus niet substantieel beantwoorden. De aanvullende context over buitenproducenten is achtergrondinformatie, geen inhoudelijk antwoord op de vraag naar het percentage.		
108	rekenkamer__kamerstuk:2020:02:13:beantwoording-vragen-tweede-kamer-over-het-rapport-hilversum-in-beeld	Beantwoording vragen Tweede Kamer over het rapport Hilversum in beeld	https://www.rekenkamer.nl/binaries/rekenkamer/documenten/kamerstukken/2020/02/13/beantwoording-vragen-tweede-kamer-over-het-rapport-hilversum-in-beeld/Brief+aan+tweede+Kamer+met+antwoorden+Hilversum+in+beeld.pdf	2020-02-13	32 827, nr. 180	Hilversum in beeld	13 februari 2020	2019-2020	25	Hoe hoog waren de kosten voor 'inkopen van publiek' van het programma Jinek?	Kosten van individuele programma's en de uitsplitsing in verschillende kostenposten beschouwen we als bedrijfsgevoelige informatie die we niet openbaar maken.			DEFL	H	De AR beantwoordt de vraag niet inhoudelijk maar weigert de informatie te verstrekken met als reden bedrijfsgevoeligheid. Er wordt geen substantiële inhoud geleverd, dus dit is een duidelijke deflectie.		
109	rekenkamer__kamerstuk:2020:06:10:beantwoording-vragen-tweede-kamer-over-de-resultaten-verantwoordingsonderzoek-2019-bij-de-koning	Beantwoording vragen Tweede Kamer over de Resultaten verantwoordingsonderzoek 2019 bij De Koning	https://www.rekenkamer.nl/binaries/rekenkamer/documenten/kamerstukken/2020/06/10/beantwoording-vragen-tweede-kamer-over-de-resultaten-verantwoordingsonderzoek-2019-bij-de-koning/Beantwoording+vragen+TK+Resultaten+verantwoordingsonderzoek+2019+de+Koning.pdf	2020-06-10	20004290 R	Beantwoording vragen Tweede Kamer over de Resultaten verantwoordingsonderzoek 2019 begrotingshoofdstuk De Koning (I)	10 juni 2020	<UNKNOWN>	3	Welke voorkomende kosten vallen onder de noemer onkosten vergoeding?	Het is ons niet duidelijk wat de vraagsteller bedoelt met onkostenvergoeding.			DEFL	H	De AR beantwoordt de vraag niet inhoudelijk en geeft aan dat de vraag onduidelijk is, zonder verdere substantiële informatie te leveren. Dit is een klassiek DEFL-antwoord.		
109	rekenkamer__kamerstuk:2020:06:10:beantwoording-vragen-tweede-kamer-over-de-resultaten-verantwoordingsonderzoek-2019-bij-de-koning	Beantwoording vragen Tweede Kamer over de Resultaten verantwoordingsonderzoek 2019 bij De Koning	https://www.rekenkamer.nl/binaries/rekenkamer/documenten/kamerstukken/2020/06/10/beantwoording-vragen-tweede-kamer-over-de-resultaten-verantwoordingsonderzoek-2019-bij-de-koning/Beantwoording+vragen+TK+Resultaten+verantwoordingsonderzoek+2019+de+Koning.pdf	2020-06-10	20004290 R	Beantwoording vragen Tweede Kamer over de Resultaten verantwoordingsonderzoek 2019 begrotingshoofdstuk De Koning (I)	10 juni 2020	<UNKNOWN>	4	Zou het inrichten van privévertrekken onder materiele kosten moeten vallen, of onder functionele kosten, of onder onkosten vergoedingen?	U verwijst waarschijnlijk naar een artikel dat op 21 mei 2020 verscheen in het NRC. Wij hebben de bekostiging van de inrichting van privévertrekken niet onderzocht en kunnen er daar dan ook geen uitspraken over doen.			DEFL	H	De AR geeft expliciet aan dat zij de bekostiging van de inrichting van privévertrekken niet heeft onderzocht en er geen uitspraken over kan doen. Er wordt geen inhoudelijk antwoord gegeven op de gestelde vraag.		
110	rekenkamer__kamerstuk:2020:06:10:beantwoording-vragen-tweede-kamer-over-de-resultaten-verantwoordingsonderzoek-2019-bij-het-ministerie-van-bzk	Beantwoording vragen Tweede Kamer over de Resultaten verantwoordingsonderzoek 2019 bij het Ministerie van BZK	https://www.rekenkamer.nl/binaries/rekenkamer/documenten/kamerstukken/2020/06/10/beantwoording-vragen-tweede-kamer-over-de-resultaten-verantwoordingsonderzoek-2019-bij-het-ministerie-van-bzk/Beantwoording+vragen+TK+Resultaten+verantwoordingsonderzoek+2019+BZK.pdf	2020-06-10	20004291 R	Beantwoording vragen Tweede Kamer over de Resultaten verantwoordingsonderzoek 2019 bij het Ministerie van Binnenlandse Zaken en Koninkrijksrelaties (VII)	10 juni 2020	2019-2020	3	In hoeverre is er consistentie in de toegekende budgetten aan projecten, in het licht dat de belangrijkste begrippen niet gedefinieerd zijn?	De door de minister van BZK verstrekte bijdrage per gemeente is afgestemd op de door gemeenten gevraagde bijdrage voor afdekking van de 'onrendabele top' binnen het project: dat deel van de kosten waarvan verwacht wordt dat het niet wordt terugverdiend door lagere lasten ten behoeve van verwarming. Onderzoeksbureau Rebel onderzocht in opdracht van de minister van BZK de uitvoering van de eerste uitvraag en bekostiging van proeftuinen en constateerde dat het begrip 'onrendabele top' door de verschillende indieners verschillend is gebruikt. Wij hebben niet onderzocht of de toekenning consistent is.		20004291 R: Rebel, Aardgasvrij in 2019. Op zoek naar de koninklijke route. Analyse projectvoorstellen aardgasvrije wijken	DEFL	H	De AR beschrijft kort de context maar eindigt expliciet met 'Wij hebben niet onderzocht of de toekenning consistent is', waarmee de vraag niet substantieel wordt beantwoord. De feitelijke context die wordt gegeven is ondersteunend aan de deflectie, niet een zelfstandig inhoudelijk antwoord op de gestelde vraag.		
111	rekenkamer__kamerstuk:2020:06:10:beantwoording-vragen-tweede-kamer-over-de-resultaten-verantwoordingsonderzoek-2019-bij-het-ministerie-van-economische-zaken-en-klimaat	Beantwoording vragen Tweede Kamer over de Resultaten verantwoordingsonderzoek 2019 bij het Ministerie van Economische Zaken en Klimaat	https://www.rekenkamer.nl/binaries/rekenkamer/documenten/kamerstukken/2020/06/10/beantwoording-vragen-tweede-kamer-over-de-resultaten-verantwoordingsonderzoek-2019-bij-het-ministerie-van-economische-zaken-en-klimaat/Beantwoording+vragen+TK+Resultaten+verantwoordingsonderzoek+2019+EZK.pdf	2020-06-10	20004296	Beantwoording vragen Tweede Kamer over de Resultaten verantwoordingsonderzoek 2019 bij het Ministerie van EZK	10 juni 2020	<UNKNOWN>	2	Kan in dat overzicht, of in een apart overzicht, ook opgenomen worden hoeveel de NAM betaald heeft aan de afhandeling van de schade, de versterking en de gemaakte nevenkosten? En hoeveel de staat? Kan dit zowel van voor het Akkoord op Hoofdlijnen, als voor daarna?	We kunnen geen overzicht geven van alle kosten die de NAM of de Staat op enig moment heeft betaald voor de afhandeling van de schade, de versterking en de gemaakte nevenkosten. Deze gegevens verzamelt de Algemene Rekenkamer zelf niet en zijn ook niet voor dit onderzoek opgevraagd. Het is aan de minister van EZK om deze vragen te beantwoorden.			DEFL	H	De AR geeft expliciet aan dat zij deze gegevens niet verzamelt, niet heeft opgevraagd, en verwijst naar de minister van EZK voor beantwoording. Er wordt geen inhoudelijk antwoord gegeven op de gestelde vraag.		
111	rekenkamer__kamerstuk:2020:06:10:beantwoording-vragen-tweede-kamer-over-de-resultaten-verantwoordingsonderzoek-2019-bij-het-ministerie-van-economische-zaken-en-klimaat	Beantwoording vragen Tweede Kamer over de Resultaten verantwoordingsonderzoek 2019 bij het Ministerie van Economische Zaken en Klimaat	https://www.rekenkamer.nl/binaries/rekenkamer/documenten/kamerstukken/2020/06/10/beantwoording-vragen-tweede-kamer-over-de-resultaten-verantwoordingsonderzoek-2019-bij-het-ministerie-van-economische-zaken-en-klimaat/Beantwoording+vragen+TK+Resultaten+verantwoordingsonderzoek+2019+EZK.pdf	2020-06-10	20004296	Beantwoording vragen Tweede Kamer over de Resultaten verantwoordingsonderzoek 2019 bij het Ministerie van EZK	10 juni 2020	<UNKNOWN>	3	Kunt u de kosten en de baten vanuit Groningen overzichtelijk tegenover elkaar zetten? Dus voor hoeveel euro er per dag aan gas wordt verdiend tegenover hoeveel er aan schade of versterking per dag wordt uitgegeven?	We kunnen geen overzicht geven van alle kosten die de NAM of de Staat op enig moment heeft betaald voor de afhandeling van de schade, de versterking en de gemaakte nevenkosten. Deze gegevens verzamelt de Algemene Rekenkamer zelf niet en zijn ook niet voor dit onderzoek opgevraagd. Het is aan de minister van EZK om deze vragen te beantwoorden.			DEFL	H	De AR geeft expliciet aan dat zij deze gegevens niet verzamelt, niet heeft opgevraagd, en verwijst door naar de minister van EZK. Er wordt geen inhoudelijk antwoord op de vraag gegeven.		
113	rekenkamer__kamerstuk:2020:06:10:beantwoording-vragen-tweede-kamer-over-de-resultaten-verantwoordingsonderzoek-2019-bij-het-ministerie-van-justitie-en-veiligheid	Beantwoording vragen Tweede Kamer over de Resultaten verantwoordingsonderzoek 2019 bij het Ministerie van Justitie en Veiligheid	https://www.rekenkamer.nl/binaries/rekenkamer/documenten/kamerstukken/2020/06/10/beantwoording-vragen-tweede-kamer-over-de-resultaten-verantwoordingsonderzoek-2019-bij-het-ministerie-van-justitie-en-veiligheid/Beantwoording+vragen+TK+Resultaten+verantwoordingsonderzoek+2019+min+JenV.pdf	2020-06-10	20004293	Beantwoording vragen Tweede Kamer over de Resultaten verantwoordingsonderzoek 2019 bij het Ministerie van Justitie en Veiligheid	10 juni 2020	<UNKNOWN>	4	Hoeveel corruptiezaken heeft het openbaar ministerie (OM) gevoerd het afgelopen jaar? In hoeveel zaken kwam het tot een veroordeling? In hoeveel zaken kwam het tot een schikking? Wat was het gemiddelde schikkingsbedrag? Kunnen deze vragen ook worden beantwoord voor de afgelopen vijf jaren?	Hier hebben wij in het kader van ons Verantwoordingsonderzoek 2019 geen onderzoek naar verricht. Het is volgens ons aan de minister van Justitie en Veiligheid om deze vragen te beantwoorden.			DEFL	H	De AR geeft expliciet aan geen onderzoek te hebben verricht en verwijst naar de minister van Justitie en Veiligheid. Er wordt geen substantiële inhoud geleverd.		
113	rekenkamer__kamerstuk:2020:06:10:beantwoording-vragen-tweede-kamer-over-de-resultaten-verantwoordingsonderzoek-2019-bij-het-ministerie-van-justitie-en-veiligheid	Beantwoording vragen Tweede Kamer over de Resultaten verantwoordingsonderzoek 2019 bij het Ministerie van Justitie en Veiligheid	https://www.rekenkamer.nl/binaries/rekenkamer/documenten/kamerstukken/2020/06/10/beantwoording-vragen-tweede-kamer-over-de-resultaten-verantwoordingsonderzoek-2019-bij-het-ministerie-van-justitie-en-veiligheid/Beantwoording+vragen+TK+Resultaten+verantwoordingsonderzoek+2019+min+JenV.pdf	2020-06-10	20004293	Beantwoording vragen Tweede Kamer over de Resultaten verantwoordingsonderzoek 2019 bij het Ministerie van Justitie en Veiligheid	10 juni 2020	<UNKNOWN>	6	Kan worden aangeven hoe de afpakketen vorm gegeven dient te worden, welke streefbedragen aan te ontnemen wederrechtelijk verkregen voordeel realistisch te stellen zijn en hoeveel fte's bij de politie, het OM, de Fiscale inlichtingen- en opsporingsdienst (FIOD), het Centraal Justitieel Incassobureau (CJIB) e.d. daarmee gemoeid is?	Het is volgens ons aan de minister van JenV om deze vraag te beantwoorden.			DEFL	H	De AR verwijst expliciet naar de minister en geeft geen inhoudelijk antwoord op de vraag. Dit is een klassiek voorbeeld van DEFL.		
113	rekenkamer__kamerstuk:2020:06:10:beantwoording-vragen-tweede-kamer-over-de-resultaten-verantwoordingsonderzoek-2019-bij-het-ministerie-van-justitie-en-veiligheid	Beantwoording vragen Tweede Kamer over de Resultaten verantwoordingsonderzoek 2019 bij het Ministerie van Justitie en Veiligheid	https://www.rekenkamer.nl/binaries/rekenkamer/documenten/kamerstukken/2020/06/10/beantwoording-vragen-tweede-kamer-over-de-resultaten-verantwoordingsonderzoek-2019-bij-het-ministerie-van-justitie-en-veiligheid/Beantwoording+vragen+TK+Resultaten+verantwoordingsonderzoek+2019+min+JenV.pdf	2020-06-10	20004293	Beantwoording vragen Tweede Kamer over de Resultaten verantwoordingsonderzoek 2019 bij het Ministerie van Justitie en Veiligheid	10 juni 2020	<UNKNOWN>	7	Kan worden aangegeven welke structurele oplossingen van knelpunten in het proces van de afpakketen denkbaar zijn en wat ervoor nodig is om die oplossingen door te voeren? Hoe ziet de Algemene Rekenkamer de gesuggereerde oplossing van ketenverantwoordelijke precies voor zich?	Het is volgens ons aan de minister van JenV om deze vraag te beantwoorden. Het geven van een dergelijk advies staat op gespannen voet met onze taak als onafhankelijk controleur. Wat betreft het doorvoeren en implementeren van oplossingen tussen de organisaties die gezamenlijk de afpakketen vormen hebben wij de minister aanbevolen om te komen tot een uniforme werkwijze (zowel wat processen als IT-systemen betreft). En daarnaast om landelijk eenduidige afspraken te maken over de beheerprocessen in de afpakketen, in nauwe samenwerking met de ketenpartners.			DEFL	M	De AR verwijst primair naar de minister ('het is aan de minister om deze vraag te beantwoorden') en geeft aan dat het geven van advies op gespannen voet staat met hun rol. Hoewel er vervolgens eerdere aanbevelingen worden herhaald, betreft dit geen nieuw substantieel antwoord op de specifieke vraag. Toch bevat het antwoord concrete aanbevelingen (uniforme werkwijze, eenduidige afspraken), wat ADV zou kunnen rechtvaardigen. Per prioriteitsregel wint inhoud (ADV) van deflectie, maar de aanbevelingen zijn eerder gedane en niet specifiek gericht op de gestelde vraag. De kern is deflectie.		
113	rekenkamer__kamerstuk:2020:06:10:beantwoording-vragen-tweede-kamer-over-de-resultaten-verantwoordingsonderzoek-2019-bij-het-ministerie-van-justitie-en-veiligheid	Beantwoording vragen Tweede Kamer over de Resultaten verantwoordingsonderzoek 2019 bij het Ministerie van Justitie en Veiligheid	https://www.rekenkamer.nl/binaries/rekenkamer/documenten/kamerstukken/2020/06/10/beantwoording-vragen-tweede-kamer-over-de-resultaten-verantwoordingsonderzoek-2019-bij-het-ministerie-van-justitie-en-veiligheid/Beantwoording+vragen+TK+Resultaten+verantwoordingsonderzoek+2019+min+JenV.pdf	2020-06-10	20004293	Beantwoording vragen Tweede Kamer over de Resultaten verantwoordingsonderzoek 2019 bij het Ministerie van Justitie en Veiligheid	10 juni 2020	<UNKNOWN>	11	Wat is de totale waarde van het vermogen van de door het OM verloren ontnemingszaken?	Hier hebben wij in het kader van ons Verantwoordingsonderzoek 2019 geen onderzoek naar verricht. Het is volgens ons aan de minister van Justitie en Veiligheid om deze vragen te beantwoorden.			DEFL	H	De AR geeft expliciet aan dat zij geen onderzoek heeft verricht naar dit onderwerp en verwijst naar de minister van Justitie en Veiligheid. Er wordt geen inhoudelijk antwoord gegeven.		
113	rekenkamer__kamerstuk:2020:06:10:beantwoording-vragen-tweede-kamer-over-de-resultaten-verantwoordingsonderzoek-2019-bij-het-ministerie-van-justitie-en-veiligheid	Beantwoording vragen Tweede Kamer over de Resultaten verantwoordingsonderzoek 2019 bij het Ministerie van Justitie en Veiligheid	https://www.rekenkamer.nl/binaries/rekenkamer/documenten/kamerstukken/2020/06/10/beantwoording-vragen-tweede-kamer-over-de-resultaten-verantwoordingsonderzoek-2019-bij-het-ministerie-van-justitie-en-veiligheid/Beantwoording+vragen+TK+Resultaten+verantwoordingsonderzoek+2019+min+JenV.pdf	2020-06-10	20004293	Beantwoording vragen Tweede Kamer over de Resultaten verantwoordingsonderzoek 2019 bij het Ministerie van Justitie en Veiligheid	10 juni 2020	<UNKNOWN>	13	Hoe groot is het risico dat uitgaven niet aantoonbaar blijken te zijn en niet als subsidiabel worden aangemerkt? Hoe verhoudt dit risico bij het ministerie van Justitie en Veiligheid zich tot andere ministeries zoals het ministerie van Binnenlandse Zaken en Koninkrijksrelaties?	Hier hebben wij in het kader van ons Verantwoordingsonderzoek 2019 geen onderzoek naar verricht. Voor het antwoord op deze vraag verwijzen u naar de verantwoordelijke bewindspersonen.			DEFL	H	De AR geeft expliciet aan dat zij hier geen onderzoek naar heeft verricht en verwijst door naar de verantwoordelijke bewindspersonen. Er wordt geen inhoudelijk antwoord gegeven.		
113	rekenkamer__kamerstuk:2020:06:10:beantwoording-vragen-tweede-kamer-over-de-resultaten-verantwoordingsonderzoek-2019-bij-het-ministerie-van-justitie-en-veiligheid	Beantwoording vragen Tweede Kamer over de Resultaten verantwoordingsonderzoek 2019 bij het Ministerie van Justitie en Veiligheid	https://www.rekenkamer.nl/binaries/rekenkamer/documenten/kamerstukken/2020/06/10/beantwoording-vragen-tweede-kamer-over-de-resultaten-verantwoordingsonderzoek-2019-bij-het-ministerie-van-justitie-en-veiligheid/Beantwoording+vragen+TK+Resultaten+verantwoordingsonderzoek+2019+min+JenV.pdf	2020-06-10	20004293	Beantwoording vragen Tweede Kamer over de Resultaten verantwoordingsonderzoek 2019 bij het Ministerie van Justitie en Veiligheid	10 juni 2020	<UNKNOWN>	16	Kan een indicatie worden gegeven wat nodig is om de signalering van problemen in gezinnen en het aanbod van passende jeugdhulp en begeleiding om vervolgzorg te bieden op orde te brengen?	Het antwoord op deze vraag is niet door de Algemene Rekenkamer op basis van het uitgevoerde onderzoek te geven. Wij verwijzen u naar de verantwoordelijke minister van Volksgezondheid, Welzijn en Sport (VWS).			DEFL	H	De AR geeft expliciet aan dat zij deze vraag niet kan beantwoorden op basis van het uitgevoerde onderzoek en verwijst door naar de minister van VWS. Er wordt geen substantiële inhoud geleverd.		
113	rekenkamer__kamerstuk:2020:06:10:beantwoording-vragen-tweede-kamer-over-de-resultaten-verantwoordingsonderzoek-2019-bij-het-ministerie-van-justitie-en-veiligheid	Beantwoording vragen Tweede Kamer over de Resultaten verantwoordingsonderzoek 2019 bij het Ministerie van Justitie en Veiligheid	https://www.rekenkamer.nl/binaries/rekenkamer/documenten/kamerstukken/2020/06/10/beantwoording-vragen-tweede-kamer-over-de-resultaten-verantwoordingsonderzoek-2019-bij-het-ministerie-van-justitie-en-veiligheid/Beantwoording+vragen+TK+Resultaten+verantwoordingsonderzoek+2019+min+JenV.pdf	2020-06-10	20004293	Beantwoording vragen Tweede Kamer over de Resultaten verantwoordingsonderzoek 2019 bij het Ministerie van Justitie en Veiligheid	10 juni 2020	<UNKNOWN>	17	Is naar het oordeel van de Algemene Rekenkamer sprake van een adequaat handhavingsniveau voor wat betreft de aanpak van ondermijning, afgezet tegen de in de afgelopen jaren beschikbaar gestelde budgetten?	Wij hebben geen onderzoek verricht naar de relatie tussen een adequaat handhavingsniveau en de beschikbare budgetten. Wij hebben in het verantwoordingsonderzoek 2019 wel geconstateerd dat de budgetten vanaf 2019 een extra financiële impuls krijgen uit het regeerakkoord van het kabinet-Rutte III. Het totale RIEC's-/LIEC-budget voor de periode 2019-2021 is fors hoger dan daarvoor: ging het in 2017 nog om € 8 miljoen en in 2018 om € 13 miljoen van de begroting van het Ministerie van Justitie en Veiligheid, in 2019 groeide dit bedrag naar € 51 miljoen.			DEFL	M	De AR geeft expliciet aan dat zij geen onderzoek heeft verricht naar de gevraagde relatie tussen handhavingsniveau en budgetten, waarmee de kernvraag niet beantwoord wordt. De aanvullende feitelijke informatie over budgetontwikkeling is context maar beantwoordt niet de gestelde vraag naar adequaatheid. Inhoud is niet substantieel genoeg om FEIT te laten winnen van DEFL.		
113	rekenkamer__kamerstuk:2020:06:10:beantwoording-vragen-tweede-kamer-over-de-resultaten-verantwoordingsonderzoek-2019-bij-het-ministerie-van-justitie-en-veiligheid	Beantwoording vragen Tweede Kamer over de Resultaten verantwoordingsonderzoek 2019 bij het Ministerie van Justitie en Veiligheid	https://www.rekenkamer.nl/binaries/rekenkamer/documenten/kamerstukken/2020/06/10/beantwoording-vragen-tweede-kamer-over-de-resultaten-verantwoordingsonderzoek-2019-bij-het-ministerie-van-justitie-en-veiligheid/Beantwoording+vragen+TK+Resultaten+verantwoordingsonderzoek+2019+min+JenV.pdf	2020-06-10	20004293	Beantwoording vragen Tweede Kamer over de Resultaten verantwoordingsonderzoek 2019 bij het Ministerie van Justitie en Veiligheid	10 juni 2020	<UNKNOWN>	18	Waaraan is de bijdrage van € 2,6 miljoen voor versterking van de strafrechtketen besteed?	Wij hebben geen onderzoek verricht naar deze bijdrage voor de strafrechtketen. Het is volgens ons aan de minister van Justitie en Veiligheid om deze vraag te beantwoorden			DEFL	H	De AR geeft expliciet aan dit niet onderzocht te hebben en verwijst naar de minister voor beantwoording. Er is geen inhoudelijk antwoord op de gestelde vraag.		
114	rekenkamer__kamerstuk:2020:06:10:beantwoording-vragen-tweede-kamer-over-de-resultaten-verantwoordingsonderzoek-2019-bij-het-ministerie-van-ocw	Beantwoording vragen Tweede Kamer over de Resultaten verantwoordingsonderzoek 2019 bij het Ministerie van OCW	https://www.rekenkamer.nl/binaries/rekenkamer/documenten/kamerstukken/2020/06/10/beantwoording-vragen-tweede-kamer-over-de-resultaten-verantwoordingsonderzoek-2019-bij-het-ministerie-van-ocw/Beantwoording+vragen+TK+Resultaten+verantwoordingsonderzoek+2019+min+OCW.pdf	2020-06-10	20004230 R	Beantwoording vragen Tweede Kamer over de Resultaten verantwoordingsonderzoek 2019 bij het Ministerie van Onderwijs, Cultuur en Wetenschap (VIII)	9 juni 2020	<UNKNOWN>	1	Hoeveel budget ontving de Taalunie in 2019? Blijft dit in 2020 gelijk?	De Algemene Rekenkamer beschikt niet over informatie om deze vraag te kunnen beantwoorden. Voor het antwoord op deze vragen verwijzen wij naar de verantwoordelijke bewindspersoon.			DEFL	H	De AR geeft expliciet aan niet over de informatie te beschikken en verwijst door naar de verantwoordelijke bewindspersoon. Er wordt geen inhoudelijk antwoord gegeven, wat een klassiek DEFL-patroon is.		
114	rekenkamer__kamerstuk:2020:06:10:beantwoording-vragen-tweede-kamer-over-de-resultaten-verantwoordingsonderzoek-2019-bij-het-ministerie-van-ocw	Beantwoording vragen Tweede Kamer over de Resultaten verantwoordingsonderzoek 2019 bij het Ministerie van OCW	https://www.rekenkamer.nl/binaries/rekenkamer/documenten/kamerstukken/2020/06/10/beantwoording-vragen-tweede-kamer-over-de-resultaten-verantwoordingsonderzoek-2019-bij-het-ministerie-van-ocw/Beantwoording+vragen+TK+Resultaten+verantwoordingsonderzoek+2019+min+OCW.pdf	2020-06-10	20004230 R	Beantwoording vragen Tweede Kamer over de Resultaten verantwoordingsonderzoek 2019 bij het Ministerie van Onderwijs, Cultuur en Wetenschap (VIII)	9 juni 2020	<UNKNOWN>	2	Hoeveel budget is er binnen de Wet stelsel openbare bibliotheekvoorzieningen beschikbaar voor aankoop van fysieke boeken?	Hier hebben wij in het kader van ons Verantwoordingsonderzoek 2019 geen onderzoek naar verricht. Voor het antwoord op deze vraag verwijzen wij naar de verantwoordelijke bewindspersoon.			DEFL	H	De AR geeft expliciet aan geen onderzoek te hebben verricht en verwijst door naar de verantwoordelijke bewindspersoon. Er is geen substantiële inhoud; dit is een klassiek DEFL-antwoord.		
114	rekenkamer__kamerstuk:2020:06:10:beantwoording-vragen-tweede-kamer-over-de-resultaten-verantwoordingsonderzoek-2019-bij-het-ministerie-van-ocw	Beantwoording vragen Tweede Kamer over de Resultaten verantwoordingsonderzoek 2019 bij het Ministerie van OCW	https://www.rekenkamer.nl/binaries/rekenkamer/documenten/kamerstukken/2020/06/10/beantwoording-vragen-tweede-kamer-over-de-resultaten-verantwoordingsonderzoek-2019-bij-het-ministerie-van-ocw/Beantwoording+vragen+TK+Resultaten+verantwoordingsonderzoek+2019+min+OCW.pdf	2020-06-10	20004230 R	Beantwoording vragen Tweede Kamer over de Resultaten verantwoordingsonderzoek 2019 bij het Ministerie van Onderwijs, Cultuur en Wetenschap (VIII)	9 juni 2020	<UNKNOWN>	4	Hoe verklaart u de daling van het kengetal 'Publieke investering in R&D als % bbp' van 0,72 naar 0,69 in tabel 53 van het jaarverslag?	Hier hebben wij in het kader van ons Verantwoordingsonderzoek 2019 geen onderzoek naar verricht. Voor het antwoord op deze vraag verwijzen wij naar de verantwoordelijke bewindspersoon.			DEFL	H	De AR geeft expliciet aan geen onderzoek te hebben verricht naar deze kwestie en verwijst door naar de verantwoordelijke bewindspersoon. Er wordt geen inhoudelijk antwoord gegeven, wat een klassieke DEFL is.		
114	rekenkamer__kamerstuk:2020:06:10:beantwoording-vragen-tweede-kamer-over-de-resultaten-verantwoordingsonderzoek-2019-bij-het-ministerie-van-ocw	Beantwoording vragen Tweede Kamer over de Resultaten verantwoordingsonderzoek 2019 bij het Ministerie van OCW	https://www.rekenkamer.nl/binaries/rekenkamer/documenten/kamerstukken/2020/06/10/beantwoording-vragen-tweede-kamer-over-de-resultaten-verantwoordingsonderzoek-2019-bij-het-ministerie-van-ocw/Beantwoording+vragen+TK+Resultaten+verantwoordingsonderzoek+2019+min+OCW.pdf	2020-06-10	20004230 R	Beantwoording vragen Tweede Kamer over de Resultaten verantwoordingsonderzoek 2019 bij het Ministerie van Onderwijs, Cultuur en Wetenschap (VIII)	9 juni 2020	<UNKNOWN>	5	Hoeveel bedraagt de faire vergoeding?	Hier hebben wij in het kader van ons Verantwoordingsonderzoek 2019 geen onderzoek naar verricht.			DEFL	H	De AR geeft expliciet aan dat zij hier geen onderzoek naar heeft verricht en levert geen inhoudelijk antwoord op de vraag. Dit is een klassiek DEFL-patroon.		
114	rekenkamer__kamerstuk:2020:06:10:beantwoording-vragen-tweede-kamer-over-de-resultaten-verantwoordingsonderzoek-2019-bij-het-ministerie-van-ocw	Beantwoording vragen Tweede Kamer over de Resultaten verantwoordingsonderzoek 2019 bij het Ministerie van OCW	https://www.rekenkamer.nl/binaries/rekenkamer/documenten/kamerstukken/2020/06/10/beantwoording-vragen-tweede-kamer-over-de-resultaten-verantwoordingsonderzoek-2019-bij-het-ministerie-van-ocw/Beantwoording+vragen+TK+Resultaten+verantwoordingsonderzoek+2019+min+OCW.pdf	2020-06-10	20004230 R	Beantwoording vragen Tweede Kamer over de Resultaten verantwoordingsonderzoek 2019 bij het Ministerie van Onderwijs, Cultuur en Wetenschap (VIII)	9 juni 2020	<UNKNOWN>	6	Hoe wordt de ophoging van 11,2 miljoen euro in de najaarsnota verklaard?	Voor het antwoord op deze vraag verwijzen wij naar de verantwoordelijke bewindspersoon.			DEFL	H	De AR verwijst expliciet naar de verantwoordelijke bewindspersoon zonder zelf inhoudelijk antwoord te geven. Dit is een klassiek DEFL-antwoord.		
114	rekenkamer__kamerstuk:2020:06:10:beantwoording-vragen-tweede-kamer-over-de-resultaten-verantwoordingsonderzoek-2019-bij-het-ministerie-van-ocw	Beantwoording vragen Tweede Kamer over de Resultaten verantwoordingsonderzoek 2019 bij het Ministerie van OCW	https://www.rekenkamer.nl/binaries/rekenkamer/documenten/kamerstukken/2020/06/10/beantwoording-vragen-tweede-kamer-over-de-resultaten-verantwoordingsonderzoek-2019-bij-het-ministerie-van-ocw/Beantwoording+vragen+TK+Resultaten+verantwoordingsonderzoek+2019+min+OCW.pdf	2020-06-10	20004230 R	Beantwoording vragen Tweede Kamer over de Resultaten verantwoordingsonderzoek 2019 bij het Ministerie van Onderwijs, Cultuur en Wetenschap (VIII)	9 juni 2020	<UNKNOWN>	7	Hoe wordt de ophoging van 13,2 miljoen euro in de tweede suppletoire begroting verklaard?	Voor het antwoord op deze vraag verwijzen wij naar de verantwoordelijke bewindspersoon.			DEFL	H	De AR verwijst expliciet naar de verantwoordelijke bewindspersoon zonder zelf inhoudelijk antwoord te geven. Dit is een klassiek DEFL-antwoord.		
114	rekenkamer__kamerstuk:2020:06:10:beantwoording-vragen-tweede-kamer-over-de-resultaten-verantwoordingsonderzoek-2019-bij-het-ministerie-van-ocw	Beantwoording vragen Tweede Kamer over de Resultaten verantwoordingsonderzoek 2019 bij het Ministerie van OCW	https://www.rekenkamer.nl/binaries/rekenkamer/documenten/kamerstukken/2020/06/10/beantwoording-vragen-tweede-kamer-over-de-resultaten-verantwoordingsonderzoek-2019-bij-het-ministerie-van-ocw/Beantwoording+vragen+TK+Resultaten+verantwoordingsonderzoek+2019+min+OCW.pdf	2020-06-10	20004230 R	Beantwoording vragen Tweede Kamer over de Resultaten verantwoordingsonderzoek 2019 bij het Ministerie van Onderwijs, Cultuur en Wetenschap (VIII)	9 juni 2020	<UNKNOWN>	9	Met welke vijf gemeenten heeft u gesprekken gevoerd?	Wij hebben de gemeenten die hebben meegewerkt aan ons onderzoek toegezegd dat hun deelname anoniem was en dat de naam van de gemeente niet zou worden genoemd in de rapportage over ons onderzoek. Wij hebben bij de selectie van de gemeenten rekening gehouden met een goede verdeling in omvang, stedelijkheid en ernst van de achterstandenproblematiek. Een en ander is toegelicht in bijlage 4 bij het rapport.			DEFL	H	De AR beantwoordt de vraag niet inhoudelijk: ze weigert de namen van de gemeenten te noemen vanwege toegezegde anonimiteit en verwijst naar een bijlage voor toelichting op de selectiecriteria. Er wordt geen substantieel antwoord op de gestelde vraag gegeven.		
116	rekenkamer__kamerstuk:2020:06:10:beantwoording-vragen-tweede-kamer-over-de-resultaten-verantwoordingsonderzoek-2019-bij-het-ministerie-van-vws	Beantwoording vragen Tweede Kamer over de Resultaten verantwoordingsonderzoek 2019 bij het Ministerie van VWS	https://www.rekenkamer.nl/binaries/rekenkamer/documenten/kamerstukken/2020/06/10/beantwoording-vragen-tweede-kamer-over-de-resultaten-verantwoordingsonderzoek-2019-bij-het-ministerie-van-vws/Beantwoording+vragen+TK+Resultaten+verantwoordingsonderzoek+2019+min+VWS.pdf	2020-06-10	20004292 R	Beantwoording vragen Tweede Kamer over de Resultaten verantwoordingsonderzoek 2019 bij het Ministerie van VWS	8 juni 2020	<UNKNOWN>	1	Kan de Algemene Rekenkamer aangeven hoe de verantwoording naar aanleiding van het project 'Waardig ouder worden' in het jaarverslag Ministerie van Volksgezondheid, Welzijn en Sport 2019, waarbij de verantwoording niet transparant is, verbeterd kan worden?	U vraagt hoe de verantwoording van het project 'Waardig ouder worden' in het jaarverslag Ministerie van Volksgezondheid, Welzijn en Sport 2019 verbeterd kan worden. Hier hebben wij in het kader van ons Verantwoordingsonderzoek 2019 geen onderzoek naar verricht.			DEFL	H	De AR geeft expliciet aan dat zij geen onderzoek heeft verricht naar dit onderwerp en beantwoordt de vraag daarmee niet substantieel. Dit is een klassiek DEFL-antwoord.		
116	rekenkamer__kamerstuk:2020:06:10:beantwoording-vragen-tweede-kamer-over-de-resultaten-verantwoordingsonderzoek-2019-bij-het-ministerie-van-vws	Beantwoording vragen Tweede Kamer over de Resultaten verantwoordingsonderzoek 2019 bij het Ministerie van VWS	https://www.rekenkamer.nl/binaries/rekenkamer/documenten/kamerstukken/2020/06/10/beantwoording-vragen-tweede-kamer-over-de-resultaten-verantwoordingsonderzoek-2019-bij-het-ministerie-van-vws/Beantwoording+vragen+TK+Resultaten+verantwoordingsonderzoek+2019+min+VWS.pdf	2020-06-10	20004292 R	Beantwoording vragen Tweede Kamer over de Resultaten verantwoordingsonderzoek 2019 bij het Ministerie van VWS	8 juni 2020	<UNKNOWN>	4	Klopt het dat bij het thema 'Leven met een beperking' in het jaarverslag er geen verantwoording is over de € 8 miljoen?	We hebben in het kader van ons Verantwoordingsonderzoek 2019 geen onderzoek verricht naar de verantwoording bij het thema 'Leven met een beperking'. Voor het antwoord op deze vraag verwijzen wij naar de verantwoordelijke bewindspersoon			DEFL	H	De AR geeft expliciet aan dat zij geen onderzoek heeft verricht naar dit thema en verwijst door naar de verantwoordelijke bewindspersoon. Er wordt geen inhoudelijk antwoord gegeven op de gestelde vraag.		
116	rekenkamer__kamerstuk:2020:06:10:beantwoording-vragen-tweede-kamer-over-de-resultaten-verantwoordingsonderzoek-2019-bij-het-ministerie-van-vws	Beantwoording vragen Tweede Kamer over de Resultaten verantwoordingsonderzoek 2019 bij het Ministerie van VWS	https://www.rekenkamer.nl/binaries/rekenkamer/documenten/kamerstukken/2020/06/10/beantwoording-vragen-tweede-kamer-over-de-resultaten-verantwoordingsonderzoek-2019-bij-het-ministerie-van-vws/Beantwoording+vragen+TK+Resultaten+verantwoordingsonderzoek+2019+min+VWS.pdf	2020-06-10	20004292 R	Beantwoording vragen Tweede Kamer over de Resultaten verantwoordingsonderzoek 2019 bij het Ministerie van VWS	8 juni 2020	<UNKNOWN>	6	Op welke wijze volgt de Algemene Rekenkamer de ontwikkelingen/uitgaven/beslissingen van de minister van VWS aangaande de aanpak van het coronavirus?	Het is de wettelijke taak van de Algemene Rekenkamer om te controleren of het Rijk belastinggeld zinnig, zuinig en zorgvuldig uitgeeft. Bij de aanpak van het coronavirus is veel belastinggeld uitgegeven, niet in de laatste plaats bij het ministerie van VWS. Wij zullen hier dan ook zeker onderzoek over publiceren in het komende jaar. Op onze website https://www.rekenkamer.nl/actueel/lopend-onderzoek wordt de onderzoeksagenda dagelijks bijgewerkt en kunt u zien welke onderzoeken dit (gaan) zijn. Vandaag, 8 juni 2020, zullen we een persbericht uitbrengen waarin we nieuwe onderzoeken op dit terrein aankondigen.			DEFL	H	De AR geeft geen inhoudelijk antwoord op de vraag hoe zij de ontwikkelingen volgt, maar verwijst naar toekomstig onderzoek, de eigen website en een nog uit te brengen persbericht. Er wordt geen substantiële bevinding, oordeel of aanbeveling geleverd.		
116	rekenkamer__kamerstuk:2020:06:10:beantwoording-vragen-tweede-kamer-over-de-resultaten-verantwoordingsonderzoek-2019-bij-het-ministerie-van-vws	Beantwoording vragen Tweede Kamer over de Resultaten verantwoordingsonderzoek 2019 bij het Ministerie van VWS	https://www.rekenkamer.nl/binaries/rekenkamer/documenten/kamerstukken/2020/06/10/beantwoording-vragen-tweede-kamer-over-de-resultaten-verantwoordingsonderzoek-2019-bij-het-ministerie-van-vws/Beantwoording+vragen+TK+Resultaten+verantwoordingsonderzoek+2019+min+VWS.pdf	2020-06-10	20004292 R	Beantwoording vragen Tweede Kamer over de Resultaten verantwoordingsonderzoek 2019 bij het Ministerie van VWS	8 juni 2020	<UNKNOWN>	10	Wat is het oordeel van de Algemene Rekenkamer over het feit dat een groter aandeel van de uitgaven aan de langdurige zorg gefinancierd zal worden met begrotingsgeld, ondanks dat de Wet langdurige zorg (Wlz) een premie gefinancieerde volksverzekering is?	U vraagt ons naar een oordeel over de toename van het aandeel begrotingsgeld in de financiering van de langdurige zorg. Hierover heeft de Algemene Rekenkamer geen oordeel. Het is aan het parlement om te beoordelen of dit wenselijk is. De Wet financiering sociale verzekeringen biedt de mogelijkheid voor een rijksbijdrage. In ons onderzoek hebben we vastgesteld dat de toename van het aandeel begrotingsgeld een gevolg is van de verwachtte stijging van de uitgaven aan langdurige zorg. Ook volgt deze toename uit de besluiten van het kabinet om het percentage van de Wlz-premie niet te verhogen en om het tekort van het Fonds langdurige zorg niet op te laten lopen.			DEFL	M	De AR geeft expliciet aan geen oordeel te hebben en verwijst naar het parlement ('Het is aan het parlement om te beoordelen of dit wenselijk is'). Hoewel er feitelijke/causale informatie wordt toegevoegd, is de kern van het antwoord dat de AR de vraag niet inhoudelijk beantwoordt: men deflecteert de oordeelsvraag. Toch bevat het antwoord ook feitelijke uitleg, wat het een grensgevalmet FEIT maakt. Prioriteitsregel: inhoud wint van deflectie, maar de gevraagde inhoud (oordeel) wordt niet geleverd; de bijgevoegde feiten zijn secundair.		
116	rekenkamer__kamerstuk:2020:06:10:beantwoording-vragen-tweede-kamer-over-de-resultaten-verantwoordingsonderzoek-2019-bij-het-ministerie-van-vws	Beantwoording vragen Tweede Kamer over de Resultaten verantwoordingsonderzoek 2019 bij het Ministerie van VWS	https://www.rekenkamer.nl/binaries/rekenkamer/documenten/kamerstukken/2020/06/10/beantwoording-vragen-tweede-kamer-over-de-resultaten-verantwoordingsonderzoek-2019-bij-het-ministerie-van-vws/Beantwoording+vragen+TK+Resultaten+verantwoordingsonderzoek+2019+min+VWS.pdf	2020-06-10	20004292 R	Beantwoording vragen Tweede Kamer over de Resultaten verantwoordingsonderzoek 2019 bij het Ministerie van VWS	8 juni 2020	<UNKNOWN>	11	Wat is het oordeel van de Algemene Rekenkamer over het feit dat het parlement niet de omvang van de begrotingsmiddelen bepaalt, geen directe zeggenschap heeft over de besteding ervan en dat er ook geen directe verantwoording aan het parlement wordt gegeven over de uitgaven aan de langdurige zorg?	U vraagt ons naar een oordeel over het ontbreken van directe betrokkenheid van het parlement bij de omvang van de begrotingsmiddelen voor de financiering van de langdurige zorg. Zoals in ons antwoord op vraag 10 is aangegeven hebben we hierover geen oordeel. We brengen in beeld wat de consequenties hiervan zijn voor de positie van het parlement. U vraagt ons ook naar een oordeel over het ontbreken van directe zeggenschap over de besteding en de verantwoording aan het parlement over de uitgaven aan de langdurige zorg. Ook dit is een keuze van de wetgever maar we rekenen het tot onze taak om voor het parlement inzichtelijk te maken wat hiervan de consequenties zijn. De uitgaven aan langdurige zorg vinden plaats buiten de rijksrekening en daarmee ook de verantwoording over deze uitgaven. Het parlement ontvangt wel een rapport van de NZa die als toezichthouder jaarlijks een rapportage aan het parlement stuurt over de rechtmatige en doelmatige besteding van de uitgaven aan langdurige zorg.			DEFL	M	De AR geeft expliciet aan geen oordeel te hebben over de voorgelegde kwestie ('hebben we hierover geen oordeel', 'ook dit is een keuze van de wetgever'). Ze beschrijft wel haar eigen rol (in beeld brengen van consequenties) en verwijst naar de NZa, maar beantwoordt de vraag naar een oordeel niet substantieel. Er is enige feitelijke informatie, maar het kernantwoord is deflectie.		
116	rekenkamer__kamerstuk:2020:06:10:beantwoording-vragen-tweede-kamer-over-de-resultaten-verantwoordingsonderzoek-2019-bij-het-ministerie-van-vws	Beantwoording vragen Tweede Kamer over de Resultaten verantwoordingsonderzoek 2019 bij het Ministerie van VWS	https://www.rekenkamer.nl/binaries/rekenkamer/documenten/kamerstukken/2020/06/10/beantwoording-vragen-tweede-kamer-over-de-resultaten-verantwoordingsonderzoek-2019-bij-het-ministerie-van-vws/Beantwoording+vragen+TK+Resultaten+verantwoordingsonderzoek+2019+min+VWS.pdf	2020-06-10	20004292 R	Beantwoording vragen Tweede Kamer over de Resultaten verantwoordingsonderzoek 2019 bij het Ministerie van VWS	8 juni 2020	<UNKNOWN>	13	De Algemene Rekenkamer noemt de financiële omvang van de onzekerheden en fouten in de rechtmatigheid groot, de tolerantiegrens wordt voor het derde jaar op rij overschreden; in dit verband wordt aan de Algemene Rekenkamer gevraagd of een overzicht gegeven kan worden van al haar controles tot nu toe op de jaarverslagen van het ministerie van VWS met daarin de financiële omvang van de onzekerheden en fouten in de rechtmatigheid en daarbij aangegeven of de Algemene Rekenkamer deze omvang groot, gemiddeld of klein vond?	Op de website van de Algemene Rekenkamer https://www.rekenkamer.nl/onderwerpen/verantwoordingsonderzoek vindt u onze rapporten over 2011 tot en met 2019 met daarin opgenomen de financiële omvang van de fouten en de onzekerheden in de rechtmatigheid. Hierin is tevens opgenomen welke (ernstige) onvolkomenheden wij de afgelopen jaren hebben geconstateerd.			DEFL	H	De AR geeft geen inhoudelijk overzicht van de gevraagde financiële omvang en kwalificaties, maar verwijst de vraagsteller door naar de eigen website voor de rapporten. Er wordt geen substantieel antwoord op de vraag gegeven.		
116	rekenkamer__kamerstuk:2020:06:10:beantwoording-vragen-tweede-kamer-over-de-resultaten-verantwoordingsonderzoek-2019-bij-het-ministerie-van-vws	Beantwoording vragen Tweede Kamer over de Resultaten verantwoordingsonderzoek 2019 bij het Ministerie van VWS	https://www.rekenkamer.nl/binaries/rekenkamer/documenten/kamerstukken/2020/06/10/beantwoording-vragen-tweede-kamer-over-de-resultaten-verantwoordingsonderzoek-2019-bij-het-ministerie-van-vws/Beantwoording+vragen+TK+Resultaten+verantwoordingsonderzoek+2019+min+VWS.pdf	2020-06-10	20004292 R	Beantwoording vragen Tweede Kamer over de Resultaten verantwoordingsonderzoek 2019 bij het Ministerie van VWS	8 juni 2020	<UNKNOWN>	20	Waarom zijn geen operationele doelen gesteld aan de opschaling van e-health in de ouderenzorg?	Voor het antwoord op deze vraag verwijzen wij u naar de verantwoordelijke bewindspersonen.			DEFL	H	De AR verwijst expliciet naar de verantwoordelijke bewindspersonen zonder zelf inhoudelijk antwoord te geven. Dit is een klassiek DEFL-antwoord.		
116	rekenkamer__kamerstuk:2020:06:10:beantwoording-vragen-tweede-kamer-over-de-resultaten-verantwoordingsonderzoek-2019-bij-het-ministerie-van-vws	Beantwoording vragen Tweede Kamer over de Resultaten verantwoordingsonderzoek 2019 bij het Ministerie van VWS	https://www.rekenkamer.nl/binaries/rekenkamer/documenten/kamerstukken/2020/06/10/beantwoording-vragen-tweede-kamer-over-de-resultaten-verantwoordingsonderzoek-2019-bij-het-ministerie-van-vws/Beantwoording+vragen+TK+Resultaten+verantwoordingsonderzoek+2019+min+VWS.pdf	2020-06-10	20004292 R	Beantwoording vragen Tweede Kamer over de Resultaten verantwoordingsonderzoek 2019 bij het Ministerie van VWS	8 juni 2020	<UNKNOWN>	23	Van hoeveel instellingen is hier sprake en lopen zij een risico als aan de zijde van het ministerie van VWS de rechtmatigheid niet op orde is?	U vraagt naar het aantal instellingen en of zij een risico lopen als bij het Ministerie van VWS de rechtmatigheid op het terrein van staatssteun niet op orde is. Wij hebben geen specifiek onderzoek verricht naar het aantal instellingen. De Europese Commissie heeft het recht om te bepalen of er sprake is van ongeoorloofde staatssteun. Als de Europese Commissie vaststelt dat sprake is van ongeoorloofde staatssteun, moet het volledige voordeel bij de instellingen worden teruggevorderd, mogelijk met een boete en/of dwangsom.			DEFL	M	De AR geeft aan het aantal instellingen niet specifiek onderzocht te hebben en verwijst voor de beoordeling van staatssteun naar de Europese Commissie. Het feitelijke deel over terugvordering is algemene achtergrondinformatie en beantwoordt de vraag niet substantieel. Inhoudelijk wordt de vraag niet beantwoord, wat DEFL oplevert.		
117	rekenkamer__kamerstuk:2020:06:10:beantwoording-vragen-tweede-kamer-over-de-resultaten-verantwoordingsonderzoek-2019-de-staat-van-de-rijksverantwoording-2019	Beantwoording vragen Tweede Kamer over de Resultaten verantwoordingsonderzoek 2019: de Staat van de rijksverantwoording 2019	https://www.rekenkamer.nl/binaries/rekenkamer/documenten/kamerstukken/2020/06/10/beantwoording-vragen-tweede-kamer-over-de-resultaten-verantwoordingsonderzoek-2019-de-staat-van-de-rijksverantwoording-2019/Beantwoording+vragen+Tweede+Kamer+over+de+Staat+van+de+rijksverantwoording+2019.pdf	2020-06-10	20004231 R	Beantwoording vragen Tweede Kamer over de Staat van de rijksverantwoording 2019	10 juni 2020	2019-2020	1	Kan nader ingegaan worden op de conclusies van de RSV-enquête?	Voor deze conclusies en aanbevelingen verwijzen wij naar ons rapport Financiële relaties met grote ondernemingen uit 1996 (Tweede Kamer, vergaderjaar 1996-1997, 25 080, nr. 2). De conclusies met betrekking tot RSV zijn vastgelegd door de parlementaire enquête commissie (Tweede Kamer, vergaderjaar 1984-1985, 17 817, nr. 16). Wij zijn van plan om deze en aanverwante lessen naar steun aan bedrijven in een brief aan de Tweede Kamer op een rij te zetten.		25 080, nr. 2: Financiële relaties met grote ondernemingen | 17 817, nr. 16: Parlementaire enquête RSV	DEFL	H	De AR geeft geen inhoudelijk antwoord op de vraag maar verwijst naar een eerder rapport uit 1996 en naar het verslag van de parlementaire enquêtecommissie, en kondigt een toekomstige brief aan. Er wordt geen substantiële inhoud over de conclusies van de RSV-enquête geleverd.		
117	rekenkamer__kamerstuk:2020:06:10:beantwoording-vragen-tweede-kamer-over-de-resultaten-verantwoordingsonderzoek-2019-de-staat-van-de-rijksverantwoording-2019	Beantwoording vragen Tweede Kamer over de Resultaten verantwoordingsonderzoek 2019: de Staat van de rijksverantwoording 2019	https://www.rekenkamer.nl/binaries/rekenkamer/documenten/kamerstukken/2020/06/10/beantwoording-vragen-tweede-kamer-over-de-resultaten-verantwoordingsonderzoek-2019-de-staat-van-de-rijksverantwoording-2019/Beantwoording+vragen+Tweede+Kamer+over+de+Staat+van+de+rijksverantwoording+2019.pdf	2020-06-10	20004231 R	Beantwoording vragen Tweede Kamer over de Staat van de rijksverantwoording 2019	10 juni 2020	2019-2020	2	Op welke manier was er in de jaren '90 onvoldoende geleerd van de lessen volgend uit de reddingsoperaties richting RSV?	Voor deze conclusies en aanbevelingen verwijzen wij naar ons rapport Financiële relaties met grote ondernemingen uit 1996 (Tweede Kamer, vergaderjaar 1996-1997, 25 080, nr. 2). De conclusies met betrekking tot RSV zijn vastgelegd door de parlementaire enquête commissie (Tweede Kamer, vergaderjaar 1984-1985, 17 817, nr. 16). Wij zijn van plan om deze en aanverwante lessen naar steun aan bedrijven in een brief aan de Tweede Kamer op een rij te zetten.		25 080, nr. 2: Financiële relaties met grote ondernemingen | 17 817, nr. 16: Parlementaire enquête RSV	DEFL	H	De AR beantwoordt de vraag niet inhoudelijk maar verwijst naar eerdere rapporten en kondigt een toekomstige brief aan. Er wordt geen substantiële inhoud over de lessen uit de RSV-reddingsoperaties gegeven.		
117	rekenkamer__kamerstuk:2020:06:10:beantwoording-vragen-tweede-kamer-over-de-resultaten-verantwoordingsonderzoek-2019-de-staat-van-de-rijksverantwoording-2019	Beantwoording vragen Tweede Kamer over de Resultaten verantwoordingsonderzoek 2019: de Staat van de rijksverantwoording 2019	https://www.rekenkamer.nl/binaries/rekenkamer/documenten/kamerstukken/2020/06/10/beantwoording-vragen-tweede-kamer-over-de-resultaten-verantwoordingsonderzoek-2019-de-staat-van-de-rijksverantwoording-2019/Beantwoording+vragen+Tweede+Kamer+over+de+Staat+van+de+rijksverantwoording+2019.pdf	2020-06-10	20004231 R	Beantwoording vragen Tweede Kamer over de Staat van de rijksverantwoording 2019	10 juni 2020	2019-2020	3	Op welke manier schoot de informatievoorziening richting de Kamer tekort tijdens reddingsoperaties aan banken in de financiële crisis van 2008-2012?	Het onderzoek door de parlementaire commissie-De Wit gaat hier nader op in en doet aanbevelingen in haar eindrapport (Tweede Kamer, vergaderjaar 2011-2012, TK 31 980, nr. 61).		31 980, nr. 61: Parlementaire commissie-De Wit eindrapport	DEFL	H	De AR geeft geen inhoudelijk antwoord op de vraag maar verwijst door naar het rapport van de parlementaire commissie-De Wit. Er is geen eigen bevinding, oordeel of aanbeveling opgenomen.		
117	rekenkamer__kamerstuk:2020:06:10:beantwoording-vragen-tweede-kamer-over-de-resultaten-verantwoordingsonderzoek-2019-de-staat-van-de-rijksverantwoording-2019	Beantwoording vragen Tweede Kamer over de Resultaten verantwoordingsonderzoek 2019: de Staat van de rijksverantwoording 2019	https://www.rekenkamer.nl/binaries/rekenkamer/documenten/kamerstukken/2020/06/10/beantwoording-vragen-tweede-kamer-over-de-resultaten-verantwoordingsonderzoek-2019-de-staat-van-de-rijksverantwoording-2019/Beantwoording+vragen+Tweede+Kamer+over+de+Staat+van+de+rijksverantwoording+2019.pdf	2020-06-10	20004231 R	Beantwoording vragen Tweede Kamer over de Staat van de rijksverantwoording 2019	10 juni 2020	2019-2020	4	Op welke manier is de verantwoording geregeld van instanties die beleid uitvoeren richting de beleidsverantwoordelijke bewindspersoon?	De manier van verantwoording over het uitgevoerde beleid door instellingen op afstand richting de beleidsverantwoordelijke bewindspersoon verschilt per soort organisatie en is mede afhankelijk van de organisatievorm van de betreffende organisatie (agentschap, zelfstandig bestuursorgaan, etc.). Mede daarom kan deze algemene vraag in het kader van ons verantwoordingsonderzoek niet specifiek beantwoord worden. Het is vooral van belang dat het parlement bij de oprichting van dergelijke organisaties let op de vormgeving van sturing en verantwoording. De Algemene Rekenkamer heeft hier een adviserende rol. Zie ook onze publicatie Verantwoording en toezicht bij organisaties op afstand van het Rijk : achtergronddocument 2012.			DEFL	M	De AR geeft aan dat de vraag niet specifiek beantwoord kan worden vanwege de diversiteit aan organisatievormen en verwijst naar een eerdere publicatie. Er zit een licht adviserende opmerking in ('het is vooral van belang dat het parlement let op...'), maar het kernantwoord is dat de AR de vraag niet inhoudelijk beantwoordt. Omdat de adviserende opmerking zeer algemeen is en niet de hoofdlijn vormt, weegt DEFL zwaarder, hoewel ADV een alternatief zou kunnen zijn.		
117	rekenkamer__kamerstuk:2020:06:10:beantwoording-vragen-tweede-kamer-over-de-resultaten-verantwoordingsonderzoek-2019-de-staat-van-de-rijksverantwoording-2019	Beantwoording vragen Tweede Kamer over de Resultaten verantwoordingsonderzoek 2019: de Staat van de rijksverantwoording 2019	https://www.rekenkamer.nl/binaries/rekenkamer/documenten/kamerstukken/2020/06/10/beantwoording-vragen-tweede-kamer-over-de-resultaten-verantwoordingsonderzoek-2019-de-staat-van-de-rijksverantwoording-2019/Beantwoording+vragen+Tweede+Kamer+over+de+Staat+van+de+rijksverantwoording+2019.pdf	2020-06-10	20004231 R	Beantwoording vragen Tweede Kamer over de Staat van de rijksverantwoording 2019	10 juni 2020	2019-2020	11	Wat zijn de juridische gevolgen van schade als gevolg van onvolkomenheden in de informatiebeveiliging? Is de Staat daarvoor aansprakelijk en schadeplichtig? Is het strafrecht hierop van toepassing?	Deze vraag valt vanwege het juridische gehalte buiten het bereik van het verantwoordingsonderzoek van de Algemene Rekenkamer. De Kamer zou hierover bijvoorbeeld nader advies bij de Landsadvocaat of de Raad van State kunnen inwinnen.			DEFL	H	De AR beantwoordt de vraag niet inhoudelijk en geeft expliciet aan dat deze buiten het bereik van haar onderzoek valt. Ze verwijst door naar andere instanties (Landsadvocaat, Raad van State). Dit is een klassiek DEFL-antwoord.		
120	rekenkamer__kamerstuk:2021:06:08:beantwoording-vragen-tweede-kamer-over-de-resultaten-verantwoordingsonderzoek-2020-bij-het-ministerie-van-bzkk	Beantwoording vragen Tweede Kamer over de Resultaten verantwoordingsonderzoek 2020 bij het Ministerie van BZK	https://www.rekenkamer.nl/binaries/rekenkamer/documenten/kamerstukken/2021/06/08/beantwoording-vragen-tweede-kamer-over-de-resultaten-verantwoordingsonderzoek-2020-bij-het-ministerie-van-bzkk/Beantwoording+Kamervragen+VO+BZK+VII+2020.pdf	2021-06-08	21003862 R	Beantwoording vragen Tweede Kamer over de Resultaten verantwoordingsonderzoek 2020 bij het Ministerie van Binnenlandse Zaken en Koninkrijksrelaties (VII)	8 juni 2021	2020	1	Hoeveel budget was er per woning beschikbaar uit de klimaatenvelop in de 27 proeftuinwijken?	"Het is volgens de Algemene Rekenkamer aan de minister van BZK om deze vraag te beantwoorden, omdat wij dat niet hebben onderzocht. Wel geven we uw Kamer hierover graag het volgende mee: in ons rapport van vorig jaar: 'Resultaten verantwoordingsonderzoek 2019 bij het Ministerie van BZK (VII)' stelden wij over de bijdrage uit de klimaatenvelop ten behoeve van de eerste 27 proeftuinwijken het volgende: ""In de periode 2018-2019 is circa € 150 miljoen besteed aan het programma. Hiervan is € 126 miljoen via decentralisatie-uitkeringen uitgekeerd aan gemeenten. Het grootste deel hiervan is door de minister van BZK bedoeld voor de bekostiging van de proeftuinen. In het kader van de wijkaanpak heeft de minister daarnaast € 11 miljoen aan deelnemende gemeenten verstrekt voor het opstellen van de plannen voor het aardgasvrij maken van wijken."" Voorts verwijzen wij naar antwoorden van de minister van BZK op Kamervragen bij het Jaarverslag en slotwet van het Ministerie van Binnenlandse Zaken en Koninkrijksrelaties 2019 (d.d. 10 juni 2020): ""In het bestedingsplan is zowel de leerdoelstelling van het Programma Aardgasvrije Wijken (PAW) opgenomen als het aantal woningen dat aardgasvrij zou worden gemaakt. Het bestedingsplan is niet aan de Kamer gestuurd, omdat dit plan uitsluitend diende ter onderbouwing om de gereserveerde middelen vrij te geven. Hierdoor is er in het bestedingsplan nadruk gelegd op het aantal te realiseren aardgasvrije woningen en andere gebouwen. In het bestedingsplan is hierbij uitgegaan van een gemiddelde bijdrage per woning van € 7.600."""		Jaarverslag en slotwet 2019: Ministerie van Binnenlandse Zaken en Koninkrijksrelaties	DEFL	M	Het antwoord begint expliciet met 'het is aan de minister van BZK om deze vraag te beantwoorden, omdat wij dat niet hebben onderzocht'. Hoewel de AR aanvullend feitelijke informatie uit eerdere rapporten en Kamerstukken citeert, beantwoordt zij de gestelde vraag niet zelf maar verwijst primair naar de minister. De feitelijke informatie is echter substantieel (€ 7.600 per woning), wat een alternatief label FEIT plausibel maakt, maar de AR neemt expliciet afstand van het beantwoorden.		
120	rekenkamer__kamerstuk:2021:06:08:beantwoording-vragen-tweede-kamer-over-de-resultaten-verantwoordingsonderzoek-2020-bij-het-ministerie-van-bzkk	Beantwoording vragen Tweede Kamer over de Resultaten verantwoordingsonderzoek 2020 bij het Ministerie van BZK	https://www.rekenkamer.nl/binaries/rekenkamer/documenten/kamerstukken/2021/06/08/beantwoording-vragen-tweede-kamer-over-de-resultaten-verantwoordingsonderzoek-2020-bij-het-ministerie-van-bzkk/Beantwoording+Kamervragen+VO+BZK+VII+2020.pdf	2021-06-08	21003862 R	Beantwoording vragen Tweede Kamer over de Resultaten verantwoordingsonderzoek 2020 bij het Ministerie van Binnenlandse Zaken en Koninkrijksrelaties (VII)	8 juni 2021	2020	2	Kan per project van het programma aardgasvrije wijken worden weergeven hoeveel de verwachte kosten zijn voor het Rijk, de gemeente en bewoners en hoeveel de verwachte CO2-besparing is?	Antwoord op vragen 2 t/m 6: hier hebben wij in het kader van ons verantwoordingsonderzoek 2020 geen onderzoek naar verricht. Wel verwijzen we u graag naar de Kamerbrief van de minister van BZK (d.d. 7 mei 2021, met kenmerk 2021-0000223552), die dit onderwerp raakt.			DEFL	H	De AR geeft expliciet aan geen onderzoek te hebben verricht naar dit onderwerp en verwijst door naar een Kamerbrief van de minister. Er wordt geen substantiële inhoud geleverd.		
120	rekenkamer__kamerstuk:2021:06:08:beantwoording-vragen-tweede-kamer-over-de-resultaten-verantwoordingsonderzoek-2020-bij-het-ministerie-van-bzkk	Beantwoording vragen Tweede Kamer over de Resultaten verantwoordingsonderzoek 2020 bij het Ministerie van BZK	https://www.rekenkamer.nl/binaries/rekenkamer/documenten/kamerstukken/2021/06/08/beantwoording-vragen-tweede-kamer-over-de-resultaten-verantwoordingsonderzoek-2020-bij-het-ministerie-van-bzkk/Beantwoording+Kamervragen+VO+BZK+VII+2020.pdf	2021-06-08	21003862 R	Beantwoording vragen Tweede Kamer over de Resultaten verantwoordingsonderzoek 2020 bij het Ministerie van Binnenlandse Zaken en Koninkrijksrelaties (VII)	8 juni 2021	2020	7	Wat verklaart de oplopende trend van de uitgaven aan de huurtoeslag?	Antwoord op vragen 7 t/m 10: hier hebben wij in het kader van ons verantwoordingsonderzoek 2020 geen onderzoek naar verricht.			DEFL	H	De AR geeft expliciet aan dat zij geen onderzoek naar dit onderwerp heeft verricht en levert geen inhoudelijk antwoord op de vraag. Dit is een klassiek DEFL-antwoord.		
120	rekenkamer__kamerstuk:2021:06:08:beantwoording-vragen-tweede-kamer-over-de-resultaten-verantwoordingsonderzoek-2020-bij-het-ministerie-van-bzkk	Beantwoording vragen Tweede Kamer over de Resultaten verantwoordingsonderzoek 2020 bij het Ministerie van BZK	https://www.rekenkamer.nl/binaries/rekenkamer/documenten/kamerstukken/2021/06/08/beantwoording-vragen-tweede-kamer-over-de-resultaten-verantwoordingsonderzoek-2020-bij-het-ministerie-van-bzkk/Beantwoording+Kamervragen+VO+BZK+VII+2020.pdf	2021-06-08	21003862 R	Beantwoording vragen Tweede Kamer over de Resultaten verantwoordingsonderzoek 2020 bij het Ministerie van Binnenlandse Zaken en Koninkrijksrelaties (VII)	8 juni 2021	2020	11	Hoeveel lopende contracten heeft NCG overgenomen van de NAM en CVW?	Antwoord op vragen 11 en 12: het is volgens ons aan de minister van BZK om deze vraag te beantwoorden, dit exacte aantal is ons niet bekend.			DEFL	H	De AR geeft aan dat het exacte aantal niet bekend is en verwijst naar de minister van BZK voor beantwoording. Er wordt geen inhoudelijk antwoord gegeven op de vraag.		
120	rekenkamer__kamerstuk:2021:06:08:beantwoording-vragen-tweede-kamer-over-de-resultaten-verantwoordingsonderzoek-2020-bij-het-ministerie-van-bzkk	Beantwoording vragen Tweede Kamer over de Resultaten verantwoordingsonderzoek 2020 bij het Ministerie van BZK	https://www.rekenkamer.nl/binaries/rekenkamer/documenten/kamerstukken/2021/06/08/beantwoording-vragen-tweede-kamer-over-de-resultaten-verantwoordingsonderzoek-2020-bij-het-ministerie-van-bzkk/Beantwoording+Kamervragen+VO+BZK+VII+2020.pdf	2021-06-08	21003862 R	Beantwoording vragen Tweede Kamer over de Resultaten verantwoordingsonderzoek 2020 bij het Ministerie van Binnenlandse Zaken en Koninkrijksrelaties (VII)	8 juni 2021	2020	13	Hoeveel vertraging in de versterkingsoperatie is er voorkomen doordat de minister onrechtmatige verplichtingen is aangegaan? Dus hoeveel woningen zijn er nu wel versterkt, die anders niet waren versterkt?	Wij hebben geen specifiek onderzoek verricht naar de in de vraag veronderstelde relatie tussen de onrechtmatige verplichtingen en de versterkte woningen.			DEFL	H	De AR geeft expliciet aan dat zij geen onderzoek hebben verricht naar de gevraagde relatie en biedt geen inhoudelijk antwoord. Dit is een klassiek geval van DEFL: 'dit hebben wij niet onderzocht'.		
120	rekenkamer__kamerstuk:2021:06:08:beantwoording-vragen-tweede-kamer-over-de-resultaten-verantwoordingsonderzoek-2020-bij-het-ministerie-van-bzkk	Beantwoording vragen Tweede Kamer over de Resultaten verantwoordingsonderzoek 2020 bij het Ministerie van BZK	https://www.rekenkamer.nl/binaries/rekenkamer/documenten/kamerstukken/2021/06/08/beantwoording-vragen-tweede-kamer-over-de-resultaten-verantwoordingsonderzoek-2020-bij-het-ministerie-van-bzkk/Beantwoording+Kamervragen+VO+BZK+VII+2020.pdf	2021-06-08	21003862 R	Beantwoording vragen Tweede Kamer over de Resultaten verantwoordingsonderzoek 2020 bij het Ministerie van Binnenlandse Zaken en Koninkrijksrelaties (VII)	8 juni 2021	2020	16	Welke maatregelen zijn er voor nodig om van NCG ook een zbo te maken?	U vraagt naar de maatregelen die nodig zijn om van de NCG, net als de IMG, ook een zbo te maken. Wij hebben hier geen specifiek onderzoek naar verricht. In algemene zin geldt dat bij de vorming van een zbo overheidstaken en/of –bevoegdheden bij of krachtens wet worden gelegd bij een orgaan dat niet hiërarchisch ondergeschikt is aan de minister. De uitvoering komt hiermee dus op afstand te staan van de minister. Dit heeft ook gevolgen voor de mate waarin uw Kamer de minister nog kan aanspreken op het handelen van dat orgaan en op de interventiemogelijkheden die de minister nog heeft. Het is aan de wetgever om de wenselijkheid van een dergelijke keuze te bepalen.			DEFL	H	De AR geeft expliciet aan geen specifiek onderzoek te hebben verricht en verwijst voor de beoordeling van wenselijkheid naar de wetgever. De algemene toelichting over wat een zbo inhoudt is contextuele uitleg maar geen substantieel antwoord op de vraag welke maatregelen nodig zijn.		
120	rekenkamer__kamerstuk:2021:06:08:beantwoording-vragen-tweede-kamer-over-de-resultaten-verantwoordingsonderzoek-2020-bij-het-ministerie-van-bzkk	Beantwoording vragen Tweede Kamer over de Resultaten verantwoordingsonderzoek 2020 bij het Ministerie van BZK	https://www.rekenkamer.nl/binaries/rekenkamer/documenten/kamerstukken/2021/06/08/beantwoording-vragen-tweede-kamer-over-de-resultaten-verantwoordingsonderzoek-2020-bij-het-ministerie-van-bzkk/Beantwoording+Kamervragen+VO+BZK+VII+2020.pdf	2021-06-08	21003862 R	Beantwoording vragen Tweede Kamer over de Resultaten verantwoordingsonderzoek 2020 bij het Ministerie van Binnenlandse Zaken en Koninkrijksrelaties (VII)	8 juni 2021	2020	17	Hoeveel geld is er uitgegeven voor het Programma Reductie Energiebesparing (PRE). Hoeveel CO2 is er in totaal bespaard met dit programma? Hoeveel CO2 besparing is er geweest per euro?	Antwoord op vragen 17 t/m 22: hier hebben wij in het kader van ons verantwoordingsonderzoek 2020 geen onderzoek naar verricht.			DEFL	H	De AR geeft expliciet aan geen onderzoek te hebben verricht naar dit onderwerp en levert geen inhoudelijk antwoord. Dit is een klassiek DEFL-antwoord.		
121	rekenkamer__kamerstuk:2021:06:08:beantwoording-vragen-tweede-kamer-over-de-resultaten-verantwoordingsonderzoek-2020-bij-het-ministerie-van-defensie	Beantwoording vragen Tweede Kamer over de Resultaten verantwoordingsonderzoek 2020 bij het Ministerie van Defensie	https://www.rekenkamer.nl/binaries/rekenkamer/documenten/kamerstukken/2021/06/08/beantwoording-vragen-tweede-kamer-over-de-resultaten-verantwoordingsonderzoek-2020-bij-het-ministerie-van-defensie/Beantwoording+Kamervragen+VO+2020+Defensie.pdf	2021-06-08	21003847 R	Beantwoording vragen Tweede Kamer over de Resultaten verantwoordingsonderzoek 2020 bij het Ministerie van Defensie (X)	8 juni 2021	<UNKNOWN>	1	Hoe verklaart u dat het jaarlijks te besteden budget beschikbaar voor investeringen niet volledig wordt besteed? Is dit de bedrijfsvoering? Wat precies in de bedrijfsvoering bemoeilijkt dat?	U vraagt naar een verklaring dat het jaarlijks te besteden budget voor investeringen niet volledig wordt besteed. Hier hebben wij in het kader van het Verantwoordingsonderzoek 2020 geen onderzoek naar verricht. Het is volgens ons aan de minister van Defensie om deze vraag te beantwoorden.			DEFL	H	De AR geeft expliciet aan geen onderzoek te hebben verricht naar dit onderwerp en verwijst door naar de minister van Defensie. Er wordt geen inhoudelijk antwoord gegeven.		
121	rekenkamer__kamerstuk:2021:06:08:beantwoording-vragen-tweede-kamer-over-de-resultaten-verantwoordingsonderzoek-2020-bij-het-ministerie-van-defensie	Beantwoording vragen Tweede Kamer over de Resultaten verantwoordingsonderzoek 2020 bij het Ministerie van Defensie	https://www.rekenkamer.nl/binaries/rekenkamer/documenten/kamerstukken/2021/06/08/beantwoording-vragen-tweede-kamer-over-de-resultaten-verantwoordingsonderzoek-2020-bij-het-ministerie-van-defensie/Beantwoording+Kamervragen+VO+2020+Defensie.pdf	2021-06-08	21003847 R	Beantwoording vragen Tweede Kamer over de Resultaten verantwoordingsonderzoek 2020 bij het Ministerie van Defensie (X)	8 juni 2021	<UNKNOWN>	2	Veroorzaakt de onbalans tussen de hoge investeringsquote en het relatief lage defensiebudget knelpunten in de exploitatie en de operationele gereedheid? Zo ja, hoe wordt deze onbalans opgelost?	U vraagt of de hoge investeringsquote leidt tot knelpunten in de exploitatie en de operationele gereedheid. Dat hebben wij niet onderzocht. Het is ons dus niet bekend of dat leidt tot onbalans. Voor vragen hierover en de wijze waarop een eventuele onbalans wordt opgelost verwijzen wij u naar de minister van Defensie.			DEFL	H	De AR geeft expliciet aan dit niet te hebben onderzocht en verwijst voor beantwoording naar de minister van Defensie. Er wordt geen substantiële inhoud geleverd.		
121	rekenkamer__kamerstuk:2021:06:08:beantwoording-vragen-tweede-kamer-over-de-resultaten-verantwoordingsonderzoek-2020-bij-het-ministerie-van-defensie	Beantwoording vragen Tweede Kamer over de Resultaten verantwoordingsonderzoek 2020 bij het Ministerie van Defensie	https://www.rekenkamer.nl/binaries/rekenkamer/documenten/kamerstukken/2021/06/08/beantwoording-vragen-tweede-kamer-over-de-resultaten-verantwoordingsonderzoek-2020-bij-het-ministerie-van-defensie/Beantwoording+Kamervragen+VO+2020+Defensie.pdf	2021-06-08	21003847 R	Beantwoording vragen Tweede Kamer over de Resultaten verantwoordingsonderzoek 2020 bij het Ministerie van Defensie (X)	8 juni 2021	<UNKNOWN>	3	Ontvangt Defensie financiële compensatie voor haar bijdrage aan de coronabestrijding met 35.500 mensdagen?	U vraagt naar welke compensatie het Ministerie van Defensie heeft ontvangen voor haar bijdrage aan de coronabestrijding. Voor het antwoord op deze vraag verwijzen wij u naar de verantwoordelijke bewindspersonen. Overigens geeft de minister in haar Jaarverslag en Slotwet van het Ministerie van Defensie 2020 (kamerstuk 35 830 nr. 1, bijlage 7) aan: 'Uit de verantwoording van de COVID-19 gelden blijkt dat van de toegewezen € 60,0 miljoen in 2020 € 42,6 miljoen gerealiseerd is en het restant in 2021 is of wordt betaald.'		35 830 nr. 1: Jaarverslag en Slotwet van het Ministerie van Defensie 2020, bijlage 7	DEFL	M	De AR verwijst expliciet naar de verantwoordelijke bewindspersonen voor het antwoord op de vraag ('verwijzen wij u naar de verantwoordelijke bewindspersonen'). De aanvullende citatie uit het Jaarverslag is feitelijke context maar vormt geen eigen inhoudelijk antwoord van de AR. Het zwaartepunt ligt bij de deflectie, maar de feitelijke aanvulling maakt de zekerheid M.		
121	rekenkamer__kamerstuk:2021:06:08:beantwoording-vragen-tweede-kamer-over-de-resultaten-verantwoordingsonderzoek-2020-bij-het-ministerie-van-defensie	Beantwoording vragen Tweede Kamer over de Resultaten verantwoordingsonderzoek 2020 bij het Ministerie van Defensie	https://www.rekenkamer.nl/binaries/rekenkamer/documenten/kamerstukken/2021/06/08/beantwoording-vragen-tweede-kamer-over-de-resultaten-verantwoordingsonderzoek-2020-bij-het-ministerie-van-defensie/Beantwoording+Kamervragen+VO+2020+Defensie.pdf	2021-06-08	21003847 R	Beantwoording vragen Tweede Kamer over de Resultaten verantwoordingsonderzoek 2020 bij het Ministerie van Defensie (X)	8 juni 2021	<UNKNOWN>	4	Hoe verklaart u dat Defensie in 3 uitzonderingssituaties is afgeweken van de aanbestedingswet- en regelgeving?	U vraagt naar een verklaring waarom het ministerie is afgeweken van de aanbestedingswet en regelgeving. Wij hebben geen nader onderzoek verricht naar oorzaken van de uitzonderingen. We hebben enkel getoetst of de juiste procedure is toegepast. Het is volgens ons aan de minister van Defensie om deze vraag te beantwoorden			DEFL	H	De AR geeft expliciet aan geen nader onderzoek te hebben verricht naar de oorzaken en verwijst de vraag door naar de minister van Defensie. Er wordt geen substantieel inhoudelijk antwoord gegeven.		
121	rekenkamer__kamerstuk:2021:06:08:beantwoording-vragen-tweede-kamer-over-de-resultaten-verantwoordingsonderzoek-2020-bij-het-ministerie-van-defensie	Beantwoording vragen Tweede Kamer over de Resultaten verantwoordingsonderzoek 2020 bij het Ministerie van Defensie	https://www.rekenkamer.nl/binaries/rekenkamer/documenten/kamerstukken/2021/06/08/beantwoording-vragen-tweede-kamer-over-de-resultaten-verantwoordingsonderzoek-2020-bij-het-ministerie-van-defensie/Beantwoording+Kamervragen+VO+2020+Defensie.pdf	2021-06-08	21003847 R	Beantwoording vragen Tweede Kamer over de Resultaten verantwoordingsonderzoek 2020 bij het Ministerie van Defensie (X)	8 juni 2021	<UNKNOWN>	11	"De Algemene Rekenkamer beveelt aan de staat van inzetbepalende voorraden, zoals munitie, mee te nemen in het vaststellen van de operationele gereedheid. Bij brief van 21 mei 2021 stelt de staatssecretaris: ""Voor de eerste hoofdtaak heeft Defensie momenteel onvoldoende (munitie-)voorraden."" Houdt dit in dat Defensie de komende jaren niet (voldoende) in staat is het Nederlandse grondgebied te verdedigen?"	"U vraagt of het gebrek aan munitie inhoudt dat Defensie de komende jaren niet (voldoende) in staat is het Nederlandse grondgebied te verdedigen. In haar reactie op het verantwoordingsonderzoek (hoofdstuk 6.1 in het rapport), schrijft de minister: ""Defensie kent tekorten in de investerings-en exploitatie budgetten voor Grootmaterieel, IT en Vastgoed. [...] Defensie kan daarom haar grondwettelijke taken onvoldoende uitvoeren en daarmee is de veiligheid van het Koninkrijk en die van onze partners en bondgenoten onvoldoende gegarandeerd."" Het aanvullen van de munitievoorraden komt ten laste van het investeringsbudget. Of het beleid van de minister er toe leidt dat Defensie (voldoende) in staat is het Nederlandse grondgebied te verdedigen is aan de minister om te beantwoorden. Het is mede afhankelijk van hoe de dreiging zich manifesteert, maar dat is door ons niet onderzocht."			DEFL	H	De AR citeert de minister en geeft vervolgens expliciet aan dat de vraag aan de minister is om te beantwoorden en dat zij dit niet hebben onderzocht. Er wordt geen eigen inhoudelijk oordeel, verklaring of aanbeveling gegeven; het antwoord is een doorverwijzing.		
121	rekenkamer__kamerstuk:2021:06:08:beantwoording-vragen-tweede-kamer-over-de-resultaten-verantwoordingsonderzoek-2020-bij-het-ministerie-van-defensie	Beantwoording vragen Tweede Kamer over de Resultaten verantwoordingsonderzoek 2020 bij het Ministerie van Defensie	https://www.rekenkamer.nl/binaries/rekenkamer/documenten/kamerstukken/2021/06/08/beantwoording-vragen-tweede-kamer-over-de-resultaten-verantwoordingsonderzoek-2020-bij-het-ministerie-van-defensie/Beantwoording+Kamervragen+VO+2020+Defensie.pdf	2021-06-08	21003847 R	Beantwoording vragen Tweede Kamer over de Resultaten verantwoordingsonderzoek 2020 bij het Ministerie van Defensie (X)	8 juni 2021	<UNKNOWN>	14	Een knelpunt in de uitvoering van brandbestrijding was de aansturing van de Defensie eenheden in de uitvoering door de brandweer op de plaats van de branden zelf. Zo gaf de vertegenwoordiger van de brandweer die meevloog in de blushelikopter meermaals andere blusaanwijzingen dan de commandant van het brandweerteam op de grond. Hoe komt het dat daar verschil in zit?	U vraagt hoe het komt dat er verschil zat tussen de blusaanwijzingen vanuit de lucht en op de grond. Wij hebben tijdens ons onderzoek geen precieze oorzaak hiervoor kunnen achterhalen.			DEFL	H	De AR geeft expliciet aan dat zij geen precieze oorzaak heeft kunnen achterhalen. Er wordt geen inhoudelijk antwoord op de vraag gegeven, wat past bij DEFL ('dit hebben wij niet onderzocht / kunnen hierover geen uitspraak doen').		
124	rekenkamer__kamerstuk:2021:06:08:beantwoording-vragen-tweede-kamer-over-de-resultaten-verantwoordingsonderzoek-2020-bij-het-ministerie-van-ienw	Beantwoording vragen Tweede Kamer over de Resultaten verantwoordingsonderzoek 2020 bij het Ministerie van IenW	https://www.rekenkamer.nl/binaries/rekenkamer/documenten/kamerstukken/2021/06/08/beantwoording-vragen-tweede-kamer-over-de-resultaten-verantwoordingsonderzoek-2020-bij-het-ministerie-van-ienw/Beantwoording+Kamervragen+VO+2020+IenW.pdf	2021-06-08	21003841 R	Beantwoording vragen Tweede Kamer over de Resultaten verantwoordingsonderzoek 2020 Ministerie van Infrastructuur en Waterstaat	8 juni 2021	<UNKNOWN>	3	Hoeveel geld beveelt de Algemene Rekenkamer aan om uit te trekken voor instandhouding van de netwerken die Rijkswaterstaat beheert?	Wij hebben dit niet onderzocht in 2020 maar de hoeveelheid geld die nodig is voor instandhouding van de netwerken van Rijkswaterstaat hangt af van de eisen die worden gesteld aan de veiligheid en beschikbaarheid van de netwerken. In ons onderzoek naar gebruiksbeperkingen in het hoofdvaarwegennet in het verantwoordingsonderzoek 2018 bij het Ministerie van IenW concludeerden we onder meer dat een oplopend volume aan uitgesteld onderhoud leidt tot een hogere kans op storingen en daarmee tot gebruiksbeperkingen voor de scheepvaart. De prestatie-indicator voor stremmingen als gevolg van ongepland onderhoud werd toen niet gehaald door de minister van IenW. In 2020 was dat ook het geval. Mede naar aanleiding van ons verantwoordingsonderzoek 2018 en onze eerdere onderzoeken naar instandhouding van het hoofdwegennet (2014), het hoofdvaarwegennet (2015) en het hoofdwatersysteem (2016) heeft de minister van IenW haar meerjarenramingen voor instandhouding extern laten toetsen. In haar brieven van 19 juni en 17 december 2020 informeert de minister de Kamer over de resultaten van deze toets. Uit de toets blijkt dat de budgetbehoefte bij Rijkswaterstaat voor instandhouding voor het hoofdwegennet en het hoofdvaarwegennet in de periode 2022-2035 gemiddeld € 1 miljard per jaar hoger ligt dan wat hiervoor beschikbaar is in deze periode. Hierbij is uitgegaan van het huidige gewenste niveau van instandhouding.			DEFL	M	Het antwoord begint met 'Wij hebben dit niet onderzocht' en geeft geen eigen aanbeveling over het bedrag. De AR verwijst naar eerder onderzoek en naar brieven van de minister, maar beantwoordt de vraag niet substantieel met een eigen bedrag of aanbeveling. De feitelijke informatie over de budgetbehoefte komt uit een externe toets, niet van de AR zelf. Wel bevat het antwoord enige inhoudelijke context (OOR-element over niet-gehaalde indicator), maar het kernantwoord op de vraag ontbreekt. Prioriteitsregel: inhoud wint van deflectie, maar het OOR-element betreft een zij-opmerking, niet het antwoord op de gestelde vraag. Alternatief label: OOR.		
125	rekenkamer__kamerstuk:2021:06:08:beantwoording-vragen-tweede-kamer-over-de-resultaten-verantwoordingsonderzoek-2020-bij-het-ministerie-van-justitie-en-veiligheid	Beantwoording vragen Tweede Kamer over de Resultaten verantwoordingsonderzoek 2020 bij het Ministerie van Justitie en Veiligheid	https://www.rekenkamer.nl/binaries/rekenkamer/documenten/kamerstukken/2021/06/08/beantwoording-vragen-tweede-kamer-over-de-resultaten-verantwoordingsonderzoek-2020-bij-het-ministerie-van-justitie-en-veiligheid/Beantwoording+vragen+Tweede+Kamer+VO+2020+bij+het+Ministerie+van+Justitie+en+Veiligheid.pdf	2021-06-08	21003846 R	Beantwoording vragen Tweede Kamer over de Resultaten verantwoordingsonderzoek 2020 bij het Ministerie van Justitie en Veiligheid	8 juni 2021	<UNKNOWN>	9	Hoe verhoudt de verantwoording van het verlagen van de bijdrage voor de taakuitvoering zich tot de beloftes en maatregelen die zijn gedaan en genomen naar aanleiding van het rapport van de onderzoekers van het bureau Significant Public van 3 maart 2020 om de basiscapaciteit te verbeteren?	Wij hebben de uitvoering van de genomen maatregelen door de bewindslieden naar aanleiding van het genoemde rapport niet onderzocht. U zou deze vraag aan de minister kunnen stellen.			DEFL	H	De AR geeft expliciet aan dit niet onderzocht te hebben en verwijst de vraag door naar de minister. Er is geen inhoudelijk antwoord op de gestelde vraag.		
126	rekenkamer__kamerstuk:2021:06:08:beantwoording-vragen-tweede-kamer-over-de-resultaten-verantwoordingsonderzoek-2020-bij-het-ministerie-van-lnv	Beantwoording vragen Tweede Kamer over de Resultaten verantwoordingsonderzoek 2020 bij het Ministerie van LNV	https://www.rekenkamer.nl/binaries/rekenkamer/documenten/kamerstukken/2021/06/08/beantwoording-vragen-tweede-kamer-over-de-resultaten-verantwoordingsonderzoek-2020-bij-het-ministerie-van-lnv/Beantwoording+Kamervragen+VO+2020+LNV.pdf	2021-06-08	21003861 R	Beantwoording vragen Tweede Kamer over de Resultaten verantwoordingsonderzoek 2020 bij het Ministerie van Landbouw, Natuur en Voedselkwaliteit	8 juni 2021	2020	9	Kunt u toelichten of u in de door u geformuleerde effecten van aanpassing of afschaffing van de landbouwvrijstelling (voldoende) basis/grond ziet om deze door het kabinet beleidsmatig te legitimeren en of de door u gesuggereerde andere fiscale en niet-fiscale faciliteiten opwegen tegen de landbouwvrijstelling?	De Algemene Rekenkamer kan oordelen dat een beleidsinstrument niet werkt zoals het oorspronkelijk was bedoeld en aanbevelingen doen hoe het beter kan. Wij hebben geen onderzoek verricht naar de genoemde effecten van aanpassing of afschaffing van de landbouwvrijstelling. Het is aan de minister van LNV om een dergelijk onderzoek naar de neveneffecten te verrichten.			DEFL	H	De AR geeft aan geen onderzoek te hebben verricht naar de gevraagde effecten en verwijst de vraag door naar de minister van LNV. Er wordt geen substantieel inhoudelijk antwoord gegeven op de gestelde vraag.		
127	rekenkamer__kamerstuk:2021:06:08:beantwoording-vragen-tweede-kamer-over-de-resultaten-verantwoordingsonderzoek-2020-bij-het-ministerie-van-ocw	Beantwoording vragen Tweede Kamer over de Resultaten verantwoordingsonderzoek 2020 bij het Ministerie van OCW	https://www.rekenkamer.nl/binaries/rekenkamer/documenten/kamerstukken/2021/06/08/beantwoording-vragen-tweede-kamer-over-de-resultaten-verantwoordingsonderzoek-2020-bij-het-ministerie-van-ocw/Beantwoording+Kamervragen+VO+2020+OCW.pdf	2021-06-08	21003844	Beantwoording vragen Tweede Kamer over de Resultaten verantwoordingsonderzoek 2020 bij het Ministerie van Onderwijs, Cultuur en Wetenschap	8 juni 2021	<UNKNOWN>	1	Wat doet de minister er op dit moment aan om de kansengelijkheid in het onderwijs tegen te gaan en de achterstanden, die de kansengelijkheid verder dreigen te vergroten, weg te werken?	Hier hebben wij in het kader van ons Verantwoordingsonderzoek 2020 geen onderzoek naar verricht. Voor het antwoord op deze vraag verwijzen wij naar de verantwoordelijke bewindspersoon.			DEFL	H	De AR geeft expliciet aan geen onderzoek te hebben verricht en verwijst door naar de verantwoordelijke bewindspersoon. Er wordt geen inhoudelijk antwoord gegeven, wat een klassiek DEFL-patroon is.		
127	rekenkamer__kamerstuk:2021:06:08:beantwoording-vragen-tweede-kamer-over-de-resultaten-verantwoordingsonderzoek-2020-bij-het-ministerie-van-ocw	Beantwoording vragen Tweede Kamer over de Resultaten verantwoordingsonderzoek 2020 bij het Ministerie van OCW	https://www.rekenkamer.nl/binaries/rekenkamer/documenten/kamerstukken/2021/06/08/beantwoording-vragen-tweede-kamer-over-de-resultaten-verantwoordingsonderzoek-2020-bij-het-ministerie-van-ocw/Beantwoording+Kamervragen+VO+2020+OCW.pdf	2021-06-08	21003844	Beantwoording vragen Tweede Kamer over de Resultaten verantwoordingsonderzoek 2020 bij het Ministerie van Onderwijs, Cultuur en Wetenschap	8 juni 2021	<UNKNOWN>	3	Wat doet de overheid eraan om de risico's die samenhangen met het gebrek aan zicht op de inhaalprogramma's, zoals grotere kansenongelijkheid, te verkleinen? Kan de minister toelichten hoe zij de kansenongelijkheid probeert te verkleinen, vooral met het oog op de doelmatigheid van de eenmalige investering van 8,5 miljard in het Nationaal Programma Onderwijs, en welke KPI's hiervoor worden gehanteerd?	Voor het antwoord op deze vragen verwijzen wij naar de verantwoordelijke bewindspersonen.			DEFL	H	De AR verwijst expliciet naar de verantwoordelijke bewindspersonen zonder zelf inhoudelijk op de vraag in te gaan. Dit is een klassiek DEFL-antwoord.		
127	rekenkamer__kamerstuk:2021:06:08:beantwoording-vragen-tweede-kamer-over-de-resultaten-verantwoordingsonderzoek-2020-bij-het-ministerie-van-ocw	Beantwoording vragen Tweede Kamer over de Resultaten verantwoordingsonderzoek 2020 bij het Ministerie van OCW	https://www.rekenkamer.nl/binaries/rekenkamer/documenten/kamerstukken/2021/06/08/beantwoording-vragen-tweede-kamer-over-de-resultaten-verantwoordingsonderzoek-2020-bij-het-ministerie-van-ocw/Beantwoording+Kamervragen+VO+2020+OCW.pdf	2021-06-08	21003844	Beantwoording vragen Tweede Kamer over de Resultaten verantwoordingsonderzoek 2020 bij het Ministerie van Onderwijs, Cultuur en Wetenschap	8 juni 2021	<UNKNOWN>	5	Wat zijn de resultaten van de vergevorderde pilotfase van traject 1: Role Based Access Control? Indien deze nog niet bekend zijn, wanneer worden de resultaten verwacht?	Wij hebben in het kader van ons verantwoordingsonderzoek 2020 geen onderzoek verricht naar de resultaten van Role Based Acces Control en de geautomatiseerde werkwijze. Voor het antwoord op deze vragen verwijzen wij naar de verantwoordelijke bewindspersonen.			DEFL	H	De AR geeft expliciet aan dit niet onderzocht te hebben en verwijst door naar de verantwoordelijke bewindspersonen. Er is geen inhoudelijk antwoord op de vraag; dit is een klassiek DEFL-patroon.		
127	rekenkamer__kamerstuk:2021:06:08:beantwoording-vragen-tweede-kamer-over-de-resultaten-verantwoordingsonderzoek-2020-bij-het-ministerie-van-ocw	Beantwoording vragen Tweede Kamer over de Resultaten verantwoordingsonderzoek 2020 bij het Ministerie van OCW	https://www.rekenkamer.nl/binaries/rekenkamer/documenten/kamerstukken/2021/06/08/beantwoording-vragen-tweede-kamer-over-de-resultaten-verantwoordingsonderzoek-2020-bij-het-ministerie-van-ocw/Beantwoording+Kamervragen+VO+2020+OCW.pdf	2021-06-08	21003844	Beantwoording vragen Tweede Kamer over de Resultaten verantwoordingsonderzoek 2020 bij het Ministerie van Onderwijs, Cultuur en Wetenschap	8 juni 2021	<UNKNOWN>	6	Wil de minister, in het licht van de aanbeveling op pagina 24 van het ARK rapport die stelt dat het cruciaal is dat de 8,5 miljard euro uit het Nationaal Programma Onderwijs recht- en doelmatig besteed wordt en de adviezen en bezwaren gehoord tijdens het rondetafelgesprek naar aanleiding van het Nationaal Programma Onderwijs op 26 mei jongstleden, opnieuw kijken naar zowel de hoogte van het bedrag als wel de duur van de termijn om de 8,5 miljard euro te mogen uitgeven?	Voor het antwoord op deze vraag verwijzen wij naar de verantwoordelijke bewindspersonen.			DEFL	H	De AR verwijst de vraag door naar de verantwoordelijke bewindspersonen zonder enige inhoudelijke beantwoording. Dit is een klassiek DEFL-antwoord.		
127	rekenkamer__kamerstuk:2021:06:08:beantwoording-vragen-tweede-kamer-over-de-resultaten-verantwoordingsonderzoek-2020-bij-het-ministerie-van-ocw	Beantwoording vragen Tweede Kamer over de Resultaten verantwoordingsonderzoek 2020 bij het Ministerie van OCW	https://www.rekenkamer.nl/binaries/rekenkamer/documenten/kamerstukken/2021/06/08/beantwoording-vragen-tweede-kamer-over-de-resultaten-verantwoordingsonderzoek-2020-bij-het-ministerie-van-ocw/Beantwoording+Kamervragen+VO+2020+OCW.pdf	2021-06-08	21003844	Beantwoording vragen Tweede Kamer over de Resultaten verantwoordingsonderzoek 2020 bij het Ministerie van Onderwijs, Cultuur en Wetenschap	8 juni 2021	<UNKNOWN>	8	Welke verklaring heeft u dat 35% van de scholen in het primair onderwijs en 3% van de scholen in het middelbaar beroepsonderwijs geen subsidieregeling heeft aangevraagd?	Naar de redenen waarom scholen in het primair onderwijs en in het middelbaar beroepsonderwijs geen subsidie hebben aangevraagd, hebben wij geen onderzoek gedaan.			DEFL	H	De AR geeft expliciet aan dat zij geen onderzoek heeft gedaan naar de gevraagde verklaring en biedt geen inhoudelijk antwoord. Dit is een klassiek geval van DEFL: 'dit hebben wij niet onderzocht'.		
127	rekenkamer__kamerstuk:2021:06:08:beantwoording-vragen-tweede-kamer-over-de-resultaten-verantwoordingsonderzoek-2020-bij-het-ministerie-van-ocw	Beantwoording vragen Tweede Kamer over de Resultaten verantwoordingsonderzoek 2020 bij het Ministerie van OCW	https://www.rekenkamer.nl/binaries/rekenkamer/documenten/kamerstukken/2021/06/08/beantwoording-vragen-tweede-kamer-over-de-resultaten-verantwoordingsonderzoek-2020-bij-het-ministerie-van-ocw/Beantwoording+Kamervragen+VO+2020+OCW.pdf	2021-06-08	21003844	Beantwoording vragen Tweede Kamer over de Resultaten verantwoordingsonderzoek 2020 bij het Ministerie van Onderwijs, Cultuur en Wetenschap	8 juni 2021	<UNKNOWN>	9	Welke verklaring kunt u geven dat vijftig procent van de po-scholen met een lage achterstandsscore geen aanvraag hebben gedaan?	Naar de redenen waarom scholen geen aanvraag hebben gedaan, hebben wij geen onderzoek gedaan.			DEFL	H	De AR geeft expliciet aan dat zij geen onderzoek heeft gedaan naar de gevraagde verklaring en levert dus geen inhoudelijk antwoord. Dit is een klassiek DEFL-patroon.		
127	rekenkamer__kamerstuk:2021:06:08:beantwoording-vragen-tweede-kamer-over-de-resultaten-verantwoordingsonderzoek-2020-bij-het-ministerie-van-ocw	Beantwoording vragen Tweede Kamer over de Resultaten verantwoordingsonderzoek 2020 bij het Ministerie van OCW	https://www.rekenkamer.nl/binaries/rekenkamer/documenten/kamerstukken/2021/06/08/beantwoording-vragen-tweede-kamer-over-de-resultaten-verantwoordingsonderzoek-2020-bij-het-ministerie-van-ocw/Beantwoording+Kamervragen+VO+2020+OCW.pdf	2021-06-08	21003844	Beantwoording vragen Tweede Kamer over de Resultaten verantwoordingsonderzoek 2020 bij het Ministerie van Onderwijs, Cultuur en Wetenschap	8 juni 2021	<UNKNOWN>	10	Hoe kijkt u aan tegen de constatering van de vijfde directeur dat de behoefte bij leerlingen aan extra ondersteuning losstaat van eventuele leerachterstanden? Zou de regeling breder toegepast moeten worden?	Wij verwijzen naar de verantwoordelijke bewindspersonen voor het antwoord op deze vraag.			DEFL	H	De AR geeft geen inhoudelijk antwoord en verwijst expliciet naar de verantwoordelijke bewindspersonen. Dit is een klassiek DEFL-patroon.		
127	rekenkamer__kamerstuk:2021:06:08:beantwoording-vragen-tweede-kamer-over-de-resultaten-verantwoordingsonderzoek-2020-bij-het-ministerie-van-ocw	Beantwoording vragen Tweede Kamer over de Resultaten verantwoordingsonderzoek 2020 bij het Ministerie van OCW	https://www.rekenkamer.nl/binaries/rekenkamer/documenten/kamerstukken/2021/06/08/beantwoording-vragen-tweede-kamer-over-de-resultaten-verantwoordingsonderzoek-2020-bij-het-ministerie-van-ocw/Beantwoording+Kamervragen+VO+2020+OCW.pdf	2021-06-08	21003844	Beantwoording vragen Tweede Kamer over de Resultaten verantwoordingsonderzoek 2020 bij het Ministerie van Onderwijs, Cultuur en Wetenschap	8 juni 2021	<UNKNOWN>	11	Welk onderdeel uit de afspraken omtrent de lumpsumsystematiek wordt niet nageleefd?	De subsidieregeling Inhaal- en ondersteuningsprogramma's Onderwijs 2020-2021, die wij in het kader van ons verantwoordingsonderzoek 2020 nader hebben onderzocht, maakt geen deel uit van de lumpsumbekostiging. Wij kunnen uw vraag daarom niet beantwoorden.			DEFL	H	De AR geeft expliciet aan dat ze de vraag niet kan beantwoorden omdat de onderzochte subsidieregeling geen deel uitmaakt van de lumpsumbekostiging. Er wordt geen inhoudelijk antwoord op de gestelde vraag gegeven.		
129	rekenkamer__kamerstuk:2021:06:08:beantwoording-vragen-tweede-kamer-over-de-resultaten-verantwoordingsonderzoek-2020-bij-het-ministerie-van-vws	Beantwoording vragen Tweede Kamer over de Resultaten verantwoordingsonderzoek 2020 bij het Ministerie van VWS	https://www.rekenkamer.nl/binaries/rekenkamer/documenten/kamerstukken/2021/06/08/beantwoording-vragen-tweede-kamer-over-de-resultaten-verantwoordingsonderzoek-2020-bij-het-ministerie-van-vws/Beantwoording+Kamervragen+VO+2020+VWS.pdf	2021-06-08	21003863	Beantwoording vragen Tweede Kamer over de Resultaten verantwoordingsonderzoek 2020 bij het Ministerie van Volksgezondheid, Welzijn en Sport	8 juni 2021	<UNKNOWN>	2	De stijging in uitgaven en verplichtingen is gedeeltelijk te verklaren doordat er in 2020 extra Corona-uitgaven zijn geweest, maar hoe kan het andere deel verklaard worden?	Voor het antwoord op deze vraag verwijzen wij u naar de verantwoordelijke bewindspersonen.			DEFL	H	De AR geeft geen inhoudelijk antwoord en verwijst expliciet naar de verantwoordelijke bewindspersonen. Dit is een klassiek DEFL-antwoord.		
129	rekenkamer__kamerstuk:2021:06:08:beantwoording-vragen-tweede-kamer-over-de-resultaten-verantwoordingsonderzoek-2020-bij-het-ministerie-van-vws	Beantwoording vragen Tweede Kamer over de Resultaten verantwoordingsonderzoek 2020 bij het Ministerie van VWS	https://www.rekenkamer.nl/binaries/rekenkamer/documenten/kamerstukken/2021/06/08/beantwoording-vragen-tweede-kamer-over-de-resultaten-verantwoordingsonderzoek-2020-bij-het-ministerie-van-vws/Beantwoording+Kamervragen+VO+2020+VWS.pdf	2021-06-08	21003863	Beantwoording vragen Tweede Kamer over de Resultaten verantwoordingsonderzoek 2020 bij het Ministerie van Volksgezondheid, Welzijn en Sport	8 juni 2021	<UNKNOWN>	3	Wat vindt de Algemene Rekenkamer van het aantal medewerkers op het departement van het ministerie van Volksgezondheid, Welzijn en Sport, gezien het feit dat dit aantal al jaren aanzienlijk toeneemt?	Ons verantwoordingsonderzoek 2020 bevat geen onderzoek naar het personeelsbestand van het departement. Voor meer informatie hierover verwijzen we u naar de verantwoordelijke bewindspersonen.			DEFL	H	De AR geeft aan dit niet te hebben onderzocht en verwijst door naar de verantwoordelijke bewindspersonen. Er is geen substantiële inhoud; dit is een klassiek DEFL-antwoord.		
129	rekenkamer__kamerstuk:2021:06:08:beantwoording-vragen-tweede-kamer-over-de-resultaten-verantwoordingsonderzoek-2020-bij-het-ministerie-van-vws	Beantwoording vragen Tweede Kamer over de Resultaten verantwoordingsonderzoek 2020 bij het Ministerie van VWS	https://www.rekenkamer.nl/binaries/rekenkamer/documenten/kamerstukken/2021/06/08/beantwoording-vragen-tweede-kamer-over-de-resultaten-verantwoordingsonderzoek-2020-bij-het-ministerie-van-vws/Beantwoording+Kamervragen+VO+2020+VWS.pdf	2021-06-08	21003863	Beantwoording vragen Tweede Kamer over de Resultaten verantwoordingsonderzoek 2020 bij het Ministerie van Volksgezondheid, Welzijn en Sport	8 juni 2021	<UNKNOWN>	5	Kan de Algemene Rekenkamer aangeven over welk soort ingekochte goederen en diensten het gaat bij de inkoop ten behoeve van de bestrijding van de coronapandemie, waarbij opdrachten direct gegund zijn? Kan een uitsplitsing van dit bedrag gemaakt worden in bijvoorbeeld de inkoop van mondkapjes, medische apparatuur, testcapaciteit etc.?	Opdrachten zijn met name direct gegund bij de inkoop van diensten voor het opzetten van infrastructuur en ondersteuning bij het bron- en contactonderzoek voor testen. Een kleiner deel betreft beademingsapparatuur en beschermingsmiddelen. Voor de uitsplitsing verwijzen wij u naar de verantwoordelijke bewindspersonen.			DEFL	M	Het antwoord bevat enige feitelijke informatie (directe gunningen betroffen met name diensten voor bron- en contactonderzoek, en in mindere mate beademingsapparatuur en beschermingsmiddelen), maar de kernvraag naar een uitsplitsing in bedragen wordt doorverwezen naar de bewindspersonen. Toch bevat het antwoord wel enige inhoud, dus het is een grensgeval. Volgens de prioriteitsregel wint inhoud (FEIT) boven deflectie, maar de substantiële inhoud is beperkt en het eigenlijke verzoek (uitsplitsing) wordt afgewimpeld. Ik label DEFL omdat de kern van de vraag niet beantwoord wordt en expliciet wordt doorverwezen.		
129	rekenkamer__kamerstuk:2021:06:08:beantwoording-vragen-tweede-kamer-over-de-resultaten-verantwoordingsonderzoek-2020-bij-het-ministerie-van-vws	Beantwoording vragen Tweede Kamer over de Resultaten verantwoordingsonderzoek 2020 bij het Ministerie van VWS	https://www.rekenkamer.nl/binaries/rekenkamer/documenten/kamerstukken/2021/06/08/beantwoording-vragen-tweede-kamer-over-de-resultaten-verantwoordingsonderzoek-2020-bij-het-ministerie-van-vws/Beantwoording+Kamervragen+VO+2020+VWS.pdf	2021-06-08	21003863	Beantwoording vragen Tweede Kamer over de Resultaten verantwoordingsonderzoek 2020 bij het Ministerie van Volksgezondheid, Welzijn en Sport	8 juni 2021	<UNKNOWN>	12	Had het gedeelte van het budget dat aangekaart is als onrechtmatig of niet-efficiënt mogelijk beter besteed kunnen worden aan goederen en diensten waarvan de uiteindelijke prestatie beter kon worden gegarandeerd, zoals het COVAX-programma?	We hebben in het kader van ons verantwoordingsonderzoek 2020 hier geen onderzoek naar gedaan.			DEFL	H	De AR geeft expliciet aan dat zij hier geen onderzoek naar heeft gedaan en levert geen inhoudelijk antwoord op de vraag. Dit is een klassiek DEFL-antwoord.		
129	rekenkamer__kamerstuk:2021:06:08:beantwoording-vragen-tweede-kamer-over-de-resultaten-verantwoordingsonderzoek-2020-bij-het-ministerie-van-vws	Beantwoording vragen Tweede Kamer over de Resultaten verantwoordingsonderzoek 2020 bij het Ministerie van VWS	https://www.rekenkamer.nl/binaries/rekenkamer/documenten/kamerstukken/2021/06/08/beantwoording-vragen-tweede-kamer-over-de-resultaten-verantwoordingsonderzoek-2020-bij-het-ministerie-van-vws/Beantwoording+Kamervragen+VO+2020+VWS.pdf	2021-06-08	21003863	Beantwoording vragen Tweede Kamer over de Resultaten verantwoordingsonderzoek 2020 bij het Ministerie van Volksgezondheid, Welzijn en Sport	8 juni 2021	<UNKNOWN>	13	Heeft de Algemene Rekenkamer zicht op welke onderdelen van het budget ter bestrijding van de coronacrisis beter op Europees niveau geal loceerd hadden kunnen worden vanuit het oogpunt van efficiëntie?	Wij hebben in het kader van ons verantwoordingsonderzoek 2020 hier geen onderzoek naar gedaan.			DEFL	H	De AR geeft expliciet aan dat zij hier geen onderzoek naar heeft gedaan en beantwoordt de vraag dus niet inhoudelijk. Dit is een klassiek DEFL-antwoord.		
129	rekenkamer__kamerstuk:2021:06:08:beantwoording-vragen-tweede-kamer-over-de-resultaten-verantwoordingsonderzoek-2020-bij-het-ministerie-van-vws	Beantwoording vragen Tweede Kamer over de Resultaten verantwoordingsonderzoek 2020 bij het Ministerie van VWS	https://www.rekenkamer.nl/binaries/rekenkamer/documenten/kamerstukken/2021/06/08/beantwoording-vragen-tweede-kamer-over-de-resultaten-verantwoordingsonderzoek-2020-bij-het-ministerie-van-vws/Beantwoording+Kamervragen+VO+2020+VWS.pdf	2021-06-08	21003863	Beantwoording vragen Tweede Kamer over de Resultaten verantwoordingsonderzoek 2020 bij het Ministerie van Volksgezondheid, Welzijn en Sport	8 juni 2021	<UNKNOWN>	15	Hoe kan volgens de Algemene Rekenkamer de Kamer op een meer vereenvoudigde en snellere manier worden geïnformeerd over eventuele bestedingen die snel moeten worden uitgevoerd?	Artikel 2.27 van de Comptabiliteitswet 2016 voorziet in de uitzonderlijke situatie dat dringende belangen van de staat geen uitstel van de uitvoering van nieuw beleid dulden. In dat geval kan de minister volstaan met het vooraf informeren van het parlement. In andere gevallen dient het parlement zoals gebruikelijk nieuw beleid via een (suppletoire) begrotingswet vooraf te autoriseren. Zie het antwoord op vraag 14.			DEFL	M	De AR beantwoordt de vraag niet met een eigen inhoudelijk advies of standpunt, maar verwijst naar een bestaande wettelijke regeling (artikel 2.27 CW 2016) en sluit af met 'Zie het antwoord op vraag 14'. De AR geeft geen eigen aanbeveling of oordeel over hoe de Kamer sneller geïnformeerd zou moeten worden. Hoewel er feitelijke informatie over de wet wordt gegeven, is de kern van het antwoord een doorverwijzing, wat DEFL rechtvaardigt. Alternatief FEIT is plausibel vanwege de wettelijke beschrijving.		
129	rekenkamer__kamerstuk:2021:06:08:beantwoording-vragen-tweede-kamer-over-de-resultaten-verantwoordingsonderzoek-2020-bij-het-ministerie-van-vws	Beantwoording vragen Tweede Kamer over de Resultaten verantwoordingsonderzoek 2020 bij het Ministerie van VWS	https://www.rekenkamer.nl/binaries/rekenkamer/documenten/kamerstukken/2021/06/08/beantwoording-vragen-tweede-kamer-over-de-resultaten-verantwoordingsonderzoek-2020-bij-het-ministerie-van-vws/Beantwoording+Kamervragen+VO+2020+VWS.pdf	2021-06-08	21003863	Beantwoording vragen Tweede Kamer over de Resultaten verantwoordingsonderzoek 2020 bij het Ministerie van Volksgezondheid, Welzijn en Sport	8 juni 2021	<UNKNOWN>	16	Is het nog wel mogelijk om vast te stellen of de prijzen van geleverde diensten en goederen (zoals mondkapjes en beademingsapparatuur) redelijk waren, aangezien de ontvangstbewijzen of andere brondocumentatie ontbreken?	Het ontbreken van ontvangstbewijzen of andere brondocumentatie bij de levering is geen belemmering om te vast te stellen of prijzen bij de inkoop van goederen redelijk waren. We hebben overigens geen onderzoek gedaan of doelmatig is ingekocht en of de prijzen redelijk waren.			DEFL	M	De AR geeft eerst een korte feitelijke opmerking dat ontbrekende documentatie op zich geen belemmering vormt, maar vervolgens stelt ze expliciet dat zij dit niet heeft onderzocht. Het substantiële deel van de vraag (waren de prijzen redelijk?) wordt niet beantwoord; de AR deflecteert door te melden dat dit onderzoek niet is verricht. Inhoud + deflectie: de feitelijke opmerking is marginaal en beantwoordt de kernvraag niet, dus DEFL prevaleert.		
129	rekenkamer__kamerstuk:2021:06:08:beantwoording-vragen-tweede-kamer-over-de-resultaten-verantwoordingsonderzoek-2020-bij-het-ministerie-van-vws	Beantwoording vragen Tweede Kamer over de Resultaten verantwoordingsonderzoek 2020 bij het Ministerie van VWS	https://www.rekenkamer.nl/binaries/rekenkamer/documenten/kamerstukken/2021/06/08/beantwoording-vragen-tweede-kamer-over-de-resultaten-verantwoordingsonderzoek-2020-bij-het-ministerie-van-vws/Beantwoording+Kamervragen+VO+2020+VWS.pdf	2021-06-08	21003863	Beantwoording vragen Tweede Kamer over de Resultaten verantwoordingsonderzoek 2020 bij het Ministerie van Volksgezondheid, Welzijn en Sport	8 juni 2021	<UNKNOWN>	19	Is het ontbreken van een totaaloverzicht en het hierdoor onvoldoende kunnen sturen en adviseren over de risico's met name het geval bij bepaalde onderdelen en/of agentschappen? Of is dit een concern breed probleem?	Binnen het verantwoordingsonderzoek hebben wij onze focus gericht op het totaalinzicht van de CIO VWS over het gehele IT-landschap van het ministerie. Het Ministerie van VWS moet voldoende inzicht hebben om concern breed te kunnen sturen en om de minister op IT-gebied deskundig te kunnen adviseren. We hebben geen onderzoek gedaan in hoeverre concernonderdelen zelf inzicht hebben in hun eigen IT-landschap.			DEFL	H	De AR geeft aan dat zij geen onderzoek heeft gedaan naar de situatie bij individuele concernonderdelen, waardoor de vraag of het probleem concernbreed is of bij bepaalde onderdelen speelt niet substantieel wordt beantwoord. De AR beschrijft alleen de scope van het eigen onderzoek zonder inhoudelijk antwoord te geven op de gestelde vraag.		
129	rekenkamer__kamerstuk:2021:06:08:beantwoording-vragen-tweede-kamer-over-de-resultaten-verantwoordingsonderzoek-2020-bij-het-ministerie-van-vws	Beantwoording vragen Tweede Kamer over de Resultaten verantwoordingsonderzoek 2020 bij het Ministerie van VWS	https://www.rekenkamer.nl/binaries/rekenkamer/documenten/kamerstukken/2021/06/08/beantwoording-vragen-tweede-kamer-over-de-resultaten-verantwoordingsonderzoek-2020-bij-het-ministerie-van-vws/Beantwoording+Kamervragen+VO+2020+VWS.pdf	2021-06-08	21003863	Beantwoording vragen Tweede Kamer over de Resultaten verantwoordingsonderzoek 2020 bij het Ministerie van Volksgezondheid, Welzijn en Sport	8 juni 2021	<UNKNOWN>	23	Hoe kunnen de specifieke zorgkosten van de allerlaagste inkomens beter vergoed worden? Is hier een aanvullende regeling voor nodig, naast de fiscale regeling uitgaven specifieke zorgkosten?	Wij hebben voor dit verantwoordingsonderzoek uitsluitend onderzoek gedaan naar de landelijke fiscale regeling voor specifieke zorgkosten. Aanvullende voorzieningen zijn voornamelijk op gemeentelijk niveau georganiseerd en kunnen daarom ook per gemeente verschillen. Wij kunnen om deze redenen geen conclusies trekken over de mate waarin deze voorzieningen mensen met lage inkomens tegemoetkomen in hun specifieke zorgkosten. De vraag of bestaande voorzieningen toereikend zijn en of verdere aanvullende regelingen nodig zijn, is daarbij afhankelijk van het niveau van tegemoetkoming dat maatschappelijk wenselijk wordt geacht.			DEFL	H	De AR geeft expliciet aan dat zij alleen de landelijke fiscale regeling heeft onderzocht, geen conclusies kan trekken over aanvullende voorzieningen, en dat de vraag over toereikendheid afhangt van maatschappelijke keuzes. Er wordt geen inhoudelijk antwoord gegeven op de gestelde vraag.		
129	rekenkamer__kamerstuk:2021:06:08:beantwoording-vragen-tweede-kamer-over-de-resultaten-verantwoordingsonderzoek-2020-bij-het-ministerie-van-vws	Beantwoording vragen Tweede Kamer over de Resultaten verantwoordingsonderzoek 2020 bij het Ministerie van VWS	https://www.rekenkamer.nl/binaries/rekenkamer/documenten/kamerstukken/2021/06/08/beantwoording-vragen-tweede-kamer-over-de-resultaten-verantwoordingsonderzoek-2020-bij-het-ministerie-van-vws/Beantwoording+Kamervragen+VO+2020+VWS.pdf	2021-06-08	21003863	Beantwoording vragen Tweede Kamer over de Resultaten verantwoordingsonderzoek 2020 bij het Ministerie van Volksgezondheid, Welzijn en Sport	8 juni 2021	<UNKNOWN>	29	Welk advies over verbeterpunten heeft de Algemene Rekenkamer voor het ministerie van Volksgezondheid, Welzijn en Sport ten aanzien van het ICT- en boekhoudsysteem?	Wij hebben geen specifiek advies gegeven over verbeterpunten ten aanzien van een specifiek ICT- en boekhoudsysteem voor het Ministerie van VWS.			DEFL	H	De AR geeft expliciet aan geen specifiek advies te hebben gegeven over dit onderwerp, waarmee de vraag niet substantieel wordt beantwoord. Er is geen inhoudelijke informatie, oordeel of aanbeveling; dit is een zuivere deflectie.		
130	rekenkamer__kamerstuk:2022:06:07:beantwoording-vragen-tweede-kamer-over-de-resultaten-verantwoordingsonderzoek-2021-bij-bhos	Beantwoording vragen Tweede Kamer over de Resultaten verantwoordingsonderzoek 2021 bij Buitenlandse Handel en Ontwikkelingssamenwerking	https://www.rekenkamer.nl/binaries/rekenkamer/documenten/kamerstukken/2022/06/07/beantwoording-vragen-tweede-kamer-over-de-resultaten-verantwoordingsonderzoek-2021-bij-bhos/Kamervragen+VO+BHOS+2021.pdf	2022-06-07	22002941	Beantwoording vragen Tweede Kamer over de Resultaten verantwoordingsonderzoek 2021 bij Buitenlandse Handel en Ontwikkelingssamenwerking	7 juni 2022	<UNKNOWN>	1	Waarom is er geen onderzoek gedaan naar het beleid van de minister voor Buitenlandse Handel en Ontwikkelingssamenwerking?	Voor het verantwoordingsonderzoek 2021 hebben we op basis van onze risicoanalyse en beschikbare onderzoekscapaciteit ervoor gekozen geen onderzoek te doen naar het beleid van de minister voor Buitenlandse Handel en Ontwikkelingssamenwerking. Ook omdat er momenteel een onderzoek loopt van de Algemene Rekenkamer naar 'Verantwoorden en leren van ontwikkelingssamenwerking: schoon drinkwater en sanitatie'. We verwachten dit onderzoek in de 2e helft van 2023 te publiceren.			DEFL	H	De AR legt uit waarom zij het niet heeft onderzocht (risicoanalyse, capaciteit, lopend onderzoek) en verwijst naar een toekomstige publicatie. Er wordt geen substantieel inhoudelijk antwoord gegeven over het beleid zelf; de uitleg van waarom niet is onderzocht blijft DEFL.		
134	rekenkamer__kamerstuk:2022:06:07:beantwoording-vragen-tweede-kamer-over-de-resultaten-verantwoordingsonderzoek-2021-bij-het-ministerie-van-financien-en-nationale-schuld	Beantwoording vragen Tweede Kamer over de Resultaten verantwoordingsonderzoek 2021 bij het Ministerie van Financiën en Nationale Schuld	https://www.rekenkamer.nl/binaries/rekenkamer/documenten/kamerstukken/2022/06/07/beantwoording-vragen-tweede-kamer-over-de-resultaten-verantwoordingsonderzoek-2021-bij-het-ministerie-van-financien-en-nationale-schuld/Kamervragen+VO+2021+MinFin.pdf	2022-06-07	22002395 R	Beantwoording vragen Tweede Kamer over de Resultaten verantwoordingsonderzoek 2021 bij het Ministerie van Financiën en Nationale Schuld	7 juni 2022	<UNKNOWN>	3	Hoe snel kan de toegang tot gegevens bij het ministerie van Financiën wel goed geregeld worden?	Naar hoe snel de toegang tot gegevens bij het ministerie van Financiën wel geregeld kan worden hebben wij geen onderzoek gedaan.			DEFL	H	De AR geeft expliciet aan dat zij geen onderzoek heeft gedaan naar deze vraag en biedt geen inhoudelijk antwoord. Dit is een klassieke deflectie.		
134	rekenkamer__kamerstuk:2022:06:07:beantwoording-vragen-tweede-kamer-over-de-resultaten-verantwoordingsonderzoek-2021-bij-het-ministerie-van-financien-en-nationale-schuld	Beantwoording vragen Tweede Kamer over de Resultaten verantwoordingsonderzoek 2021 bij het Ministerie van Financiën en Nationale Schuld	https://www.rekenkamer.nl/binaries/rekenkamer/documenten/kamerstukken/2022/06/07/beantwoording-vragen-tweede-kamer-over-de-resultaten-verantwoordingsonderzoek-2021-bij-het-ministerie-van-financien-en-nationale-schuld/Kamervragen+VO+2021+MinFin.pdf	2022-06-07	22002395 R	Beantwoording vragen Tweede Kamer over de Resultaten verantwoordingsonderzoek 2021 bij het Ministerie van Financiën en Nationale Schuld	7 juni 2022	<UNKNOWN>	9	Per wanneer zullen alle kwijtscheldingen van publieke vorderingen op gedupeerden van de toeslagenaffaire in de saldibalans zijn verwerkt?	Het is volgens ons aan de minister van Financiën om deze vraag te beantwoorden.			DEFL	H	De AR beantwoordt de vraag niet inhoudelijk en verwijst expliciet naar de minister van Financiën. Dit is een klassiek DEFL-antwoord.		
135	rekenkamer__kamerstuk:2022:06:07:beantwoording-vragen-tweede-kamer-over-de-resultaten-verantwoordingsonderzoek-2021-bij-het-ministerie-van-ienw	Beantwoording vragen Tweede Kamer over de Resultaten verantwoordingsonderzoek 2021 bij het Ministerie van IenW	https://www.rekenkamer.nl/binaries/rekenkamer/documenten/kamerstukken/2022/06/07/beantwoording-vragen-tweede-kamer-over-de-resultaten-verantwoordingsonderzoek-2021-bij-het-ministerie-van-ienw/Kamervragen+VO+2021+IenW.pdf	2022-06-07	22002943 R	Beantwoording vragen Tweede Kamer over de Resultaten verantwoordingsonderzoek 2021 bij het Ministerie van Infrastructuur en Waterstaat	7 juni 2022	<UNKNOWN>	1	Wat is de reden dat van veel gesprekken met Nederlandse Spoorwegen (NS) geen verslag is gemaakt?	De Algemene Rekenkamer heeft in haar onderzoek geconstateerd dat van veel overleggen tussen IenW en de NS geen verslagen zijn gemaakt. De redenen hiervoor hebben we niet vastgesteld. Het is aan de minister om hier een antwoord op te geven.			DEFL	H	De AR geeft aan dat zij de redenen niet heeft vastgesteld en verwijst expliciet naar de minister voor het antwoord. De openingszin bevat een feitelijke constatering, maar de kernvraag (de reden) wordt niet beantwoord. Omdat er geen substantieel antwoord op de gestelde vraag is, is DEFL het juiste label.		
136	rekenkamer__kamerstuk:2022:06:07:beantwoording-vragen-tweede-kamer-over-de-resultaten-verantwoordingsonderzoek-2021-bij-het-ministerie-van-justitie-en-veiligheid	Beantwoording vragen Tweede Kamer over de Resultaten verantwoordingsonderzoek 2021 bij het Ministerie van Justitie en Veiligheid	https://www.rekenkamer.nl/binaries/rekenkamer/documenten/kamerstukken/2022/06/07/beantwoording-vragen-tweede-kamer-over-de-resultaten-verantwoordingsonderzoek-2021-bij-het-ministerie-van-justitie-en-veiligheid/Kamervragen+VO+JenV+2021.pdf	2022-06-07	22002884 R	Beantwoording vragen Tweede Kamer over de Resultaten verantwoordingsonderzoek 2021 bij het Ministerie van Justitie en Veiligheid	7 juni 2022	<UNKNOWN>	5	Heeft de ARK (internationale) voorbeelden van begrotingen van J&V die meer sturingsinformatie opleveren omtrent bijvoorbeeld artikel 31 die ruim 44 % van de begroting beslaat?	Mede omdat de staatsrechtelijke en bestuurlijke context van landen verschilt kunnen wij daar geen direct antwoord op geven. Het is wel een thema om in overleg met de Europese Rekenkamers te agenderen. Indien we daar informatie uit krijgen zullen we die delen.			DEFL	H	De AR geeft aan geen direct antwoord te kunnen geven op de vraag en verwijst naar mogelijk toekomstig overleg met Europese Rekenkamers. Er wordt geen substantiële inhoud geleverd; het antwoord is een uitleg waarom men niet kan antwoorden plus een toezegging voor de toekomst.		
137	rekenkamer__kamerstuk:2022:06:07:beantwoording-vragen-tweede-kamer-over-de-resultaten-verantwoordingsonderzoek-2021-bij-het-ministerie-van-szw	Beantwoording vragen Tweede Kamer over de Resultaten verantwoordingsonderzoek 2021 bij het Ministerie van SZW	https://www.rekenkamer.nl/binaries/rekenkamer/documenten/kamerstukken/2022/06/07/beantwoording-vragen-tweede-kamer-over-de-resultaten-verantwoordingsonderzoek-2021-bij-het-ministerie-van-szw/Kamervragen+VO+SZW+2021.pdf	2022-06-07	22002883 R	Beantwoording vragen Tweede Kamer over de Resultaten verantwoordingsonderzoek 2021 bij het Ministerie van Sociale Zaken en Werkgelegenheid	7 juni 2022	2021-2022	3	Wat is de reden dat de strategische risico's die het Inlichtingenbureau elk kwartaal in kaart brengt, niet wordt gedeeld met het ministerie?	Het is volgens ons aan de minister van SZW om deze vraag te beantwoorden. Wij hebben hier geen informatie over.			DEFL	H	De AR verwijst expliciet naar de minister en geeft aan zelf geen informatie te hebben. Er is geen substantiële inhoud; dit is een klassieke deflectie.		
137	rekenkamer__kamerstuk:2022:06:07:beantwoording-vragen-tweede-kamer-over-de-resultaten-verantwoordingsonderzoek-2021-bij-het-ministerie-van-szw	Beantwoording vragen Tweede Kamer over de Resultaten verantwoordingsonderzoek 2021 bij het Ministerie van SZW	https://www.rekenkamer.nl/binaries/rekenkamer/documenten/kamerstukken/2022/06/07/beantwoording-vragen-tweede-kamer-over-de-resultaten-verantwoordingsonderzoek-2021-bij-het-ministerie-van-szw/Kamervragen+VO+SZW+2021.pdf	2022-06-07	22002883 R	Beantwoording vragen Tweede Kamer over de Resultaten verantwoordingsonderzoek 2021 bij het Ministerie van Sociale Zaken en Werkgelegenheid	7 juni 2022	2021-2022	6	Welke mogelijkheden heeft het IB om met monitoringgegevens het niet-gebruik van voorzieningen voor werk en inkomen terug te dringen, welke worden er momenteel ingezet en welke mogelijkheden zijn nog onbenut?	Het IB treedt op als gegevensverwerker voor gemeenten om aan hen opgedragen wettelijke taken te kunnen uitvoeren (artikel 62 Wet SUWI). Hiertoe ontvangt het IB van diverse instanties persoonsgegevens die wettelijk verplicht zijn deze gegevens te leveren. Momenteel verstrekt het IB informatie aan gemeenten over personen die mogelijk in aanmerking komen voor bijzondere bijstand of voor een leer-werktraject. Dit laat zien dat het IB in beginsel in staat is om dergelijke monitoringgegevens te leveren. Het is echter aan de minister om te onderzoeken welke mogelijkheden nog onbenut zijn, hoe deze gerealiseerd kunnen worden en eventuele wetswijzigingen die hiervoor nodig zijn voor te stellen aan het parlement.		Artikel 62 Wet SUWI: Gegevensverwerking door IB	DEFL	M	Het antwoord bevat feitelijke informatie over de huidige rol van het IB, maar de kernvraag — welke mogelijkheden onbenut zijn — wordt expliciet doorverwezen naar de minister ('het is aan de minister om te onderzoeken welke mogelijkheden nog onbenut zijn'). De substantiële kern van de vraag wordt dus niet beantwoord. Omdat de deflectie het belangrijkste deel van de vraag betreft, weegt DEFL hier zwaarder, maar de aanwezige feitelijke inhoud maakt het minder zeker (M).		
137	rekenkamer__kamerstuk:2022:06:07:beantwoording-vragen-tweede-kamer-over-de-resultaten-verantwoordingsonderzoek-2021-bij-het-ministerie-van-szw	Beantwoording vragen Tweede Kamer over de Resultaten verantwoordingsonderzoek 2021 bij het Ministerie van SZW	https://www.rekenkamer.nl/binaries/rekenkamer/documenten/kamerstukken/2022/06/07/beantwoording-vragen-tweede-kamer-over-de-resultaten-verantwoordingsonderzoek-2021-bij-het-ministerie-van-szw/Kamervragen+VO+SZW+2021.pdf	2022-06-07	22002883 R	Beantwoording vragen Tweede Kamer over de Resultaten verantwoordingsonderzoek 2021 bij het Ministerie van Sociale Zaken en Werkgelegenheid	7 juni 2022	2021-2022	7	Welke lessen uit de invoering van de Tijdelijke overbruggingsregeling zelfstandig ondernemers (Tozo) worden gebruikt om een verbeterd vangnet voor zelfstandigen zonder personeel (ZZP'ers) uit te werken?	Het is volgens ons aan de minister van SZW om deze vraag te beantwoorden.			DEFL	H	De AR beantwoordt de vraag niet inhoudelijk en verwijst expliciet naar de minister van SZW. Dit is een klassiek DEFL-antwoord.		
139	rekenkamer__kamerstuk:2022:06:07:beantwoording-vragen-tweede-kamer-over-deresultaten-verantwoordingsonderzoek-2021-bij-het-ministerie-van-lnv	Beantwoording vragen Tweede Kamer over de Resultaten verantwoordingsonderzoek 2021 bij het Ministerie van LNV	https://www.rekenkamer.nl/binaries/rekenkamer/documenten/kamerstukken/2022/06/07/beantwoording-vragen-tweede-kamer-over-deresultaten-verantwoordingsonderzoek-2021-bij-het-ministerie-van-lnv/Beantwoording+kamervragen+VO+2021+LNV.pdf	2022-06-07	22002887 R	Beantwoording vragen Tweede Kamer over de Resultaten verantwoordingsonderzoek 2021 bij het Ministerie van Landbouw, Natuur en Voedselkwaliteit	7 juni 2022	2021-2022	2	Herkent en beaamt u de bewering van de Nederlandse Voedsel- en Warenautoriteit (NVWA) dat zij te weinig capaciteit heeft om mee te denken over de handhaafbaarheid en uitvoerbaarheid van Europese wet- en regelgeving en zo ja, wat is waar nodig om deze omissie in te vullen? Waarom is intensivering van capaciteit geen onderdeel van uw aanbeveling?	Wij herkennen het standpunt van de NVWA dat zij te weinig capaciteit heeft om mee te denken over de handhaafbaarheid en uitvoerbaarheid van Europese wet- en regelgeving. Wij hebben echter geen eigen onderzoek gedaan naar de omvang van dit capaciteitsgebrek en de gevolgen hiervan. Om die reden hebben we daarover ook geen aanbeveling gedaan.			DEFL	M	De AR erkent het standpunt van de NVWA (beperkt feitelijk), maar geeft vervolgens aan geen eigen onderzoek te hebben gedaan en daarom geen aanbeveling te doen. Het antwoord verklaart primair waarom de AR de vraag niet substantieel kan beantwoorden, wat past bij DEFL. Er is een klein feitelijk element (herkenning van het standpunt), maar het zwaartepunt ligt bij het niet-beantwoorden van de kern van de vraag.		
139	rekenkamer__kamerstuk:2022:06:07:beantwoording-vragen-tweede-kamer-over-deresultaten-verantwoordingsonderzoek-2021-bij-het-ministerie-van-lnv	Beantwoording vragen Tweede Kamer over de Resultaten verantwoordingsonderzoek 2021 bij het Ministerie van LNV	https://www.rekenkamer.nl/binaries/rekenkamer/documenten/kamerstukken/2022/06/07/beantwoording-vragen-tweede-kamer-over-deresultaten-verantwoordingsonderzoek-2021-bij-het-ministerie-van-lnv/Beantwoording+kamervragen+VO+2021+LNV.pdf	2022-06-07	22002887 R	Beantwoording vragen Tweede Kamer over de Resultaten verantwoordingsonderzoek 2021 bij het Ministerie van Landbouw, Natuur en Voedselkwaliteit	7 juni 2022	2021-2022	3	Ziet u mogelijkheden om de aanbevelingen voor toekomstige opkoopregelingen alsnog met terugwerkende kracht op de Subsidieregeling sanering varkenshouderijen toe te passen?	Wij hebben de aanbevelingen gedaan voor toekomstige opkoopregelingen. Dit omdat het nu niet meer mogelijk is om wijzigingen in de subsidievoorwaarden van de Subsidieregeling sanering varkenshouderij aan te brengen. De reden hiervoor is dat in 2021 de eerste aanvragen zijn vastgesteld en wijziging van de voorwaarden zou kunnen leiden tot rechtsongelijkheid tussen de subsidieontvangers.			DEFL	M	De AR beantwoordt de vraag niet inhoudelijk maar legt uit waarom zij de aanbevelingen niet met terugwerkende kracht kunnen toepassen. Er wordt geen substantieel nieuw oordeel, feit of advies gegeven; het is een uitleg van waarom de AR de gevraagde actie niet kan ondernemen. Een uitleg van WAAROM de AR niet kan antwoorden is nog steeds DEFL. Alternatief zou FEIT zijn (feitelijke constatering over rechtsongelijkheid), maar de kern is dat de vraag niet substantieel wordt beantwoord.		
139	rekenkamer__kamerstuk:2022:06:07:beantwoording-vragen-tweede-kamer-over-deresultaten-verantwoordingsonderzoek-2021-bij-het-ministerie-van-lnv	Beantwoording vragen Tweede Kamer over de Resultaten verantwoordingsonderzoek 2021 bij het Ministerie van LNV	https://www.rekenkamer.nl/binaries/rekenkamer/documenten/kamerstukken/2022/06/07/beantwoording-vragen-tweede-kamer-over-deresultaten-verantwoordingsonderzoek-2021-bij-het-ministerie-van-lnv/Beantwoording+kamervragen+VO+2021+LNV.pdf	2022-06-07	22002887 R	Beantwoording vragen Tweede Kamer over de Resultaten verantwoordingsonderzoek 2021 bij het Ministerie van Landbouw, Natuur en Voedselkwaliteit	7 juni 2022	2021-2022	4	"Hoe beoordeelt u de opvolging van de aanbeveling van de commissie-Van Dijk om de NVWA ""op enige afstand van de beide ministeries"" te plaatsen om een werkelijke autoriteit te worden?"	De toenmalige minister van Volksgezondheid, Welzijn en Sport en staatssecretaris van Economische Zaken, Landbouw en Innovatie hebben in hun reactie op de evaluatie van commissie-Van Dijk toegelicht dat ze deze aanbeveling niet overnamen (Kamerstuk 28 286, nr. 445, vergaderjaar 2010-2011). Zoals we op pagina 53 van ons rapport aangeven, hebben wij in ons verantwoordingsonderzoek 2021 geen onderzoek naar de aanbeveling verricht.		28 286, nr. 445: Evaluatie commissie-Van Dijk	DEFL	H	De AR geeft aan dat zij geen onderzoek naar deze aanbeveling heeft verricht en verwijst voor de inhoud naar de reactie van de toenmalige bewindspersonen. Er wordt geen eigen inhoudelijk oordeel, verklaring of aanbeveling gegeven.		
139	rekenkamer__kamerstuk:2022:06:07:beantwoording-vragen-tweede-kamer-over-deresultaten-verantwoordingsonderzoek-2021-bij-het-ministerie-van-lnv	Beantwoording vragen Tweede Kamer over de Resultaten verantwoordingsonderzoek 2021 bij het Ministerie van LNV	https://www.rekenkamer.nl/binaries/rekenkamer/documenten/kamerstukken/2022/06/07/beantwoording-vragen-tweede-kamer-over-deresultaten-verantwoordingsonderzoek-2021-bij-het-ministerie-van-lnv/Beantwoording+kamervragen+VO+2021+LNV.pdf	2022-06-07	22002887 R	Beantwoording vragen Tweede Kamer over de Resultaten verantwoordingsonderzoek 2021 bij het Ministerie van Landbouw, Natuur en Voedselkwaliteit	7 juni 2022	2021-2022	5	Hoe kijkt u naar de positionering van het outbreak management team in de zoönosestructuur en acht u haar onafhankelijkheid hierbij gewaarborgd?	U vraagt of wij de onafhankelijkheid van het outbreak management team in de zoönosestructuur geborgd achten. Hier hebben wij in het kader van ons verantwoordingsonderzoek 2021 geen onderzoek naar verricht.			DEFL	H	De AR geeft expliciet aan dat zij hier geen onderzoek naar heeft verricht en levert geen inhoudelijk antwoord op de vraag. Dit is een klassieke deflectie.		
139	rekenkamer__kamerstuk:2022:06:07:beantwoording-vragen-tweede-kamer-over-deresultaten-verantwoordingsonderzoek-2021-bij-het-ministerie-van-lnv	Beantwoording vragen Tweede Kamer over de Resultaten verantwoordingsonderzoek 2021 bij het Ministerie van LNV	https://www.rekenkamer.nl/binaries/rekenkamer/documenten/kamerstukken/2022/06/07/beantwoording-vragen-tweede-kamer-over-deresultaten-verantwoordingsonderzoek-2021-bij-het-ministerie-van-lnv/Beantwoording+kamervragen+VO+2021+LNV.pdf	2022-06-07	22002887 R	Beantwoording vragen Tweede Kamer over de Resultaten verantwoordingsonderzoek 2021 bij het Ministerie van Landbouw, Natuur en Voedselkwaliteit	7 juni 2022	2021-2022	7	Wat zijn op dit moment de wettelijke mogelijkheden om uit voorzorg in te grijpen bij dreiging van een dierziekte in de veehouderij en in welke wetsartikelen is dit vastgelegd?	U vraagt naar de wettelijke mogelijkheden om uit voorzorg in te grijpen bij dierziekten in de veehouderij. Maatregelen die de minister van LNV kan treffen ter preventie en bestrijding van besmettelijke dierziekten, zoönosen en ziekteverschijnselen zijn vastgelegd in hoofdstuk 5 van de Wet Dieren. De minister van LNV is onder andere bevoegd tot het laten isoleren, doden en/of vernietigen van dieren, geslachte dieren en diervoeders, het verplichten tot terughalen van dieren of diervoeders, het gelasten van een slachtverbod of het blokkeren van de afvoer van dieren van bedrijven. Voor een volledige beschrijving van de wettelijke bevoegdheden van de minister van LNV verwijzen wij u naar de verantwoordelijke minister en naar de Wet Dieren.			DEFL	M	De AR geeft een korte opsomming van enkele wettelijke bevoegdheden uit hoofdstuk 5 van de Wet Dieren, maar verwijst voor een volledig antwoord expliciet naar de minister en naar de wet zelf. De vraag valt buiten de kernscope van het verantwoordingsonderzoek; de AR beantwoordt de vraag niet substantieel zelf. Toch bevat het antwoord enige feitelijke inhoud, wat een alternatief label FEIT plausibel maakt – maar de expliciete doorverwijzing overheerst.		
139	rekenkamer__kamerstuk:2022:06:07:beantwoording-vragen-tweede-kamer-over-deresultaten-verantwoordingsonderzoek-2021-bij-het-ministerie-van-lnv	Beantwoording vragen Tweede Kamer over de Resultaten verantwoordingsonderzoek 2021 bij het Ministerie van LNV	https://www.rekenkamer.nl/binaries/rekenkamer/documenten/kamerstukken/2022/06/07/beantwoording-vragen-tweede-kamer-over-deresultaten-verantwoordingsonderzoek-2021-bij-het-ministerie-van-lnv/Beantwoording+kamervragen+VO+2021+LNV.pdf	2022-06-07	22002887 R	Beantwoording vragen Tweede Kamer over de Resultaten verantwoordingsonderzoek 2021 bij het Ministerie van Landbouw, Natuur en Voedselkwaliteit	7 juni 2022	2021-2022	8	Is het wettelijk mogelijk om dieren preventief te ruimen bij dreiging van een dierziekte, ook als de ziekte niet is aangetroffen bij de betreffende dieren of in de nabije omgeving? Zo ja, op basis van welke wetsartikelen?	Het is aan de minister van LNV om deze vraag te beantwoorden.			DEFL	H	De AR beantwoordt de vraag niet inhoudelijk en verwijst expliciet naar de minister van LNV. Dit is een klassiek DEFL-antwoord.		
139	rekenkamer__kamerstuk:2022:06:07:beantwoording-vragen-tweede-kamer-over-deresultaten-verantwoordingsonderzoek-2021-bij-het-ministerie-van-lnv	Beantwoording vragen Tweede Kamer over de Resultaten verantwoordingsonderzoek 2021 bij het Ministerie van LNV	https://www.rekenkamer.nl/binaries/rekenkamer/documenten/kamerstukken/2022/06/07/beantwoording-vragen-tweede-kamer-over-deresultaten-verantwoordingsonderzoek-2021-bij-het-ministerie-van-lnv/Beantwoording+kamervragen+VO+2021+LNV.pdf	2022-06-07	22002887 R	Beantwoording vragen Tweede Kamer over de Resultaten verantwoordingsonderzoek 2021 bij het Ministerie van Landbouw, Natuur en Voedselkwaliteit	7 juni 2022	2021-2022	10	Zijn er voorbeelden beschikbaar van beleidsterreinen waarin het voorzorgsprincipe wettelijk verankerd of anderszins geborgd is?	U vraagt naar voorbeelden van beleidsterreinen waarin het voorzorgsprincipe wettelijk verankerd is. Hier hebben wij in het kader van ons verantwoordingsonderzoek 2021 geen onderzoek naar verricht.			DEFL	H	De AR geeft expliciet aan dat zij hier geen onderzoek naar heeft verricht en levert geen inhoudelijk antwoord op de vraag. Dit is een klassiek DEFL-antwoord.		
139	rekenkamer__kamerstuk:2022:06:07:beantwoording-vragen-tweede-kamer-over-deresultaten-verantwoordingsonderzoek-2021-bij-het-ministerie-van-lnv	Beantwoording vragen Tweede Kamer over de Resultaten verantwoordingsonderzoek 2021 bij het Ministerie van LNV	https://www.rekenkamer.nl/binaries/rekenkamer/documenten/kamerstukken/2022/06/07/beantwoording-vragen-tweede-kamer-over-deresultaten-verantwoordingsonderzoek-2021-bij-het-ministerie-van-lnv/Beantwoording+kamervragen+VO+2021+LNV.pdf	2022-06-07	22002887 R	Beantwoording vragen Tweede Kamer over de Resultaten verantwoordingsonderzoek 2021 bij het Ministerie van Landbouw, Natuur en Voedselkwaliteit	7 juni 2022	2021-2022	13	Zou een wettelijke verankering van het voorzorgsbeginsel volgens u de kans verminderen dat er schadeclaims kunnen komen vanwege onvoorzienbaarheid of wetenschappelijke onzekerheid over het causale verband tussen bepaalde activiteiten en de opgetreden schade?	U vraagt of een wettelijke verankering van het voorzorgsbeginsel volgens ons de kans zou verminderen op schadeclaims. Wij beschikken niet over informatie om deze vraag te kunnen beantwoorden.			DEFL	H	De AR geeft expliciet aan niet over informatie te beschikken om de vraag te beantwoorden. Er wordt geen inhoudelijk antwoord gegeven, wat een duidelijk geval van DEFL is.		
139	rekenkamer__kamerstuk:2022:06:07:beantwoording-vragen-tweede-kamer-over-deresultaten-verantwoordingsonderzoek-2021-bij-het-ministerie-van-lnv	Beantwoording vragen Tweede Kamer over de Resultaten verantwoordingsonderzoek 2021 bij het Ministerie van LNV	https://www.rekenkamer.nl/binaries/rekenkamer/documenten/kamerstukken/2022/06/07/beantwoording-vragen-tweede-kamer-over-deresultaten-verantwoordingsonderzoek-2021-bij-het-ministerie-van-lnv/Beantwoording+kamervragen+VO+2021+LNV.pdf	2022-06-07	22002887 R	Beantwoording vragen Tweede Kamer over de Resultaten verantwoordingsonderzoek 2021 bij het Ministerie van Landbouw, Natuur en Voedselkwaliteit	7 juni 2022	2021-2022	14	Op welke momenten in de coronacrisis heeft het naar uw opvatting ontbroken aan doorzettingsmacht bij de minister van VWS?	Op basis van ons onderzoek kunnen we hier geen uitspraken over doen. We wijzen er op dat zoönosecrisissen van elkaar verschillen. Het coronavirus kwam uit het buitenland en werd binnen Nederland in principe van mens op mens overgedragen (naast een paar mogelijke besmettingen van nerts op mens). Bij de Q-koorts vond besmetting binnen Nederland plaats van geiten en schapen op mensen. Onze aanbeveling om de minister van VWS doorzettingsmacht te geven is gericht op crisissituaties waar een virus zich in Nederland (mogelijk) verspreid van dieren op mensen.			DEFL	M	De AR begint met expliciet te stellen dat ze hier geen uitspraken over kan doen ('Op basis van ons onderzoek kunnen we hier geen uitspraken over doen'), wat een duidelijke deflectie is. Hoewel er context wordt gegeven en een eerdere aanbeveling wordt herhaald, beantwoordt de AR de gestelde vraag niet substantieel. De feitelijke toelichting en verwijzing naar de aanbeveling dienen vooral om uit te leggen waarom ze niet antwoorden. Alternatief label ADV is denkbaar vanwege de herhaalde aanbeveling, maar die is niet nieuw of prescriptief gericht op de vraag.		
139	rekenkamer__kamerstuk:2022:06:07:beantwoording-vragen-tweede-kamer-over-deresultaten-verantwoordingsonderzoek-2021-bij-het-ministerie-van-lnv	Beantwoording vragen Tweede Kamer over de Resultaten verantwoordingsonderzoek 2021 bij het Ministerie van LNV	https://www.rekenkamer.nl/binaries/rekenkamer/documenten/kamerstukken/2022/06/07/beantwoording-vragen-tweede-kamer-over-deresultaten-verantwoordingsonderzoek-2021-bij-het-ministerie-van-lnv/Beantwoording+kamervragen+VO+2021+LNV.pdf	2022-06-07	22002887 R	Beantwoording vragen Tweede Kamer over de Resultaten verantwoordingsonderzoek 2021 bij het Ministerie van Landbouw, Natuur en Voedselkwaliteit	7 juni 2022	2021-2022	15	Gelden de aanbevelingen die u doet met betrekking tot Staatsbosbeheer ook voor andere terreinbeherende organisaties, zoals Natuurmonumenten?	Ons onderzoek in het VO LNV 2021 heeft zich beperkt tot Staatsbosbeheer. In hoeverre onze conclusies en aanbevelingen ook geldig zijn voor andere terrein beherende organisaties kunnen wij niet zonder verder onderzoek vaststellen.			DEFL	H	De AR geeft expliciet aan dat het onderzoek zich beperkte tot Staatsbosbeheer en dat zij zonder verder onderzoek geen uitspraak kan doen over andere organisaties. Er wordt geen substantieel inhoudelijk antwoord op de vraag gegeven.		
140	rekenkamer__kamerstuk:2022:06:08:beantwoording-vragen-tweede-kamer-over-de-resultaten-verantwoordingsonderzoek-2021-bij-het-ministerie-van-ezk	Beantwoording vragen Tweede Kamer over de Resultaten verantwoordingsonderzoek 2021 bij het Ministerie van EZK	https://www.rekenkamer.nl/binaries/rekenkamer/documenten/kamerstukken/2022/06/08/beantwoording-vragen-tweede-kamer-over-de-resultaten-verantwoordingsonderzoek-2021-bij-het-ministerie-van-ezk/Beantwoording+Kamervragen+EZK.pdf	2022-06-08	22002886	Beantwoording vragen Tweede Kamer over de Resultaten verantwoordingsonderzoek 2021 bij het Ministerie van EZK	8 juni 2022	<UNKNOWN>	4	Welke mogelijkheden ziet de Algemene Rekenkamer om de vergunningverlening voor elektriciteitsinfrastructuur te versnellen?	Wij hebben geen onderzoek verricht naar de mogelijkheden om de vergunningverlening voor elektriciteitsinfrastructuur te versnellen.			DEFL	H	De AR geeft expliciet aan dat zij geen onderzoek heeft verricht naar dit onderwerp en biedt geen inhoudelijk antwoord. Dit is een klassieke deflectie.		
141	rekenkamer__kamerstuk:2022:06:08:beantwoording-vragen-tweede-kamer-over-de-resultaten-verantwoordingsonderzoek-2021-bij-het-ministerie-van-ocw	Beantwoording vragen Tweede Kamer over de Resultaten verantwoordingsonderzoek 2021 bij het Ministerie van OCW	https://www.rekenkamer.nl/binaries/rekenkamer/documenten/kamerstukken/2022/06/08/beantwoording-vragen-tweede-kamer-over-de-resultaten-verantwoordingsonderzoek-2021-bij-het-ministerie-van-ocw/Emailversie+Kamervragen+OCW.pdf	2022-06-08	22002882 R	Beantwoording vragen Tweede Kamer over de Resultaten verantwoordingsonderzoek 2021 bij het Ministerie van Onderwijs, Cultuur en Wetenschap	8 juni 2022	<UNKNOWN>	6	Bij hoeveel scholen heeft de onduidelijkheid rond het binnen twee jaar uitgeven van de middelen voor het Nationaal Programma Onderwijs geleid tot onduidelijkheid en een minder effectieve besteding van het geld? Is daar een absoluut aantal van te geven, als mede een percentage van het aantal scholen?	Het is methodologisch niet mogelijk om op basis van ons onderzoek een uitspraak te doen over het aantal of percentage van het aantal scholen. De meeste van de 15 schoolleiders die wij in ons onderzoek spraken, wisten niet dat het hier niet ging om een verplichting. Zij dachten dat de NP Onderwijs lumpsum financiering binnen twee jaar tot besteding moest leiden.			DEFL	M	De AR geeft expliciet aan dat het methodologisch niet mogelijk is om de gevraagde aantallen/percentages te geven, wat een deflectie is. Vervolgens wordt wel een feitelijke bevinding gemeld over de 15 schoolleiders, maar de kern van de vraag (absoluut aantal en percentage) wordt niet beantwoord. Toch bevat het antwoord enige inhoud (FEIT over de 15 schoolleiders), waardoor er een alternatief label denkbaar is; de prioriteitsregel zegt echter dat inhoud wint van deflectie. Desondanks is de feitelijke toevoeging meer een toelichting op waarom ze niet kunnen antwoorden, wat DEFL versterkt.		
141	rekenkamer__kamerstuk:2022:06:08:beantwoording-vragen-tweede-kamer-over-de-resultaten-verantwoordingsonderzoek-2021-bij-het-ministerie-van-ocw	Beantwoording vragen Tweede Kamer over de Resultaten verantwoordingsonderzoek 2021 bij het Ministerie van OCW	https://www.rekenkamer.nl/binaries/rekenkamer/documenten/kamerstukken/2022/06/08/beantwoording-vragen-tweede-kamer-over-de-resultaten-verantwoordingsonderzoek-2021-bij-het-ministerie-van-ocw/Emailversie+Kamervragen+OCW.pdf	2022-06-08	22002882 R	Beantwoording vragen Tweede Kamer over de Resultaten verantwoordingsonderzoek 2021 bij het Ministerie van Onderwijs, Cultuur en Wetenschap	8 juni 2022	<UNKNOWN>	17	Hoeveel scholen hebben alle middelen voor het Nationaal Programma Onderwijs al uitgegeven?	Deze vraag kunnen wij op basis van ons onderzoek niet beantwoorden.			DEFL	H	De AR geeft expliciet aan dat zij de vraag niet kan beantwoorden op basis van hun onderzoek. Dit is een klassiek DEFL-antwoord zonder enige substantiële inhoud.		
144	rekenkamer__kamerstuk:2023:06:06:beantwoording-vragen-tweede-kamer-betreffende-overkoepelende---overige-vragen-die-betrekking-hebben-op-rapporten-resultaten-verantwoordingsonderzoek-2022	Beantwoording vragen Tweede Kamer betreffende overkoepelende / overige vragen die betrekking hebben op rapporten resultaten verantwoordingsonderzoek 2022	https://www.rekenkamer.nl/binaries/rekenkamer/documenten/kamerstukken/2023/06/06/beantwoording-vragen-tweede-kamer-betreffende-overkoepelende---overige-vragen-die-betrekking-hebben-op-rapporten-resultaten-verantwoordingsonderzoek-2022/Antwoord+kamervraag+Digitale+Zaken+samengevoegd.pdf	2023-06-06	23003322	Beantwoording vragen Tweede Kamer betreffende overkoepelende / overige vragen die betrekking hebben op rapporten resultaten verantwoordingsonderzoek 2022	6 juni 2023	<UNKNOWN>	2	Is er een inschatting te geven hoeveel procent van de algoritmes van de Rijksoverheid niet voldoen aan de criteria, gesteld door de Algemene Rekenkamer (ARK)?	Helaas kunnen we dit percentage niet inschatten. Er is geen centraal overzicht van het aantal algoritmes dat binnen de rijksoverheid in gebruik is. Er is wel een algoritmeregister van de rijksoverheid (https://algoritmes.overheid.nl/nl), maar deze is beperkt gevuld. Ministeries of uitvoeringsorganisaties hebben soms een eigen algoritmeregister (bijvoorbeeld https://www.rijksoverheid.nl/ministeries/ministerie-van-justitie-en-veiligheid/algoritmen), maar koppelen dit vooralsnog niet consequent aan het centrale register. Daarbij komt dat de door ons onderzochte algoritmes niet representatief zijn voor alle algoritmes die de rijksoverheid gebruikt. We hebben de algoritmes namelijk risicogericht geselecteerd.			DEFL	H	De AR geeft expliciet aan dat ze het gevraagde percentage niet kan inschatten en legt uit waarom (geen centraal overzicht, niet-representatieve selectie). Er wordt geen substantieel inhoudelijk antwoord op de vraag gegeven; de uitleg dient slechts ter verantwoording van het niet-kunnen-beantwoorden.		
146	rekenkamer__kamerstuk:2023:06:06:beantwoording-vragen-tweede-kamer-over-de-resultaten-verantwoordingsonderzoek-2022-bij-het-ministerie-van-ezk	Beantwoording vragen Tweede Kamer over de Resultaten verantwoordingsonderzoek 2022 bij het Ministerie van EZK	https://www.rekenkamer.nl/binaries/rekenkamer/documenten/kamerstukken/2023/06/06/beantwoording-vragen-tweede-kamer-over-de-resultaten-verantwoordingsonderzoek-2022-bij-het-ministerie-van-ezk/antwoorden+Kamervraag+VO+EZK.pdf	2023-06-06	23003324 R	Beantwoording vragen Tweede Kamer over de Resultaten verantwoordingsonderzoek 2022 bij het Ministerie van Economische Zaken en Klimaat	6 juni 2023	<UNKNOWN>	1	Hoe duidt u het feit dat het ministerie van Economische Zaken en Klimaat de meeste Incidentele suppletoire begrotingen (ISB's) van alle departementen heeft?	Het is aan de bewindspersoon om de keuze voor de inzet van Incidentele Suppletoire Begrotingen te duiden. Zie hiervoor het overzicht op de website van het Ministerie van Financiën.1 Het beleidsterrein van het Ministerie van Economische Zaken en Klimaat in het bijzonder is in 2022 geraakt door onvoorziene omstandigheden, zoals de forse stijging van energieprijzen als gevolg van de Oekraïneoorlog, dat het kabinet heeft doen besluiten om maatregelen te nemen die niet in de ontwerpbegroting 2022 waren opgenomen.		<UNKNOWN>: Ministerie van Financiën - overzicht Incidentele Suppletoire Begrotingen 2022	DEFL	M	De AR verwijst primair naar de bewindspersoon ('Het is aan de bewindspersoon om … te duiden') en naar de website van Financiën. De aanvullende context over onvoorziene omstandigheden is feitelijke achtergrond, maar beantwoordt niet de 'duiding'-vraag zelf. De kern is deflectie: de AR geeft aan dat het niet aan haar is om dit te duiden.		
147	rekenkamer__kamerstuk:2023:06:06:beantwoording-vragen-tweede-kamer-over-de-resultaten-verantwoordingsonderzoek-2022-bij-het-ministerie-van-financien	Beantwoording vragen Tweede Kamer over de Resultaten verantwoordingsonderzoek 2022 bij het Ministerie van Financiën	https://www.rekenkamer.nl/binaries/rekenkamer/documenten/kamerstukken/2023/06/06/beantwoording-vragen-tweede-kamer-over-de-resultaten-verantwoordingsonderzoek-2022-bij-het-ministerie-van-financien/Antwoord+Kamervragen+MinFin+en+NS.pdf	2023-06-06	23003334 R	Beantwoording vragen Tweede Kamer over de Resultaten verantwoordingsonderzoek 2022 bij het Ministerie van Financiën	6 juni 2023	<UNKNOWN>	9	Heeft de Algemene Rekenkamer zicht op voor hoeveel (fiscale) regelingen het zo is dat er geen inzicht is in het nalevingsgedrag (zoals bij de schenk- en erfbelasting)?	Hier hebben wij geen onderzoek naar gedaan en wij verwijzen voor een antwoord op deze vraag naar de minister van Financiën.			DEFL	H	De AR geeft expliciet aan dat zij hier geen onderzoek naar heeft gedaan en verwijst door naar de minister van Financiën. Er wordt geen substantiële inhoud geleverd.		
147	rekenkamer__kamerstuk:2023:06:06:beantwoording-vragen-tweede-kamer-over-de-resultaten-verantwoordingsonderzoek-2022-bij-het-ministerie-van-financien	Beantwoording vragen Tweede Kamer over de Resultaten verantwoordingsonderzoek 2022 bij het Ministerie van Financiën	https://www.rekenkamer.nl/binaries/rekenkamer/documenten/kamerstukken/2023/06/06/beantwoording-vragen-tweede-kamer-over-de-resultaten-verantwoordingsonderzoek-2022-bij-het-ministerie-van-financien/Antwoord+Kamervragen+MinFin+en+NS.pdf	2023-06-06	23003334 R	Beantwoording vragen Tweede Kamer over de Resultaten verantwoordingsonderzoek 2022 bij het Ministerie van Financiën	6 juni 2023	<UNKNOWN>	10	Welke verbetermogelijkheden ziet de Algemene Rekenkamer nog wat betreft het toezicht op fiscale regelingen?	Wij hebben onderzocht of de minister van Financiën toezicht houdt op de toepassing van het toetsingskader voor fiscale regelingen, niet naar mogelijke verbeteringen in het toezicht.			DEFL	H	De AR geeft aan dat zij het gevraagde onderwerp (verbetermogelijkheden in het toezicht) niet heeft onderzocht en beantwoordt de vraag dus niet inhoudelijk. Dit is een klassieke DEFL: geen substantieel antwoord, enkel een afbakening van de eigen onderzoeksscope.		
147	rekenkamer__kamerstuk:2023:06:06:beantwoording-vragen-tweede-kamer-over-de-resultaten-verantwoordingsonderzoek-2022-bij-het-ministerie-van-financien	Beantwoording vragen Tweede Kamer over de Resultaten verantwoordingsonderzoek 2022 bij het Ministerie van Financiën	https://www.rekenkamer.nl/binaries/rekenkamer/documenten/kamerstukken/2023/06/06/beantwoording-vragen-tweede-kamer-over-de-resultaten-verantwoordingsonderzoek-2022-bij-het-ministerie-van-financien/Antwoord+Kamervragen+MinFin+en+NS.pdf	2023-06-06	23003334 R	Beantwoording vragen Tweede Kamer over de Resultaten verantwoordingsonderzoek 2022 bij het Ministerie van Financiën	6 juni 2023	<UNKNOWN>	11	Welke mogelijkheden ziet de Algemene Rekenkamer om de doelmatigheid van fiscale regelingen beter in beeld te krijgen? Vindt de Algemene Rekenkamer dat hier nu voldoende oog voor is?	In het kader van het verantwoordingsonderzoek 2022 hebben we daar geen onderzoek naar gedaan. Voor een overzicht van ons onderzoek naar fiscale regelingen verwijzen we naar onze brief aan de voorzitter van de Tweede Kamer van 28 september 2022 over 'Rode draden uit onze onderzoeken naar de ontvangsten van het Rijk' (punt 2).		<UNKNOWN>: Brief aan voorzitter Tweede Kamer van 28 september 2022 over 'Rode draden uit onze onderzoeken naar de ontvangsten van het Rijk'	DEFL	H	De AR geeft expliciet aan geen onderzoek te hebben gedaan naar dit onderwerp en verwijst door naar een eerdere brief. Er wordt geen inhoudelijk antwoord gegeven op de gestelde vraag.		
149	rekenkamer__kamerstuk:2023:06:06:beantwoording-vragen-tweede-kamer-over-de-resultaten-verantwoordingsonderzoek-2022-bij-het-ministerie-van-justitie-en-veiligheid	Beantwoording vragen Tweede Kamer over de Resultaten verantwoordingsonderzoek 2022 bij het Ministerie van Justitie en Veiligheid	https://www.rekenkamer.nl/binaries/rekenkamer/documenten/kamerstukken/2023/06/06/beantwoording-vragen-tweede-kamer-over-de-resultaten-verantwoordingsonderzoek-2022-bij-het-ministerie-van-justitie-en-veiligheid/Antwoord+Kamervragen+VO+JenV.pdf	2023-06-06	23003335 R	Beantwoording vragen Tweede Kamer over de Resultaten verantwoordingsonderzoek 2022 bij het Ministerie van Justitie en Veiligheid	6 juni 2023	<UNKNOWN>	10	Hoe zou het algoritme kunnen worden aangepast zodat het kan werken zoals het oorspronkelijk is bedoeld?	Dit is niet aan de Algemene Rekenkamer, maar aan de minister van JenV. Zij kan mede aan de hand van onze bevindingen en aan de hand van het toetsingskader de inzet van dit algoritme heroverwegen.			DEFL	H	De AR verwijst expliciet naar de minister van JenV en geeft aan dat dit niet aan de Algemene Rekenkamer is. Er wordt geen inhoudelijk antwoord op de vraag gegeven, alleen een doorverwijzing.		
149	rekenkamer__kamerstuk:2023:06:06:beantwoording-vragen-tweede-kamer-over-de-resultaten-verantwoordingsonderzoek-2022-bij-het-ministerie-van-justitie-en-veiligheid	Beantwoording vragen Tweede Kamer over de Resultaten verantwoordingsonderzoek 2022 bij het Ministerie van Justitie en Veiligheid	https://www.rekenkamer.nl/binaries/rekenkamer/documenten/kamerstukken/2023/06/06/beantwoording-vragen-tweede-kamer-over-de-resultaten-verantwoordingsonderzoek-2022-bij-het-ministerie-van-justitie-en-veiligheid/Antwoord+Kamervragen+VO+JenV.pdf	2023-06-06	23003335 R	Beantwoording vragen Tweede Kamer over de Resultaten verantwoordingsonderzoek 2022 bij het Ministerie van Justitie en Veiligheid	6 juni 2023	<UNKNOWN>	12	Klopt het dat sommige risico's al gemitigeerd zijn door invoering van Ritax 2.0 in 2022? Zo ja, welke risico's?	We hebben geen vergelijking gemaakt tussen de risicobeheersing ten tijde van Ritax 1.0 en Ritax 2.0. Ons onderzoek brengt de stand van zaken wat betreft de risicobeheersing in kaart gedurende 2022. In 2022 werd Ritax 2.0 ingevoerd met onder meer een nieuwe, op Nederlandse data gebaseerde normering en een verfijnde indeling van risicoscores. Deze elementen zijn meegenomen in ons onderzoek naar de risicobeheersing op het gebied van data en model.			DEFL	H	De AR geeft expliciet aan geen vergelijking te hebben gemaakt tussen Ritax 1.0 en 2.0, en beantwoordt de vraag ('welke risico's zijn gemitigeerd?') dus niet substantieel. De bijkomende beschrijving van het eigen onderzoek is geen inhoudelijk antwoord op de gestelde vraag.		
150	rekenkamer__kamerstuk:2023:06:06:beantwoording-vragen-tweede-kamer-over-de-resultaten-verantwoordingsonderzoek-2022-bij-het-ministerie-van-ocw	Beantwoording vragen Tweede Kamer over de Resultaten verantwoordingsonderzoek 2022 bij het Ministerie van OCW	https://www.rekenkamer.nl/binaries/rekenkamer/documenten/kamerstukken/2023/06/06/beantwoording-vragen-tweede-kamer-over-de-resultaten-verantwoordingsonderzoek-2022-bij-het-ministerie-van-ocw/Antwoord+Kamervragen+OCW.pdf	2023-06-06	23003339 R	Beantwoording vragen Tweede Kamer over de Resultaten verantwoordingsonderzoek 2022 bij het Ministerie van Onderwijs, Cultuur en Wetenschap	6 juni 2023	2022-2023	4	Bent u van mening dat de onvolkomenheid bij DUO volledig is opgelost, mits de genoemde suggesties worden doorgevoerd?	Het is allereerst aan DUO zelf om aan te geven welke verbetermaatregelen nog noodzakelijk zijn om de onvolkomenheid 'Informatiebeveiliging: Autorisatiebeheer DUO' op te lossen. Het is vervolgens ook aan DUO om aan te tonen dat de onvolkomenheid daadwerkelijk is opgelost. De suggesties in het rapport dragen naar onze mening bij aan het oplossen van deze onvolkomenheid. Of de onvolkomenheid daarmee volledig is opgelost vraagt (nieuw) onderzoek waarbij wij de opzet, bestaan en werking van de door DUO getroffen verbetermaatregelen zullen nagaan. We zullen dit onderzoek uitvoeren als onderdeel van het Verantwoordingsonderzoek OCW 2023.			DEFL	M	De AR beantwoordt de vraag niet inhoudelijk maar geeft aan dat het aan DUO is om dit aan te tonen en dat nieuw onderzoek nodig is (Verantwoordingsonderzoek 2023). Hoewel er een licht oordeel zit in 'dragen naar onze mening bij', is de kern van het antwoord een doorverwijzing naar DUO en toekomstig onderzoek, wat DEFL rechtvaardigt.		
150	rekenkamer__kamerstuk:2023:06:06:beantwoording-vragen-tweede-kamer-over-de-resultaten-verantwoordingsonderzoek-2022-bij-het-ministerie-van-ocw	Beantwoording vragen Tweede Kamer over de Resultaten verantwoordingsonderzoek 2022 bij het Ministerie van OCW	https://www.rekenkamer.nl/binaries/rekenkamer/documenten/kamerstukken/2023/06/06/beantwoording-vragen-tweede-kamer-over-de-resultaten-verantwoordingsonderzoek-2022-bij-het-ministerie-van-ocw/Antwoord+Kamervragen+OCW.pdf	2023-06-06	23003339 R	Beantwoording vragen Tweede Kamer over de Resultaten verantwoordingsonderzoek 2022 bij het Ministerie van Onderwijs, Cultuur en Wetenschap	6 juni 2023	2022-2023	7	Hoe beoordeelt u de digitale capaciteit van DUO om beleidswijzigingen aan te kunnen? Is dit verbeterd of verslechterd?	Wij hebben geen onderzoek gedaan naar de digitale capaciteit van DUO om beleidswijzigingen aan te kunnen. Wel constateren we dat DUO het afgelopen jaar verbeteringen heeft doorgevoerd in het IT-beheer.			DEFL	M	Het antwoord begint met een expliciete deflectie ('Wij hebben geen onderzoek gedaan naar...'), maar bevat vervolgens een korte constatering over verbeteringen bij DUO. Die constatering is minimaal en beantwoordt de gestelde vraag niet substantieel. Toch bevat het enige inhoud (FEIT), wat een alternatief label plausibel maakt. Omdat de kern van het antwoord is dat de AR de vraag niet heeft onderzocht, weegt DEFL het zwaarst, maar de aanwezigheid van een beperkte feitelijke opmerking verlaagt de zekerheid.		
150	rekenkamer__kamerstuk:2023:06:06:beantwoording-vragen-tweede-kamer-over-de-resultaten-verantwoordingsonderzoek-2022-bij-het-ministerie-van-ocw	Beantwoording vragen Tweede Kamer over de Resultaten verantwoordingsonderzoek 2022 bij het Ministerie van OCW	https://www.rekenkamer.nl/binaries/rekenkamer/documenten/kamerstukken/2023/06/06/beantwoording-vragen-tweede-kamer-over-de-resultaten-verantwoordingsonderzoek-2022-bij-het-ministerie-van-ocw/Antwoord+Kamervragen+OCW.pdf	2023-06-06	23003339 R	Beantwoording vragen Tweede Kamer over de Resultaten verantwoordingsonderzoek 2022 bij het Ministerie van Onderwijs, Cultuur en Wetenschap	6 juni 2023	2022-2023	10	Wanneer komt de lichte herhaaltoets van het ICT-adviescollege op DUO?	Het is aan het ICT-adviescollege zelf om aan te geven wanneer de lichte herhaaltoets plaats zal vinden.			DEFL	H	De AR beantwoordt de vraag niet inhoudelijk maar verwijst door naar het ICT-adviescollege als de partij die hierover kan beslissen. Er wordt geen eigen informatie, oordeel of aanbeveling gegeven.		
159	rekenkamer__kamerstuk:2024:06:04:beantwoording-vragen-tweede-kamer-over-het-verantwoordingsonderzoek-2023-bij-buitenlandse-handel-en-ontwikkelingssamenwerking	Beantwoording vragen Tweede Kamer over het Verantwoordingsonderzoek 2023 bij Buitenlandse Handel en Ontwikkelingssamenwerking	https://www.rekenkamer.nl/binaries/rekenkamer/documenten/kamerstukken/2024/06/04/beantwoording-vragen-tweede-kamer-over-het-verantwoordingsonderzoek-2023-bij-buitenlandse-handel-en-ontwikkelingssamenwerking/Beantwoording+vragen+VO+2023+BHOS.pdf	2024-06-04	24002124 R	Beantwoording vragen Tweede Kamer over het Verantwoordingsonderzoek 2023 bij Buitenlandse Handel en Ontwikkelingssamenwerking	4 juni 2024	2023	3	Welke mogelijkheden ziet de Algemene Rekenkamer op het gebied van steun voor geestelijke gezondheidszorg en psychosociale steun om meer inzicht in de concrete resultaten te krijgen met inachtneming van de omstandigheden?	Hier hebben wij in het kader van ons verantwoordingsonderzoek 2023 geen onderzoek naar gedaan. De passage waaraan u refereert is opgenomen om te illustreren dat de resultaten lastig navolgbaar zijn, omdat het extra geld veelal wordt uitgegeven via multilaterale instellingen.			DEFL	H	De AR geeft expliciet aan dat zij hier geen onderzoek naar heeft gedaan en biedt geen substantieel inhoudelijk antwoord op de vraag. De toelichting verklaart alleen waarom ze niet kunnen antwoorden, wat nog steeds DEFL is.		
160	rekenkamer__kamerstuk:2024:06:04:beantwoording-vragen-tweede-kamer-over-het-verantwoordingsonderzoek-2023-bij-het-ministerie-van-binnenlandse-zaken-en-koninkrijksrelaties	Beantwoording vragen Tweede Kamer over het Verantwoordingsonderzoek 2023 bij het Ministerie van Binnenlandse Zaken en Koninkrijksrelaties	https://www.rekenkamer.nl/binaries/rekenkamer/documenten/kamerstukken/2024/06/04/beantwoording-vragen-tweede-kamer-over-het-verantwoordingsonderzoek-2023-bij-het-ministerie-van-binnenlandse-zaken-en-koninkrijksrelaties/Beantwoording+Kamervragen+VO+2023+BZK.pdf	2024-06-04	24002118	Beantwoording vragen Tweede Kamer over het Verantwoordingsonderzoek 2023 bij het Ministerie van Binnenlandse Zaken en Koninkrijksrelaties	4 juni 2024	<UNKNOWN>	5	Welke betere financiële instrumenten ter stimulering van de woningbouw kunnen er ontwikkeld worden ter compensatie van hoge verwervingskosten en hoge kosten van bovenplanse of bovenwijkse voorzieningen, gezien het feit dat grondexploitaties nu een negatief resultaat hebben als gevolg van hoge verwervingskosten bij binnenstedelijk bouwen, en door hogere kosten van bovenwijkse voorzieningen?	Voortkomend uit onze taak om het bestaande beleid te onderzoeken, richtte ons onderzoek uit 2022 zich op de vraag hoe doeltreffend en doelmatig de Woningbouwimpuls is vormgegeven. We zijn daarbij uitgegaan van de voorwaarden van de regeling zoals de minister deze heeft vormgegeven, dus dat een gemeente (een deel van) de publieke onrendabele top op het gehele project voor subsidiering mag aandragen. Daar gaan onze conclusies over. We hebben geen onderzoek gedaan naar andersoortige instrumenten. De aanbevelingen de we bij vraag 2 samengevat hebben opgenomen, geven wel richting voor een doeltreffendere en doelmatigere vormgeving van zo'n soort instrument.			DEFL	H	De AR geeft aan dat zij geen onderzoek heeft gedaan naar andersoortige financiële instrumenten en verwijst voor aanbevelingen naar het antwoord bij vraag 2. Er wordt geen substantieel inhoudelijk antwoord op de gestelde vraag gegeven.		
160	rekenkamer__kamerstuk:2024:06:04:beantwoording-vragen-tweede-kamer-over-het-verantwoordingsonderzoek-2023-bij-het-ministerie-van-binnenlandse-zaken-en-koninkrijksrelaties	Beantwoording vragen Tweede Kamer over het Verantwoordingsonderzoek 2023 bij het Ministerie van Binnenlandse Zaken en Koninkrijksrelaties	https://www.rekenkamer.nl/binaries/rekenkamer/documenten/kamerstukken/2024/06/04/beantwoording-vragen-tweede-kamer-over-het-verantwoordingsonderzoek-2023-bij-het-ministerie-van-binnenlandse-zaken-en-koninkrijksrelaties/Beantwoording+Kamervragen+VO+2023+BZK.pdf	2024-06-04	24002118	Beantwoording vragen Tweede Kamer over het Verantwoordingsonderzoek 2023 bij het Ministerie van Binnenlandse Zaken en Koninkrijksrelaties	4 juni 2024	<UNKNOWN>	7	Naar welke twee regio's heeft de Rekenkamer onderzoek gedaan in het kader van de regiodeals en hoe evalueren deze regio's zelf de regiodeals, waaronder de tijdelijkheid van de middelen?	We hebben onderzoek gedaan naar het gevoerde beleid van de minister van BZK en om precies te zijn de verwachte effectiviteit van de vierde tranche regio deals. We hebben in dat onderzoek twee regio´s bezocht om een beeld te krijgen van de praktijk van hoe Regio Deals werken en hoe er geleerd wordt. Het onderzoek richtte zich op de rol en verantwoordelijkheid van de minister van BZK. We hebben de regio´s niet gecontroleerd. Daarom hebben we ook geen namen genoemd van regio's in ons rapport: het gaat ons niet om de specifieke regio's, maar om het beleidsinstrument. U vraagt naar evaluaties van de regio's zelf. Voor het antwoord op deze vraag verwijzen wij u naar de minister van BZK.			DEFL	H	De AR legt uit waarom zij geen namen van regio's noemt en verwijst voor het tweede deel van de vraag (hoe regio's zelf de regiodeals evalueren) expliciet naar de minister van BZK. Er wordt geen substantieel inhoudelijk antwoord op de gestelde vraag gegeven.		
160	rekenkamer__kamerstuk:2024:06:04:beantwoording-vragen-tweede-kamer-over-het-verantwoordingsonderzoek-2023-bij-het-ministerie-van-binnenlandse-zaken-en-koninkrijksrelaties	Beantwoording vragen Tweede Kamer over het Verantwoordingsonderzoek 2023 bij het Ministerie van Binnenlandse Zaken en Koninkrijksrelaties	https://www.rekenkamer.nl/binaries/rekenkamer/documenten/kamerstukken/2024/06/04/beantwoording-vragen-tweede-kamer-over-het-verantwoordingsonderzoek-2023-bij-het-ministerie-van-binnenlandse-zaken-en-koninkrijksrelaties/Beantwoording+Kamervragen+VO+2023+BZK.pdf	2024-06-04	24002118	Beantwoording vragen Tweede Kamer over het Verantwoordingsonderzoek 2023 bij het Ministerie van Binnenlandse Zaken en Koninkrijksrelaties	4 juni 2024	<UNKNOWN>	9	Hoe komt het dat de vierde en vijfde tranche van de Woningbouwimpuls niet volledig zijn uitgeput, en waarom is het budget van de laatste tranche wel overvraagd?	Wij hebben hier geen onderzoek naar gedaan. Wij geven u in overweging om deze vraag aan de minister van BZK te stellen.			DEFL	H	De AR geeft expliciet aan geen onderzoek te hebben gedaan en verwijst door naar de minister van BZK. Er is geen substantiële inhoud in het antwoord.		
160	rekenkamer__kamerstuk:2024:06:04:beantwoording-vragen-tweede-kamer-over-het-verantwoordingsonderzoek-2023-bij-het-ministerie-van-binnenlandse-zaken-en-koninkrijksrelaties	Beantwoording vragen Tweede Kamer over het Verantwoordingsonderzoek 2023 bij het Ministerie van Binnenlandse Zaken en Koninkrijksrelaties	https://www.rekenkamer.nl/binaries/rekenkamer/documenten/kamerstukken/2024/06/04/beantwoording-vragen-tweede-kamer-over-het-verantwoordingsonderzoek-2023-bij-het-ministerie-van-binnenlandse-zaken-en-koninkrijksrelaties/Beantwoording+Kamervragen+VO+2023+BZK.pdf	2024-06-04	24002118	Beantwoording vragen Tweede Kamer over het Verantwoordingsonderzoek 2023 bij het Ministerie van Binnenlandse Zaken en Koninkrijksrelaties	4 juni 2024	<UNKNOWN>	10	Deelt de Rekenkamer de suggesties in het jaarverslag dat onderuitputting bij de Woningbouwimpuls kan worden veroorzaakt doordat gemeenten hun aanvragen voor de Woningbouwimpuls nog niet volledig gereed hadden, en door het continue karakter van de regeling een volgende tranche meer kansrĳk achtten, of door capaciteitsproblemen bĳ medeoverheden of economische tegenwind?	U vraagt naar de oorzaken van de onderuitputting bij de Woningbouwimpuls. Hier hebben wij in het kader van ons verantwoordingsonderzoek 2023 geen onderzoek naar gedaan.			DEFL	H	De AR geeft expliciet aan dat zij geen onderzoek naar de oorzaken van de onderuitputting heeft gedaan. Er wordt geen inhoudelijk antwoord gegeven op de vraag, wat een duidelijk geval van deflectie is.		
161	rekenkamer__kamerstuk:2024:06:04:beantwoording-vragen-tweede-kamer-over-het-verantwoordingsonderzoek-2023-bij-het-ministerie-van-buitenlandse-zaken	Beantwoording vragen Tweede Kamer over het Verantwoordingsonderzoek 2023 bij het Ministerie van Buitenlandse Zaken	https://www.rekenkamer.nl/binaries/rekenkamer/documenten/kamerstukken/2024/06/04/beantwoording-vragen-tweede-kamer-over-het-verantwoordingsonderzoek-2023-bij-het-ministerie-van-buitenlandse-zaken/Beantwoording+Kamervragen+VO+2023+BZ.pdf	2024-06-04	24002120	Beantwoording vragen Tweede Kamer over het Verantwoordingsonderzoek 2023 bij het Ministerie van Buitenlandse Zaken	4 juni 2024	2023	3	Waardoor komt de grootste toename aan fte's? Welke directies of welke functietypes zijn vooral toegenomen qua personeel?	U vraagt naar een duiding op de toename aan fte's. Hier hebben wij in het kader van ons verantwoordingsonderzoek 2023 geen onderzoek naar gedaan. Het is aan de minister van Buitenlandse Zaken om deze vraag te beantwoorden.			DEFL	H	De AR geeft expliciet aan dit niet onderzocht te hebben en verwijst naar de minister voor beantwoording. Er wordt geen substantiële inhoud geleverd.		
162	rekenkamer__kamerstuk:2024:06:04:beantwoording-vragen-tweede-kamer-over-het-verantwoordingsonderzoek-2023-bij-het-ministerie-van-bzk-ezk	Beantwoording vragen Tweede Kamer over het Verantwoordingsonderzoek 2023 bij het Ministerie van BZK, EZK	https://www.rekenkamer.nl/binaries/rekenkamer/documenten/kamerstukken/2024/06/04/beantwoording-vragen-tweede-kamer-over-het-verantwoordingsonderzoek-2023-bij-het-ministerie-van-bzk-ezk/Beantwoording+vragen+VO+2023+BZK+EZK.pdf	2024-06-04	24002127 R	Beantwoording vragen Tweede Kamer over het Verantwoordingsonderzoek 2023 bij het Ministerie van BZK, EZK	4 juni 2024	2023	5	Kunt u aangeven in hoeverre de inhuur van extern personeel door SSC-ICT leidt tot hogere kosten ten opzichte van het in dienst nemen van dergelijk personeel?	U vraagt in hoeverre de inhuur van extern personeel door SSC-ICT leidt tot hogere kosten ten opzichte van het in dienst nemen van personeel. Hier hebben wij geen onderzoek naar gedaan.		36 560 VII-2: Verantwoordingsonderzoek Ministerie van Binnenlandse Zaken en Koninkrijksrelaties	DEFL	H	De AR geeft expliciet aan dat zij hier geen onderzoek naar heeft gedaan en levert geen inhoudelijk antwoord op de vraag. Dit is een klassiek DEFL-antwoord.		
162	rekenkamer__kamerstuk:2024:06:04:beantwoording-vragen-tweede-kamer-over-het-verantwoordingsonderzoek-2023-bij-het-ministerie-van-bzk-ezk	Beantwoording vragen Tweede Kamer over het Verantwoordingsonderzoek 2023 bij het Ministerie van BZK, EZK	https://www.rekenkamer.nl/binaries/rekenkamer/documenten/kamerstukken/2024/06/04/beantwoording-vragen-tweede-kamer-over-het-verantwoordingsonderzoek-2023-bij-het-ministerie-van-bzk-ezk/Beantwoording+vragen+VO+2023+BZK+EZK.pdf	2024-06-04	24002127 R	Beantwoording vragen Tweede Kamer over het Verantwoordingsonderzoek 2023 bij het Ministerie van BZK, EZK	4 juni 2024	2023	6	Zijn er nog dingen opgevallen als het gaat om de budgetten voor digitale infrastructuur en hoogwaardige technologieën?	Wij hebben deze budgetten tijdens dit verantwoordingsonderzoek niet onderzocht of beoordeeld.		36 560 XIII-2: Verantwoordingsonderzoek Ministerie van Economische Zaken en Klimaat	DEFL	H	De AR geeft expliciet aan dat zij deze budgetten niet heeft onderzocht of beoordeeld, zonder enige inhoudelijke beantwoording van de vraag. Dit is een klassiek DEFL-antwoord.		
162	rekenkamer__kamerstuk:2024:06:04:beantwoording-vragen-tweede-kamer-over-het-verantwoordingsonderzoek-2023-bij-het-ministerie-van-bzk-ezk	Beantwoording vragen Tweede Kamer over het Verantwoordingsonderzoek 2023 bij het Ministerie van BZK, EZK	https://www.rekenkamer.nl/binaries/rekenkamer/documenten/kamerstukken/2024/06/04/beantwoording-vragen-tweede-kamer-over-het-verantwoordingsonderzoek-2023-bij-het-ministerie-van-bzk-ezk/Beantwoording+vragen+VO+2023+BZK+EZK.pdf	2024-06-04	24002127 R	Beantwoording vragen Tweede Kamer over het Verantwoordingsonderzoek 2023 bij het Ministerie van BZK, EZK	4 juni 2024	2023	8	In hoeverre weegt u strategische afhankelijkheden van niet-Europese ICT-leveranciers mee in uw beoordeling over de informatiebeveiliging van ICT-diensten?	Strategische afhankelijkheden van niet-Europese ICT-leveranciers waren geen onderdeel van onze beoordelingen binnen het verantwoordingsonderzoek 2023.		36 560 VII-2: Verantwoordingsonderzoek Ministerie van Binnenlandse Zaken en Koninkrijksrelaties | 36 560 XIII-2: Verantwoordingsonderzoek Ministerie van Economische Zaken en Klimaat	DEFL	H	De AR geeft expliciet aan dat strategische afhankelijkheden van niet-Europese ICT-leveranciers geen onderdeel waren van hun onderzoek. Er wordt geen inhoudelijk antwoord gegeven op de vraag; dit is een klassiek 'niet onderzocht'-antwoord.		
164	rekenkamer__kamerstuk:2024:06:04:beantwoording-vragen-tweede-kamer-over-het-verantwoordingsonderzoek-2023-bij-het-ministerie-van-economische-zaken-en-klimaat	Beantwoording vragen Tweede Kamer over het Verantwoordingsonderzoek 2023 bij het Ministerie van Economische Zaken en Klimaat	https://www.rekenkamer.nl/binaries/rekenkamer/documenten/kamerstukken/2024/06/04/beantwoording-vragen-tweede-kamer-over-het-verantwoordingsonderzoek-2023-bij-het-ministerie-van-economische-zaken-en-klimaat/Beantwoording+vragen+VO+2023+EZK.pdf	2024-06-04	24002122	Beantwoording vragen Tweede Kamer over het Verantwoordingsonderzoek 2023 bij het Ministerie van Economische Zaken en Klimaat	4 juni 2024	2023	1	Hoe veel van de in totaal 7,4 miljard aan subsidies gaat naar het bedrijfsleven? En hoe veel hiervan gaat specifiek naar het mkb?	De Algemene Rekenkamer beschikt niet over nadere informatie om een uitsplitsing van het bedrag van € 7,4 miljard te geven. Voor het antwoord op deze vraag verwijzen wij u naar de verantwoordelijke bewindspersonen.			DEFL	H	De AR geeft expliciet aan niet over de gevraagde informatie te beschikken en verwijst de Kamer door naar de verantwoordelijke bewindspersonen. Er wordt geen substantieel inhoudelijk antwoord gegeven.		
166	rekenkamer__kamerstuk:2024:06:04:beantwoording-vragen-tweede-kamer-over-het-verantwoordingsonderzoek-2023-bij-het-ministerie-van-infrastructuur-en-waterstaat	Beantwoording vragen Tweede Kamer over het Verantwoordingsonderzoek 2023 bij het Ministerie van Infrastructuur en Waterstaat	https://www.rekenkamer.nl/binaries/rekenkamer/documenten/kamerstukken/2024/06/04/beantwoording-vragen-tweede-kamer-over-het-verantwoordingsonderzoek-2023-bij-het-ministerie-van-infrastructuur-en-waterstaat/Beantwoording+vragen+VO+2023+IenW.pdf	2024-06-04	24002121 R	Beantwoording vragen Tweede Kamer over het Verantwoordingsonderzoek 2023 bij het Ministerie van Infrastructuur en Waterstaat	4 juni 2024	<UNKNOWN>	1	De Algemene Rekenkamer constateert dat bij meerdere overbruggings- en verlengingsovereenkomsten de regelgeving rond aanbesteding niet goed is toegepast en vraagt aandacht om de aanbestedingsregels ook in acht te nemen bij de nieuwe vormen van projectvoorbereiding en –uitvoering, waarbij de aanbesteding anders wordt vormgegeven. Om aanbestedingen van grote projecten te laten slagen (vgl. Van Brienenoordbrug), zal Rijkswaterstaat steeds vaker met nieuwe vormen van projectvoorbereiding en –uitvoering moeten gaan werken, waar bij ook met een andere verdeling van risico's (tussen opdrachtgever en opdrachtnemer) wordt gewerkt. Denkt de Rekenkamer dat Rijkswaterstaat en het ministerie klaar zijn om deze nieuwe vormen te gaan hanteren? Zo nee, welke inspanningen ziet de Rekenkamer die hiervoor nodig zijn?	RWS experimenteert met nieuwe vormen van projectvoorbereiding en uitvoering, bijvoorbeeld de tweefasenaanpak, de portfolioaanpak en de doorontwikkeling van onderhouds- en dienstencontracten. We hebben geen onderzoek gedaan in hoeverre het ministerie klaar is om deze nieuwe vormen te gaan hanteren. Wij verwijzen u naar de minister voor een antwoord op deze vraag.			DEFL	H	De AR geeft expliciet aan dat zij geen onderzoek heeft gedaan naar de gereedheid van het ministerie en verwijst de Kamer door naar de minister voor een antwoord. De korte feitelijke beschrijving van de experimenten is onvoldoende substantieel om als FEIT te labelen; de kern van het antwoord is een deflectie.		
167	rekenkamer__kamerstuk:2024:06:04:beantwoording-vragen-tweede-kamer-over-het-verantwoordingsonderzoek-2023-bij-het-ministerie-van-justitie-en-veiligheid	Beantwoording vragen Tweede Kamer over het Verantwoordingsonderzoek 2023 bij het Ministerie van Justitie en Veiligheid	https://www.rekenkamer.nl/binaries/rekenkamer/documenten/kamerstukken/2024/06/04/beantwoording-vragen-tweede-kamer-over-het-verantwoordingsonderzoek-2023-bij-het-ministerie-van-justitie-en-veiligheid/Beantwoording+vragen+VO+2023+JenV.pdf	2024-06-04	24002127 R	Beantwoording vragen Tweede Kamer over het Verantwoordingsonderzoek 2023 bij het Ministerie van Justitie en Veiligheid	4 juni 2024	<UNKNOWN>	2	Hoe komt het dat de Immigratie- en Naturalisatiedienst (IND) geen (toereikende) prestatieverklaring heeft? Welke maatregelen gaat u nemen om de prestatieverklaring van de IND zo snel mogelijk op orde te krijgen?	Het is aan de minister van Justitie en Veiligheid om deze vraag te beantwoorden.			DEFL	H	De AR beantwoordt de vraag niet inhoudelijk en verwijst expliciet naar de minister van Justitie en Veiligheid. Dit is een klassiek DEFL-antwoord.		
167	rekenkamer__kamerstuk:2024:06:04:beantwoording-vragen-tweede-kamer-over-het-verantwoordingsonderzoek-2023-bij-het-ministerie-van-justitie-en-veiligheid	Beantwoording vragen Tweede Kamer over het Verantwoordingsonderzoek 2023 bij het Ministerie van Justitie en Veiligheid	https://www.rekenkamer.nl/binaries/rekenkamer/documenten/kamerstukken/2024/06/04/beantwoording-vragen-tweede-kamer-over-het-verantwoordingsonderzoek-2023-bij-het-ministerie-van-justitie-en-veiligheid/Beantwoording+vragen+VO+2023+JenV.pdf	2024-06-04	24002127 R	Beantwoording vragen Tweede Kamer over het Verantwoordingsonderzoek 2023 bij het Ministerie van Justitie en Veiligheid	4 juni 2024	<UNKNOWN>	6	Hoe hoog is het bedrag aan fouten en aan onzekerheden per agentschap?	Het totaalbedrag aan fouten en onzekerheden in de rechtmatigheid en in de betrouwbaarheid en ordelijkheid van de samenvattende verantwoordingsstaat baten-lastenagentschappen is hierboven bij vraag 5 genoemd. Het bedrag aan fouten en onzekerheden per agentschap hebben wij niet als zodanig bij het ministerie van JenV vastgesteld. Deze vormen geen onderdeel van onze oordeelsvorming over de financiële informatie omdat deze gericht is op het vaststellen van rechtmatigheid en betrouwbaarheid en ordelijkheid op het totaalniveau van de baten-lastenagentschappen en niet per agentschap.			DEFL	H	De AR beantwoordt de vraag niet inhoudelijk: ze verwijst naar een eerder antwoord (vraag 5) voor het totaalbedrag en geeft aan dat het gevraagde bedrag per agentschap niet als zodanig is vastgesteld, met een uitleg waarom niet. Er wordt geen substantiële informatie per agentschap geleverd.		
167	rekenkamer__kamerstuk:2024:06:04:beantwoording-vragen-tweede-kamer-over-het-verantwoordingsonderzoek-2023-bij-het-ministerie-van-justitie-en-veiligheid	Beantwoording vragen Tweede Kamer over het Verantwoordingsonderzoek 2023 bij het Ministerie van Justitie en Veiligheid	https://www.rekenkamer.nl/binaries/rekenkamer/documenten/kamerstukken/2024/06/04/beantwoording-vragen-tweede-kamer-over-het-verantwoordingsonderzoek-2023-bij-het-ministerie-van-justitie-en-veiligheid/Beantwoording+vragen+VO+2023+JenV.pdf	2024-06-04	24002127 R	Beantwoording vragen Tweede Kamer over het Verantwoordingsonderzoek 2023 bij het Ministerie van Justitie en Veiligheid	4 juni 2024	<UNKNOWN>	15	Kunt u aangeven hoe u aandacht gaat besteden, zoals de AR adviseert, aan het inkoopbeheer bij DJI?	Het is aan de minister van Justitie en Veiligheid om deze vraag te beantwoorden.			DEFL	H	De AR beantwoordt de vraag niet inhoudelijk en verwijst expliciet naar de minister van Justitie en Veiligheid. Dit is een klassiek DEFL-patroon: 'Het is aan de minister om...' zonder eigen substantiële inhoud.		
167	rekenkamer__kamerstuk:2024:06:04:beantwoording-vragen-tweede-kamer-over-het-verantwoordingsonderzoek-2023-bij-het-ministerie-van-justitie-en-veiligheid	Beantwoording vragen Tweede Kamer over het Verantwoordingsonderzoek 2023 bij het Ministerie van Justitie en Veiligheid	https://www.rekenkamer.nl/binaries/rekenkamer/documenten/kamerstukken/2024/06/04/beantwoording-vragen-tweede-kamer-over-het-verantwoordingsonderzoek-2023-bij-het-ministerie-van-justitie-en-veiligheid/Beantwoording+vragen+VO+2023+JenV.pdf	2024-06-04	24002127 R	Beantwoording vragen Tweede Kamer over het Verantwoordingsonderzoek 2023 bij het Ministerie van Justitie en Veiligheid	4 juni 2024	<UNKNOWN>	19	Hoezo kan de thermostaat in de gebouwen van de penitentiaire inrichtingen (PI's) niet omlaag?	Bij sommige PI's is het systeem zo verouderd dat het technisch niet mogelijk is om de thermostaat anders in te stellen. Voor meer informatie verwijzen wij u naar de minister van JenV.			DEFL	M	Het antwoord bevat een korte feitelijke toelichting (verouderd systeem), maar verwijst vervolgens naar de minister voor meer informatie. De feitelijke inhoud is minimaal en het antwoord beantwoordt de vraag niet substantieel zelf. Toch is er enige inhoud, waardoor DEFL versus FEIT een grensgebied is; de verwijzing naar de minister domineert echter het antwoord.		
167	rekenkamer__kamerstuk:2024:06:04:beantwoording-vragen-tweede-kamer-over-het-verantwoordingsonderzoek-2023-bij-het-ministerie-van-justitie-en-veiligheid	Beantwoording vragen Tweede Kamer over het Verantwoordingsonderzoek 2023 bij het Ministerie van Justitie en Veiligheid	https://www.rekenkamer.nl/binaries/rekenkamer/documenten/kamerstukken/2024/06/04/beantwoording-vragen-tweede-kamer-over-het-verantwoordingsonderzoek-2023-bij-het-ministerie-van-justitie-en-veiligheid/Beantwoording+vragen+VO+2023+JenV.pdf	2024-06-04	24002127 R	Beantwoording vragen Tweede Kamer over het Verantwoordingsonderzoek 2023 bij het Ministerie van Justitie en Veiligheid	4 juni 2024	<UNKNOWN>	20	Kunt u aangeven of leegstaande cellen ook verwarmd worden, ondanks de doelen (en problemen daarmee) voor het terugbrengen van het gasverbruik?	Het is aan de minister van JenV om deze vraag te beantwoorden.			DEFL	H	De AR beantwoordt de vraag niet inhoudelijk en verwijst expliciet naar de minister van JenV. Dit is een klassiek DEFL-antwoord.		
167	rekenkamer__kamerstuk:2024:06:04:beantwoording-vragen-tweede-kamer-over-het-verantwoordingsonderzoek-2023-bij-het-ministerie-van-justitie-en-veiligheid	Beantwoording vragen Tweede Kamer over het Verantwoordingsonderzoek 2023 bij het Ministerie van Justitie en Veiligheid	https://www.rekenkamer.nl/binaries/rekenkamer/documenten/kamerstukken/2024/06/04/beantwoording-vragen-tweede-kamer-over-het-verantwoordingsonderzoek-2023-bij-het-ministerie-van-justitie-en-veiligheid/Beantwoording+vragen+VO+2023+JenV.pdf	2024-06-04	24002127 R	Beantwoording vragen Tweede Kamer over het Verantwoordingsonderzoek 2023 bij het Ministerie van Justitie en Veiligheid	4 juni 2024	<UNKNOWN>	21	Kunt u aangeven wat u zult ondernemen tegen PI's die het onwenselijk vinden om de thermostaat lager te zetten, zoals de AR noemt?	Het is aan de minister van JenV om deze vraag te beantwoorden.			DEFL	H	De AR geeft geen inhoudelijk antwoord en verwijst expliciet naar de minister. Dit is een klassiek DEFL-patroon.		
167	rekenkamer__kamerstuk:2024:06:04:beantwoording-vragen-tweede-kamer-over-het-verantwoordingsonderzoek-2023-bij-het-ministerie-van-justitie-en-veiligheid	Beantwoording vragen Tweede Kamer over het Verantwoordingsonderzoek 2023 bij het Ministerie van Justitie en Veiligheid	https://www.rekenkamer.nl/binaries/rekenkamer/documenten/kamerstukken/2024/06/04/beantwoording-vragen-tweede-kamer-over-het-verantwoordingsonderzoek-2023-bij-het-ministerie-van-justitie-en-veiligheid/Beantwoording+vragen+VO+2023+JenV.pdf	2024-06-04	24002127 R	Beantwoording vragen Tweede Kamer over het Verantwoordingsonderzoek 2023 bij het Ministerie van Justitie en Veiligheid	4 juni 2024	<UNKNOWN>	23	Is het ondermijningsfonds al opgericht? Zo ja, sinds wanneer en hoeveel financiële middelen zijn hier in totaal ingestort en hoeveel zit er momenteel in dit fonds? En wat heeft het fonds concreet opgebracht?	In 2018 heeft de regering een investering gedaan voor de versterking van de aanpak van ondermijning onder de noemer 'ondermijningsfonds'. Deze eenmalig investering betrof € 100 miljoen die aan de begroting van het Ministerie van JenV is toegevoegd (voor 2019, 2020 en 2021). Overigens betrof het geen werkelijk fonds in de zin dat er ook opbrengsten waren. De doelen uit de Toekomstagenda aanpak ondermijning golden als inhoudelijk uitgangspunt voor besteding van de middelen uit het fonds. De minister heeft in haar brief aan de Tweede Kamer van november 2022 verwezen naar een midtermreview waarin een inventarisatie van de projecten die gefinancierd werden uit het Ondermijningsfonds te vinden is. In 2023 is de versterking van de aanpak geëvalueerd door het WODC en de Universiteit Maastricht. U vraagt hoeveel geld er nog in het 'fonds' zit. Wij hebben geen onderzoek gedaan naar het fonds en verwijzen daarom naar de minister van JenV voor een antwoord op deze vraag.		29 911, nr. 207: Toekomstagenda aanpak ondermijning | 29 911, nr. 379: Brief aan Tweede Kamer november 2022 over ondermijningsfonds | 29 911, nr. 292: Midterm Review versterkingsplannen ondermijning	DEFL	M	Het antwoord bevat feitelijke achtergrondinformatie over het ondermijningsfonds, maar de kernvraag (hoeveel zit er momenteel in het fonds en wat heeft het concreet opgebracht) wordt niet beantwoord: de AR verwijst naar de minister van JenV. De substantiële delen zijn context, niet een antwoord op de gestelde vraag. Toch is er enige feitelijke inhoud, wat M-zekerheid geeft in plaats van H.		
167	rekenkamer__kamerstuk:2024:06:04:beantwoording-vragen-tweede-kamer-over-het-verantwoordingsonderzoek-2023-bij-het-ministerie-van-justitie-en-veiligheid	Beantwoording vragen Tweede Kamer over het Verantwoordingsonderzoek 2023 bij het Ministerie van Justitie en Veiligheid	https://www.rekenkamer.nl/binaries/rekenkamer/documenten/kamerstukken/2024/06/04/beantwoording-vragen-tweede-kamer-over-het-verantwoordingsonderzoek-2023-bij-het-ministerie-van-justitie-en-veiligheid/Beantwoording+vragen+VO+2023+JenV.pdf	2024-06-04	24002127 R	Beantwoording vragen Tweede Kamer over het Verantwoordingsonderzoek 2023 bij het Ministerie van Justitie en Veiligheid	4 juni 2024	<UNKNOWN>	25	Welke indicatoren voor het dashboard zijn al bekend en welke ontbreken? Per wanneer zijn alle indicatoren gedefinieerd?	Het ministerie heeft aangegeven dat de uitwerking van het beleid dit jaar zal gebeuren. Voor een tijdspad en vragen betreffende die uitwerking van het beleid verwijzen wij u naar de minister. Zie ook de beantwoording op vraag 24.			DEFL	H	De AR geeft geen inhoudelijk antwoord maar verwijst door naar de minister en naar een ander antwoord. Er is geen substantiële informatie, oordeel of aanbeveling aanwezig.		
167	rekenkamer__kamerstuk:2024:06:04:beantwoording-vragen-tweede-kamer-over-het-verantwoordingsonderzoek-2023-bij-het-ministerie-van-justitie-en-veiligheid	Beantwoording vragen Tweede Kamer over het Verantwoordingsonderzoek 2023 bij het Ministerie van Justitie en Veiligheid	https://www.rekenkamer.nl/binaries/rekenkamer/documenten/kamerstukken/2024/06/04/beantwoording-vragen-tweede-kamer-over-het-verantwoordingsonderzoek-2023-bij-het-ministerie-van-justitie-en-veiligheid/Beantwoording+vragen+VO+2023+JenV.pdf	2024-06-04	24002127 R	Beantwoording vragen Tweede Kamer over het Verantwoordingsonderzoek 2023 bij het Ministerie van Justitie en Veiligheid	4 juni 2024	<UNKNOWN>	26	Kunt u een opgave geven van het toegenomen aantal corruptiegevallen en integriteitsschendingen, uitgesplitst per mainport en per jaar van de afgelopen vijf jaar?	Het is aan de minister van JenV om deze vraag te beantwoorden. Wij beschikken niet over deze gegevens.			DEFL	H	De AR verwijst expliciet naar de minister en geeft aan niet over de gevraagde gegevens te beschikken. Er wordt geen inhoudelijk antwoord gegeven, wat een duidelijk geval van DEFL is.		
167	rekenkamer__kamerstuk:2024:06:04:beantwoording-vragen-tweede-kamer-over-het-verantwoordingsonderzoek-2023-bij-het-ministerie-van-justitie-en-veiligheid	Beantwoording vragen Tweede Kamer over het Verantwoordingsonderzoek 2023 bij het Ministerie van Justitie en Veiligheid	https://www.rekenkamer.nl/binaries/rekenkamer/documenten/kamerstukken/2024/06/04/beantwoording-vragen-tweede-kamer-over-het-verantwoordingsonderzoek-2023-bij-het-ministerie-van-justitie-en-veiligheid/Beantwoording+vragen+VO+2023+JenV.pdf	2024-06-04	24002127 R	Beantwoording vragen Tweede Kamer over het Verantwoordingsonderzoek 2023 bij het Ministerie van Justitie en Veiligheid	4 juni 2024	<UNKNOWN>	27	Met inachtneming van de vorige vraag, kunt u een opgave geven van de cijfers van corruptiegevallen en integriteitsschendingen van alle havens in België, Duitsland en Frankrijk van de afgelopen vijf jaar, per jaar en per haven uitgesplist? Indien u niet over deze cijfers beschikt, zou u dan over willen gaan tot het opvragen van deze gegevens en deze daarna alsnog aan te leveren?	U vraagt naar informatie over buitenlandse havens. Over deze informatie beschikken wij niet. Voor het antwoord op deze vraag verwijzen wij u naar de minister van JenV.			DEFL	H	De AR geeft expliciet aan niet over de gevraagde informatie te beschikken en verwijst door naar de minister van JenV, zonder enige inhoudelijke beantwoording van de vraag.		
168	rekenkamer__kamerstuk:2024:06:04:beantwoording-vragen-tweede-kamer-over-het-verantwoordingsonderzoek-2023-bij-het-ministerie-van-lnv	Beantwoording vragen Tweede Kamer over het Verantwoordingsonderzoek 2023 bij het Ministerie van LNV	https://www.rekenkamer.nl/binaries/rekenkamer/documenten/kamerstukken/2024/06/04/beantwoording-vragen-tweede-kamer-over-het-verantwoordingsonderzoek-2023-bij-het-ministerie-van-lnv/Beantwoording+vragen+VO+2024+LNV.pdf	2024-06-04	<UNKNOWN>	Beantwoording vragen Tweede Kamer over het Verantwoordingsonderzoek 2023 bij het Ministerie van LNV	4 juni 2024	<UNKNOWN>	1	Is in kaart gebracht welk deel van het budget dat is gebruikt voor beëindigingsregelingen, door boeren moet worden gebruikt voor het afbetalen van schulden aan de Rabobank of andere banken? Gaat dit ten koste van de effectiviteit van de opkoopregelingen?	U vraagt naar het deel van het budget voor beëindigingsregelingen dat boeren gebruiken voor het afbetalen van schulden aan banken en of dit ten koste gaat van de effectiviteit van de regelingen. Wij hebben hier geen onderzoek naar gedaan.			DEFL	H	De AR geeft expliciet aan geen onderzoek te hebben gedaan naar het gevraagde onderwerp en levert geen inhoudelijk antwoord. Dit is een klassiek DEFL-patroon.		
168	rekenkamer__kamerstuk:2024:06:04:beantwoording-vragen-tweede-kamer-over-het-verantwoordingsonderzoek-2023-bij-het-ministerie-van-lnv	Beantwoording vragen Tweede Kamer over het Verantwoordingsonderzoek 2023 bij het Ministerie van LNV	https://www.rekenkamer.nl/binaries/rekenkamer/documenten/kamerstukken/2024/06/04/beantwoording-vragen-tweede-kamer-over-het-verantwoordingsonderzoek-2023-bij-het-ministerie-van-lnv/Beantwoording+vragen+VO+2024+LNV.pdf	2024-06-04	<UNKNOWN>	Beantwoording vragen Tweede Kamer over het Verantwoordingsonderzoek 2023 bij het Ministerie van LNV	4 juni 2024	<UNKNOWN>	2	Is de groei van het aantal fte's doelmatig?	U vraagt naar de doelmatigheid van de groei van het aantal FTE's. Voor het antwoord op deze vraag verwijzen wij u naar de verantwoordelijke bewindspersoon.			DEFL	H	De AR geeft geen inhoudelijk antwoord op de vraag en verwijst expliciet naar de verantwoordelijke bewindspersoon. Dit is een klassiek DEFL-antwoord.		
168	rekenkamer__kamerstuk:2024:06:04:beantwoording-vragen-tweede-kamer-over-het-verantwoordingsonderzoek-2023-bij-het-ministerie-van-lnv	Beantwoording vragen Tweede Kamer over het Verantwoordingsonderzoek 2023 bij het Ministerie van LNV	https://www.rekenkamer.nl/binaries/rekenkamer/documenten/kamerstukken/2024/06/04/beantwoording-vragen-tweede-kamer-over-het-verantwoordingsonderzoek-2023-bij-het-ministerie-van-lnv/Beantwoording+vragen+VO+2024+LNV.pdf	2024-06-04	<UNKNOWN>	Beantwoording vragen Tweede Kamer over het Verantwoordingsonderzoek 2023 bij het Ministerie van LNV	4 juni 2024	<UNKNOWN>	3	Worden de fte's efficiënt ingezet op het ministerie van Landbouw, Natuur en Voedselkwaliteit (LNV)? Zijn er onderdelen binnen het ministerie en zelfstandige bestuursorganen die onder- of oververtegenwoordigd zijn?	Wij hebben voor dit verantwoordingsonderzoek niet onderzocht of de fte's efficiënt worden ingezet op het Ministerie van LNV en of onderdelen binnen het ministerie en zelfstandige bestuursorganen onder- of oververtegenwoordigd zijn. Voor het antwoord op deze vraag verwijzen wij u naar de verantwoordelijke bewindspersoon.			DEFL	H	De AR geeft expliciet aan dit niet te hebben onderzocht en verwijst naar de verantwoordelijke bewindspersoon. Er wordt geen inhoudelijk antwoord gegeven, wat een klassiek DEFL-patroon is.		
168	rekenkamer__kamerstuk:2024:06:04:beantwoording-vragen-tweede-kamer-over-het-verantwoordingsonderzoek-2023-bij-het-ministerie-van-lnv	Beantwoording vragen Tweede Kamer over het Verantwoordingsonderzoek 2023 bij het Ministerie van LNV	https://www.rekenkamer.nl/binaries/rekenkamer/documenten/kamerstukken/2024/06/04/beantwoording-vragen-tweede-kamer-over-het-verantwoordingsonderzoek-2023-bij-het-ministerie-van-lnv/Beantwoording+vragen+VO+2024+LNV.pdf	2024-06-04	<UNKNOWN>	Beantwoording vragen Tweede Kamer over het Verantwoordingsonderzoek 2023 bij het Ministerie van LNV	4 juni 2024	<UNKNOWN>	6	Doet de minister van LNV voldoende om fouten in de uitgaven terug te vorderen?	Een fout in de uitgaven betekent dat een bedrag niet correct in de administratie is verantwoord of dat een uitgave niet aan de wet- en regelgeving voldoet. Een fout in de uitgaven betekent dus niet automatisch dat er een reden is om geld terug te vorderen. Wij hebben geen specifiek onderzoek gedaan naar het terugvorderingsbeleid.			DEFL	H	De AR legt uit wat een fout in de uitgaven betekent (contextuele toelichting), maar geeft vervolgens expliciet aan geen specifiek onderzoek te hebben gedaan naar het terugvorderingsbeleid. Er wordt geen substantieel antwoord op de vraag gegeven; de uitleg van waarom niet beantwoord kan worden is nog steeds DEFL.		
168	rekenkamer__kamerstuk:2024:06:04:beantwoording-vragen-tweede-kamer-over-het-verantwoordingsonderzoek-2023-bij-het-ministerie-van-lnv	Beantwoording vragen Tweede Kamer over het Verantwoordingsonderzoek 2023 bij het Ministerie van LNV	https://www.rekenkamer.nl/binaries/rekenkamer/documenten/kamerstukken/2024/06/04/beantwoording-vragen-tweede-kamer-over-het-verantwoordingsonderzoek-2023-bij-het-ministerie-van-lnv/Beantwoording+vragen+VO+2024+LNV.pdf	2024-06-04	<UNKNOWN>	Beantwoording vragen Tweede Kamer over het Verantwoordingsonderzoek 2023 bij het Ministerie van LNV	4 juni 2024	<UNKNOWN>	7	Hoe doelmatig, efficiënt en effectief is het bedrag van 504 miljoen euro dat naar de provincies en Staatsbosbeheer is gegaan voor de zogenoemde versnellingsvoorstellen?	Wij hebben niet onderzocht hoe doelmatig, efficiënt en effectief het bedrag van € 504 miljoen is dat naar de provincies en Staatsbosbeheer is gegaan voor de zogenoemde versnellingsvoorstellen. Dat kon ook niet omdat het geld voor de versnellingsvoorstellen eind 2022 en in 2023 is toegekend. Toen wij ons verantwoordingsonderzoek over 2023 afsloten, was er nog geen informatie over de realisatie. In de beantwoording schriftelijke vragen bij de 'tweede incidentele suppletoire begroting 2022 LNV' van 13 oktober 2022 schrijven de verantwoordelijke ministers in antwoord op vraag 13 dat zij de volgende criteria hebben gehanteerd bij de beoordeling van de versnellingsvoorstellen van de provincies: de maatregelen zijn no-regret; de maatregelen dragen doelmatig, duurzaam bij aan één of meer van de doelen van de aanpak; de maatregelen leiden tot zo min mogelijk lock-in effecten en; de maatregelen hebben draagvlak in de regio. Voor een antwoord op de vraag of het bedrag van 504 miljoen daadwerkelijk doelmatig, efficiënt en effectief is besteed verwijzen we u naar de verantwoordelijke bewindspersoon.			DEFL	H	De AR geeft expliciet aan dit niet onderzocht te hebben, legt uit waarom dat niet kon, en verwijst voor het inhoudelijke antwoord door naar de verantwoordelijke bewindspersoon. Er is geen substantiële eigen bevinding, oordeel of aanbeveling.		
169	rekenkamer__kamerstuk:2024:06:04:beantwoording-vragen-tweede-kamer-over-het-verantwoordingsonderzoek-2023-bij-het-ministerie-van-onderwijs-cultuur-en-wetenschap	Beantwoording vragen Tweede Kamer over het Verantwoordingsonderzoek 2023 bij het Ministerie van Onderwijs, Cultuur en Wetenschap	https://www.rekenkamer.nl/binaries/rekenkamer/documenten/kamerstukken/2024/06/04/beantwoording-vragen-tweede-kamer-over-het-verantwoordingsonderzoek-2023-bij-het-ministerie-van-onderwijs-cultuur-en-wetenschap/Beantwoording+vragen+VO+2023+OCW.pdf	2024-06-04	24002123 R	Beantwoording vragen Tweede Kamer over het Verantwoordingsonderzoek 2023 bij het Ministerie van Onderwijs, Cultuur en Wetenschap	4 juni 2024	2023	2	Waarom controleert u de gegevens van het ministerie van Binnenlandse Zaken en Koninkrijksrelaties niet op het gebied van aantallen fte's? Wat zijn zaken waar verschil kan zitten tussen de informatie waar in het jaarverslag van wordt uitgegaan en de werkelijke situatie?	Naar deze aantallen, die vermeld staan in de Jaarrapportage Bedrijfsvoering Rijk 2023 van de minister van BZK, hebben wij in het kader van ons verantwoordingsonderzoek 2023 geen onderzoek gedaan.			DEFL	H	De AR geeft expliciet aan dat zij geen onderzoek hebben gedaan naar de gevraagde gegevens en beantwoordt de vraag daarmee niet inhoudelijk. Er wordt geen substantiële informatie, oordeel of aanbeveling gegeven.		
169	rekenkamer__kamerstuk:2024:06:04:beantwoording-vragen-tweede-kamer-over-het-verantwoordingsonderzoek-2023-bij-het-ministerie-van-onderwijs-cultuur-en-wetenschap	Beantwoording vragen Tweede Kamer over het Verantwoordingsonderzoek 2023 bij het Ministerie van Onderwijs, Cultuur en Wetenschap	https://www.rekenkamer.nl/binaries/rekenkamer/documenten/kamerstukken/2024/06/04/beantwoording-vragen-tweede-kamer-over-het-verantwoordingsonderzoek-2023-bij-het-ministerie-van-onderwijs-cultuur-en-wetenschap/Beantwoording+vragen+VO+2023+OCW.pdf	2024-06-04	24002123 R	Beantwoording vragen Tweede Kamer over het Verantwoordingsonderzoek 2023 bij het Ministerie van Onderwijs, Cultuur en Wetenschap	4 juni 2024	2023	8	Hoeveel procent is de € 384 miljoen aan onzekerheden in de subsidies van het totaal aan subsidies exclusief het nieuwkomeronderwijs?	Voor de beantwoording van deze vraag verwijzen we naar de minister van OCW. Deze informatie is niet uit het jaarverslag van OCW op te maken, omdat de realisatie op de verplichtingen niet op dit niveau hoeft te worden verantwoord in het jaarverslag. De onzekerheid in de subsidies wil overigens niet zeggen dat scholen dit geld onterecht ontvingen, maar dat het niet volledig aantoonbaar is dat het bedrag correct is.			DEFL	H	De AR verwijst voor het antwoord naar de minister van OCW en geeft expliciet aan dat de gevraagde informatie niet uit het jaarverslag op te maken is. Er wordt geen inhoudelijk antwoord op de vraag gegeven; de toevoeging over de aard van de onzekerheid is slechts een kanttekening, geen substantieel antwoord op de gestelde vraag.		
169	rekenkamer__kamerstuk:2024:06:04:beantwoording-vragen-tweede-kamer-over-het-verantwoordingsonderzoek-2023-bij-het-ministerie-van-onderwijs-cultuur-en-wetenschap	Beantwoording vragen Tweede Kamer over het Verantwoordingsonderzoek 2023 bij het Ministerie van Onderwijs, Cultuur en Wetenschap	https://www.rekenkamer.nl/binaries/rekenkamer/documenten/kamerstukken/2024/06/04/beantwoording-vragen-tweede-kamer-over-het-verantwoordingsonderzoek-2023-bij-het-ministerie-van-onderwijs-cultuur-en-wetenschap/Beantwoording+vragen+VO+2023+OCW.pdf	2024-06-04	24002123 R	Beantwoording vragen Tweede Kamer over het Verantwoordingsonderzoek 2023 bij het Ministerie van Onderwijs, Cultuur en Wetenschap	4 juni 2024	2023	12	Kunt u toelichten waarom niet is gekozen voor een wat uitgebreidere toelichting in tabel 2 bij 'Resultaat/inzet' inzake Maatregel/doel 'Cultuur (inclusief musea) en media'?	Onze toelichting over het extra geld van het kabinet Rutte IV is gebaseerd op een beknopte analyse van de informatie die de staatssecretaris van Cultuur openbaar heeft gemaakt. We hebben geen eigen onderzoek hebben gedaan naar de geldstromen en resultaten van de extra gelden voor cultuur. Wel zijn we in paragraaf 5.4.2 ingegaan op ons eerdere onderzoek naar de Fair Practice Code en de extra gelden die de staatssecretaris hiervoor heeft ingezet. U treft de betreffende tekstpassage aan op bladzijde 52 en 53 van ons rapport.			DEFL	M	De AR geeft aan geen eigen onderzoek te hebben gedaan naar de geldstromen en resultaten, en verwijst voor verdere informatie naar een eerdere tekstpassage in het rapport. Hoewel er een beperkte uitleg wordt gegeven over waarom de toelichting beknopt is, bevat het antwoord geen substantiële inhoudelijke analyse of oordeel; het is primair een uitleg waarom de vraag niet uitgebreider beantwoord kan worden plus een doorverwijzing.		
169	rekenkamer__kamerstuk:2024:06:04:beantwoording-vragen-tweede-kamer-over-het-verantwoordingsonderzoek-2023-bij-het-ministerie-van-onderwijs-cultuur-en-wetenschap	Beantwoording vragen Tweede Kamer over het Verantwoordingsonderzoek 2023 bij het Ministerie van Onderwijs, Cultuur en Wetenschap	https://www.rekenkamer.nl/binaries/rekenkamer/documenten/kamerstukken/2024/06/04/beantwoording-vragen-tweede-kamer-over-het-verantwoordingsonderzoek-2023-bij-het-ministerie-van-onderwijs-cultuur-en-wetenschap/Beantwoording+vragen+VO+2023+OCW.pdf	2024-06-04	24002123 R	Beantwoording vragen Tweede Kamer over het Verantwoordingsonderzoek 2023 bij het Ministerie van Onderwijs, Cultuur en Wetenschap	4 juni 2024	2023	15	Waarom is in 2023 van de € 653,9 miljoen voor de verbetering van onderwijs 'slechts' bijna € 600 miljoen uitgegeven? En weet u wat is gebeurd met de resterende ca. € 54 miljoen?	In ons onderzoek hebben wij vastgesteld dat er in 2023 minder geld is uitgegeven voor het versterken van de algemene onderwijskwaliteit dan begroot. De Algemene Rekenkamer heeft geen inzicht in wat er precies met de resterende € 54 miljoen is gebeurd. Dit geld is over veel verschillende beleidsartikelen en maatregelen verdeeld. Hiervoor verwijzen we u naar de minister van OCW.			DEFL	M	De AR meldt kort een feitelijke vaststelling (minder uitgegeven dan begroot), maar beantwoordt de kernvraag — wat er met de resterende €54 miljoen is gebeurd — niet en verwijst hiervoor naar de minister van OCW. Omdat het substantiële deel van de vraag niet wordt beantwoord en er wordt gedeflecteerd, weegt DEFL het zwaarst. Er is echter een kleine feitelijke component, waardoor M-zekerheid past.		
170	rekenkamer__kamerstuk:2024:06:04:beantwoording-vragen-tweede-kamer-over-het-verantwoordingsonderzoek-2023-bij-het-ministerie-van-volksgezondheid-welzijn-en-sport	Beantwoording vragen Tweede Kamer over het Verantwoordingsonderzoek 2023 bij het Ministerie van Volksgezondheid, Welzijn en Sport	https://www.rekenkamer.nl/binaries/rekenkamer/documenten/kamerstukken/2024/06/04/beantwoording-vragen-tweede-kamer-over-het-verantwoordingsonderzoek-2023-bij-het-ministerie-van-volksgezondheid-welzijn-en-sport/Beantwoording+kamervragen+VO+2023+VWS.pdf	2024-06-04	24002123 R	Beantwoording vragen Tweede Kamer over het Verantwoordingsonderzoek 2023 bij het Ministerie van Volksgezondheid, Welzijn en Sport	4 juni 2024	2023	4	Hoe ziet u de rol van de Nederlandse Zorgautoriteit (NZa) als het gaat om de aanpak wachttijden Geestelijke gezondheidszorg (GGZ)? Doen zij voldoende om zorgverzekeraars te stimuleren om ook zwaardere zorg in te kopen of te vergoeden? Handhaaft de NZa de zorgplicht voldoende, gezien de lange wachttijden?	Wij hebben onderzocht of 3 maatregelen van de minister van VWS de toegankelijkheid van de ggz hebben verbeterd, en specifiek voor mensen met complexe problematiek. Namelijk het nieuwe betalingssysteem voor zorgaanbieders, de aanpassing in de vereveningssystematiek voor zorgverzekeraars en het extra geld voor het wegwerken van wachtlijsten. We hebben geen onderzoek gedaan naar de handhaving van de zorgplicht door NZa.			DEFL	H	De AR geeft aan dat zij de handhaving van de zorgplicht door de NZa niet heeft onderzocht en beantwoordt de gestelde vraag dus niet substantieel. Het enige inhoudelijke element is een beschrijving van wat zij wél hebben onderzocht, maar dat beantwoordt de vraag niet.		
171	rekenkamer__kamerstuk:2024:06:04:beantwoording-vragen-tweede-kamer-over-het-verantwoordingsonderzoek-2023-bij-het-mobiliteitsfonds	Beantwoording vragen Tweede Kamer over het Verantwoordingsonderzoek 2023 bij het Mobiliteitsfonds	https://www.rekenkamer.nl/binaries/rekenkamer/documenten/kamerstukken/2024/06/04/beantwoording-vragen-tweede-kamer-over-het-verantwoordingsonderzoek-2023-bij-het-mobiliteitsfonds/Beantwoording+vragen+VO+2023+Mobiliteitsfonds.pdf	2024-06-04	24002121 R	Beantwoording vragen Tweede Kamer over het Verantwoordingsonderzoek 2023 bij het Mobiliteitsfonds	4 juni 2024	<UNKNOWN>	2	Kunt u een reflectie geven op de kansen en risico's nu er 978 miljoen euro aan restmiddelen op de Aanvullende Post voor Infra Onderhoud Mobiliteitsfonds staat, maar niet voor de ontsluiting van nieuwe woningen?	Wij hebben geen onderzoek verricht naar de kansen en risico's van restmiddelen op de Aanvullende Post, middelen die al zijn overgeheveld naar de begroting van het Mobiliteitsfonds of de relatie tussen restmiddelen en al overgehevelde middelen. Geld op de Aanvullende Post is geld dat wordt gereserveerd voor een maatregel die nog nader uitgewerkt moet worden. In de Voorjaarsnota 2024 wordt de stand van zaken rond de Aanvullende Post toegelicht. Het is aan het (toekomstige) kabinet om een voorstel bij uw Kamer in te dienen over de wijze waarop de restmiddelen op de Aanvullende Post worden ingezet.		<UNKNOWN>: Voorjaarsnota 2024	DEFL	H	De AR geeft expliciet aan dit niet onderzocht te hebben en verwijst naar het (toekomstige) kabinet voor een antwoord. Er wordt geen substantiële inhoud geleverd; de feitelijke toelichting over de Aanvullende Post is slechts context bij de deflectie.		
171	rekenkamer__kamerstuk:2024:06:04:beantwoording-vragen-tweede-kamer-over-het-verantwoordingsonderzoek-2023-bij-het-mobiliteitsfonds	Beantwoording vragen Tweede Kamer over het Verantwoordingsonderzoek 2023 bij het Mobiliteitsfonds	https://www.rekenkamer.nl/binaries/rekenkamer/documenten/kamerstukken/2024/06/04/beantwoording-vragen-tweede-kamer-over-het-verantwoordingsonderzoek-2023-bij-het-mobiliteitsfonds/Beantwoording+vragen+VO+2023+Mobiliteitsfonds.pdf	2024-06-04	24002121 R	Beantwoording vragen Tweede Kamer over het Verantwoordingsonderzoek 2023 bij het Mobiliteitsfonds	4 juni 2024	<UNKNOWN>	4	Wordt er, gelet op het feit dat de uitgaven aan instandhouding in de afgelopen elf jaar verdubbeld zijn, vanuit de Algemene Rekenkamer verwacht dat deze trend zich voortzet in de komende jaren?	De Algemene Rekenkamer kan geen uitspraken doen over de verwachting in de toekomst voor de uitgaven van instandhouding, omdat deze afhangt van de beleidskeuzes die door het toekomstige kabinet worden gemaakt.			DEFL	H	De AR geeft expliciet aan geen uitspraak te kunnen doen over toekomstige verwachtingen en verwijst naar beleidskeuzes van het toekomstige kabinet. Er wordt geen inhoudelijk antwoord gegeven op de vraag.		
172	rekenkamer__kamerstuk:2025:06:10:beantwoording-vragen-tweede-kamer-over-de-staat-van-de-rijksverantwoording-2024	Beantwoording vragen Tweede Kamer over de Staat van de rijksverantwoording 2024	https://www.rekenkamer.nl/binaries/rekenkamer/documenten/kamerstukken/2025/06/10/beantwoording-vragen-tweede-kamer-over-de-staat-van-de-rijksverantwoording-2024/Beantwoording+Kamervragen+VO+2024+SRV.pdf	2025-06-10	25003009 R	Beantwoording vragen Tweede Kamer over de Staat van de rijksverantwoording 2024	10 juni 2025	2024	2	Is de Algemene Rekenkamer nog steeds van mening dat niet duidelijk is voor de Kamer waar de vrije ruimte zit op de begroting, de zogenaamde budgetflexibiliteit?	In ons onderzoek Ruimte in de ramingen: meerjarenramingen onderzocht (2021) hebben we de informatie beoordeeld die het parlement ontvangt over de flexibiliteit van budgetten. We concludeerden dat het parlement maar beperkt zicht heeft op de flexibele ruimte die beschikbaar is voor alternatieve budgettaire keuzes, vooral op de middellange termijn. Om beter zicht te krijgen op de begrotingsruimte deden we verschillende aanbevelingen. Zo bevalen we het parlement aan om jaarlijks een raming nader te onderzoeken en bevalen we de minister van Financiën aan om te onderzoeken of er mogelijkheden zijn om het meerjarig inzicht in de begrotingsruimte te verbeteren. In het verantwoordingsonderzoek over 2024 hebben we de informatie die het parlement ontvangt over de budgetflexibiliteit niet opnieuw onderzocht.			DEFL	M	De AR verwijst naar eerder onderzoek uit 2021 en geeft aan dat ze de budgetflexibiliteit in het verantwoordingsonderzoek 2024 niet opnieuw hebben onderzocht. Hoewel er historische bevindingen en aanbevelingen worden genoemd, beantwoordt de AR de gestelde vraag ('is de AR nog steeds van mening...') niet inhoudelijk met een actueel standpunt, waardoor DEFL de doorslag geeft.		
173	rekenkamer__kamerstuk:2025:06:10:beantwoording-vragen-tweede-kamer-over-het-verantwoordingsonderzoek-2024-bij-het-begrotingshoofdstuk-buitenlandse-handel-en-ontwikkelingssamenwerking	Beantwoording vragen Tweede Kamer over het Verantwoordingsonderzoek 2024 bij het begrotingshoofdstuk Buitenlandse Handel en Ontwikkelingssamenwerking	https://www.rekenkamer.nl/binaries/rekenkamer/documenten/kamerstukken/2025/06/10/beantwoording-vragen-tweede-kamer-over-het-verantwoordingsonderzoek-2024-bij-het-begrotingshoofdstuk-buitenlandse-handel-en-ontwikkelingssamenwerking/Beantwoording+kamervragen+VO+2024+BHO.pdf	2025-06-10	25003018 R	Beantwoording vragen Tweede Kamer over het Verantwoordingsonderzoek 2024 bij het begrotingshoofdstuk Buitenlandse Handel en Ontwikkelingssamenwerking	10 juni 2025	2024-2025	7	Hoe beoordeelt u de voortgang die het ministerie heeft geboekt op het punt van SMART-doelstellingen in beleidsprogramma's? Is er al zicht op verbetering van meetbaarheid van resultaten?	Voor het antwoord op deze vraag verwijzen wij u graag naar onze antwoorden op de vragen 2 en 3.			DEFL	H	De AR geeft geen inhoudelijk antwoord maar verwijst uitsluitend naar andere antwoorden ('zie het antwoord bij vraag X'). Dit is een klassiek DEFL-patroon zonder eigen substantiële inhoud.		
173	rekenkamer__kamerstuk:2025:06:10:beantwoording-vragen-tweede-kamer-over-het-verantwoordingsonderzoek-2024-bij-het-begrotingshoofdstuk-buitenlandse-handel-en-ontwikkelingssamenwerking	Beantwoording vragen Tweede Kamer over het Verantwoordingsonderzoek 2024 bij het begrotingshoofdstuk Buitenlandse Handel en Ontwikkelingssamenwerking	https://www.rekenkamer.nl/binaries/rekenkamer/documenten/kamerstukken/2025/06/10/beantwoording-vragen-tweede-kamer-over-het-verantwoordingsonderzoek-2024-bij-het-begrotingshoofdstuk-buitenlandse-handel-en-ontwikkelingssamenwerking/Beantwoording+kamervragen+VO+2024+BHO.pdf	2025-06-10	25003018 R	Beantwoording vragen Tweede Kamer over het Verantwoordingsonderzoek 2024 bij het begrotingshoofdstuk Buitenlandse Handel en Ontwikkelingssamenwerking	10 juni 2025	2024-2025	10	Is in het verantwoordingsonderzoek onderzocht in hoeverre multilaterale programma's gefinancierd door Nederland bijdragen aan structurele hervormingen in ontvangende landen, of juist leiden tot afhankelijkheid (negatieve spillover)?	In het verantwoordingsonderzoek 2024 is dit niet onderzocht.			DEFL	H	De AR geeft expliciet aan dat dit niet is onderzocht, zonder enige inhoudelijke beantwoording van de vraag. Dit is een klassiek DEFL-antwoord.		
173	rekenkamer__kamerstuk:2025:06:10:beantwoording-vragen-tweede-kamer-over-het-verantwoordingsonderzoek-2024-bij-het-begrotingshoofdstuk-buitenlandse-handel-en-ontwikkelingssamenwerking	Beantwoording vragen Tweede Kamer over het Verantwoordingsonderzoek 2024 bij het begrotingshoofdstuk Buitenlandse Handel en Ontwikkelingssamenwerking	https://www.rekenkamer.nl/binaries/rekenkamer/documenten/kamerstukken/2025/06/10/beantwoording-vragen-tweede-kamer-over-het-verantwoordingsonderzoek-2024-bij-het-begrotingshoofdstuk-buitenlandse-handel-en-ontwikkelingssamenwerking/Beantwoording+kamervragen+VO+2024+BHO.pdf	2025-06-10	25003018 R	Beantwoording vragen Tweede Kamer over het Verantwoordingsonderzoek 2024 bij het begrotingshoofdstuk Buitenlandse Handel en Ontwikkelingssamenwerking	10 juni 2025	2024-2025	15	Hoe beoordeelt u de effectiviteit van de 12 revolverende fondsen? Wordt voldoende geëvalueerd of deze fondsen nog een bijdrage leveren aan het huidige beleid?	Zoals blijkt uit ons antwoord op vraag 9 is monitoring en evaluatie van doelen en resultaten nodig om een oordeel te kunnen geven over de effectiviteit. Of de minister voor BHO informatie uit monitoring en evaluatie verzamelt, is ons niet bekend. Hier hebben wij geen onderzoek naar gedaan. Wel zijn wij nagegaan of de gefinancierde activiteiten overeenkomen met de doelstellingen van het DGGF en DTIF en de doelen van de minister voor BHO. Uw vraag of voldoende wordt geëvalueerd of deze en de overige fondsen nog een bijdrage leveren aan het huidige beleid is volgens ons een interessante vraag die vooral aan de minister voor BHO is om te beantwoorden.			DEFL	H	De AR geeft aan geen onderzoek te hebben gedaan naar de effectiviteit en monitoring van de fondsen, en verwijst expliciet naar de minister voor BHO om de vraag te beantwoorden. Er wordt geen substantieel inhoudelijk antwoord gegeven op de gestelde vraag.		
174	rekenkamer__kamerstuk:2025:06:10:beantwoording-vragen-tweede-kamer-over-het-verantwoordingsonderzoek-2024-bij-het-ministerie-van-binnenlandse-zaken-en-koninkrijksrelaties	Beantwoording vragen Tweede Kamer over het Verantwoordingsonderzoek 2024 bij het ministerie van Binnenlandse Zaken en Koninkrijksrelaties	https://www.rekenkamer.nl/binaries/rekenkamer/documenten/kamerstukken/2025/06/10/beantwoording-vragen-tweede-kamer-over-het-verantwoordingsonderzoek-2024-bij-het-ministerie-van-binnenlandse-zaken-en-koninkrijksrelaties/Beantwoording+Kamervragen+VO+2024+BZK+1.pdf	2025-06-10	25003020 R	Beantwoording vragen Tweede Kamer over het Verantwoordingsonderzoek 2024 bij het ministerie van Binnenlandse Zaken en Koninkrijksrelaties	10 juni 2025	<UNKNOWN>	1	Ziet u in de afgelopen jaren ontwikkelingen in de (kwaliteit van de) verantwoording over ICT-uitgaven aan softwarelicenties, hardware en grote ICT-projecten?	Vragen om kosteninzicht raken aan veel onderwerpen die wij onderzoeken. In diverse rapporten geven wij aan dat het lastig is om inzicht te krijgen in ICT-uitgaven. Dit heeft onder meer te maken met het hanteren van twee boekhoudstelsels binnen de rijksoverheid (kas-verplichtingen en baten-lasten). Bovendien is er nog geen uniforme interdepartementale inrichting van de financiële administratie. We hebben geen onderzoek uitgevoerd naar specifiek de verantwoording over ICT-uitgaven en kunnen daarom geen schets geven over de ontwikkelingen daarin afgelopen jaren. Informatie daarover is te vinden via bijvoorbeeld rijksfinancien.nl [https://www.rijksfinancien.nl/open-data/Ontvangers%20ICT%20uitgaven] of het rijksictdashboard [https://www.rijksictdashboard.nl/].			DEFL	M	De AR geeft aan geen specifiek onderzoek te hebben uitgevoerd naar de verantwoording over ICT-uitgaven en verwijst door naar externe bronnen (rijksfinancien.nl, rijksictdashboard). Hoewel er enige feitelijke context wordt geboden over waarom kosteninzicht lastig is, wordt de kernvraag niet substantieel beantwoord. DEFL wint hier omdat er geen inhoudelijk antwoord op de gestelde vraag wordt gegeven.		
174	rekenkamer__kamerstuk:2025:06:10:beantwoording-vragen-tweede-kamer-over-het-verantwoordingsonderzoek-2024-bij-het-ministerie-van-binnenlandse-zaken-en-koninkrijksrelaties	Beantwoording vragen Tweede Kamer over het Verantwoordingsonderzoek 2024 bij het ministerie van Binnenlandse Zaken en Koninkrijksrelaties	https://www.rekenkamer.nl/binaries/rekenkamer/documenten/kamerstukken/2025/06/10/beantwoording-vragen-tweede-kamer-over-het-verantwoordingsonderzoek-2024-bij-het-ministerie-van-binnenlandse-zaken-en-koninkrijksrelaties/Beantwoording+Kamervragen+VO+2024+BZK+1.pdf	2025-06-10	25003020 R	Beantwoording vragen Tweede Kamer over het Verantwoordingsonderzoek 2024 bij het ministerie van Binnenlandse Zaken en Koninkrijksrelaties	10 juni 2025	<UNKNOWN>	2	Welke specifieke risico's heeft de Rekenkamer gesignaleerd bij het rijksbrede IT-beheer, met name bij Logius en SSC-ICT?	Onze IT-beheeronderzoeken richten zich met name op de voor de jaarrekening relevante financiële systemen. We bekijken bijvoorbeeld of de cijfers die daarin staan juist zijn, niet zomaar kunnen worden aangepast en alleen kunnen worden gewijzigd door geautoriseerde medewerkers, of wijzigingen in de software beheerst plaatsvinden en hoe de beveiliging van de applicaties is geregeld. We zien al jaren specifieke risico's bij met name (ongeautoriseerde) toegang tot systemen. De Algemene Rekenkamer vraagt al een aantal jaren aan de minister van BZK om duidelijke eisen te stellen aan IT-beheer waar de Rijksoverheid aan moet voldoen. Op dit moment is er nog geen rijksbreed beeld over de kwaliteit van IT-beheer. Wij hebben dus geen volledig zicht op alle ministeries en de organisaties die daaronder liggen, omdat tot dit jaar geen kader was gesteld. Rijksbreed toezicht op naleving van de minimale eisen is nog niet ingevuld door de minister van BZK. Wij hebben het IT-beheer van Logius en SSC-ICT dit jaar niet specifiek onderzocht.			DEFL	M	De AR legt uit wat ze in het algemeen onderzoeken en signaleert dat er al jaren risico's zijn bij toegang tot systemen, maar beantwoordt de specifieke vraag over Logius en SSC-ICT niet: 'Wij hebben het IT-beheer van Logius en SSC-ICT dit jaar niet specifiek onderzocht.' De algemene opmerkingen over ontbrekend rijksbreed kader en toegangsrisico's zijn context, maar geen substantieel antwoord op de gestelde vraag. Er zit wel enige inhoud in (risico's bij toegang, ontbreken van kader), waardoor OOR een alternatief zou zijn, maar de kern is dat de AR de specifieke vraag niet beantwoordt.		
174	rekenkamer__kamerstuk:2025:06:10:beantwoording-vragen-tweede-kamer-over-het-verantwoordingsonderzoek-2024-bij-het-ministerie-van-binnenlandse-zaken-en-koninkrijksrelaties	Beantwoording vragen Tweede Kamer over het Verantwoordingsonderzoek 2024 bij het ministerie van Binnenlandse Zaken en Koninkrijksrelaties	https://www.rekenkamer.nl/binaries/rekenkamer/documenten/kamerstukken/2025/06/10/beantwoording-vragen-tweede-kamer-over-het-verantwoordingsonderzoek-2024-bij-het-ministerie-van-binnenlandse-zaken-en-koninkrijksrelaties/Beantwoording+Kamervragen+VO+2024+BZK+1.pdf	2025-06-10	25003020 R	Beantwoording vragen Tweede Kamer over het Verantwoordingsonderzoek 2024 bij het ministerie van Binnenlandse Zaken en Koninkrijksrelaties	10 juni 2025	<UNKNOWN>	5	Vergroot het niet naleven van aanbestedingswetgeving mogelijk de (strategische) afhankelijkheid van één of enkele ICT-leveranciers?	We hebben dit niet onderzocht. Er zijn verschillende oorzaken die leiden tot niet naleven van de aanbestedingswetgeving (blijkt ook uit de voorgaande antwoorden) die niets van doen hebben met de afhankelijkheid van één of enkele ICT-leveranciers. Maar ook: de afhankelijkheid van één of enkele ICT-leveranciers is er waarschijnlijk ook als de aanbestedingswetgeving wel wordt nageleefd omdat strategische ICT-keuzes niet voor een beperkt aantal jaar zijn.			DEFL	M	Het antwoord begint expliciet met 'We hebben dit niet onderzocht.' Hoewel er vervolgens enige toelichting wordt gegeven, betreft dit geen onderbouwde bevinding of formeel oordeel, maar een informele kanttekening die de vraag niet substantieel beantwoordt. De uitleg van waarom het verband waarschijnlijk niet opgaat is contextueel maar blijft speculatief en niet gebaseerd op eigen onderzoek. Alternatief label OOR is denkbaar vanwege de inschatting over afhankelijkheid, maar de kern is dat de AR de vraag niet heeft onderzocht en dus deflecteert.		
175	rekenkamer__kamerstuk:2025:06:10:beantwoording-vragen-tweede-kamer-over-het-verantwoordingsonderzoek-2024-bij-het-ministerie-van-binnenlandse-zaken-en-koninkrijksrelaties-2	Beantwoording vragen Tweede Kamer over het Verantwoordingsonderzoek 2024 bij het ministerie van Binnenlandse Zaken en Koninkrijksrelaties	https://www.rekenkamer.nl/binaries/rekenkamer/documenten/kamerstukken/2025/06/10/beantwoording-vragen-tweede-kamer-over-het-verantwoordingsonderzoek-2024-bij-het-ministerie-van-binnenlandse-zaken-en-koninkrijksrelaties-2/Beantwoording+Kamervragen+VO+2024+BZK+2.pdf	2025-06-10	25003011 R	Beantwoording vragen Tweede Kamer over het Verantwoordingsonderzoek 2024 bij het ministerie van Binnenlandse Zaken en Koninkrijksrelaties	10 juni 2025	2024-2025	2	Waar liggen volgen u de grootste kansen om de woonquote op de korte en lange termijn te verbeteren?	U vraagt naar het verbeteren van de woonquote. Wij beschikken niet over informatie om deze vraag te kunnen beantwoorden.			DEFL	H	De AR geeft expliciet aan niet over informatie te beschikken om de vraag te beantwoorden. Er wordt geen inhoudelijk antwoord gegeven, wat een duidelijk geval van DEFL is.		
175	rekenkamer__kamerstuk:2025:06:10:beantwoording-vragen-tweede-kamer-over-het-verantwoordingsonderzoek-2024-bij-het-ministerie-van-binnenlandse-zaken-en-koninkrijksrelaties-2	Beantwoording vragen Tweede Kamer over het Verantwoordingsonderzoek 2024 bij het ministerie van Binnenlandse Zaken en Koninkrijksrelaties	https://www.rekenkamer.nl/binaries/rekenkamer/documenten/kamerstukken/2025/06/10/beantwoording-vragen-tweede-kamer-over-het-verantwoordingsonderzoek-2024-bij-het-ministerie-van-binnenlandse-zaken-en-koninkrijksrelaties-2/Beantwoording+Kamervragen+VO+2024+BZK+2.pdf	2025-06-10	25003011 R	Beantwoording vragen Tweede Kamer over het Verantwoordingsonderzoek 2024 bij het ministerie van Binnenlandse Zaken en Koninkrijksrelaties	10 juni 2025	2024-2025	3	Hoe groot acht de Algemene Rekenkamer de kans dat het doel (290.000 woningen) voor ouderenhuisvesting wordt gehaald als de investeringsruimte van woningcorporaties fors wordt beperkt door huurbevriezing in 2025 en 2026?	Hier hebben wij in het kader van ons verantwoordingsonderzoek 2024 geen onderzoek naar gedaan.			DEFL	H	De AR geeft expliciet aan dat zij hier geen onderzoek naar heeft gedaan en biedt geen inhoudelijk antwoord. Dit is een klassieke DEFL.		
175	rekenkamer__kamerstuk:2025:06:10:beantwoording-vragen-tweede-kamer-over-het-verantwoordingsonderzoek-2024-bij-het-ministerie-van-binnenlandse-zaken-en-koninkrijksrelaties-2	Beantwoording vragen Tweede Kamer over het Verantwoordingsonderzoek 2024 bij het ministerie van Binnenlandse Zaken en Koninkrijksrelaties	https://www.rekenkamer.nl/binaries/rekenkamer/documenten/kamerstukken/2025/06/10/beantwoording-vragen-tweede-kamer-over-het-verantwoordingsonderzoek-2024-bij-het-ministerie-van-binnenlandse-zaken-en-koninkrijksrelaties-2/Beantwoording+Kamervragen+VO+2024+BZK+2.pdf	2025-06-10	25003011 R	Beantwoording vragen Tweede Kamer over het Verantwoordingsonderzoek 2024 bij het ministerie van Binnenlandse Zaken en Koninkrijksrelaties	10 juni 2025	2024-2025	4	Hoe groot acht de Algemene Rekenkamer de kans dat de beleidsdoelen voor wonen worden gerealiseerd als de investeringsruimte van woningcorporaties fors wordt beperkt door huurbevriezing in 2025 en 2026?	Hier hebben wij in het kader van ons verantwoordingsonderzoek 2024 geen onderzoek naar gedaan.			DEFL	H	De AR geeft expliciet aan dat zij hier geen onderzoek naar heeft gedaan en levert geen inhoudelijk antwoord op de gestelde vraag.		
175	rekenkamer__kamerstuk:2025:06:10:beantwoording-vragen-tweede-kamer-over-het-verantwoordingsonderzoek-2024-bij-het-ministerie-van-binnenlandse-zaken-en-koninkrijksrelaties-2	Beantwoording vragen Tweede Kamer over het Verantwoordingsonderzoek 2024 bij het ministerie van Binnenlandse Zaken en Koninkrijksrelaties	https://www.rekenkamer.nl/binaries/rekenkamer/documenten/kamerstukken/2025/06/10/beantwoording-vragen-tweede-kamer-over-het-verantwoordingsonderzoek-2024-bij-het-ministerie-van-binnenlandse-zaken-en-koninkrijksrelaties-2/Beantwoording+Kamervragen+VO+2024+BZK+2.pdf	2025-06-10	25003011 R	Beantwoording vragen Tweede Kamer over het Verantwoordingsonderzoek 2024 bij het ministerie van Binnenlandse Zaken en Koninkrijksrelaties	10 juni 2025	2024-2025	5	Is het, naar het oordeel van de Algemene Rekenkamer, technisch en administratief haalbaar om op redelijk korte termijn een betrouwbaar en landelijk dekkend beeld te krijgen van de omvang en de kenmerken van de bestaande woningvoorraad die geschikt is voor ouderen, en zo ja, welke stappen zijn hiervoor nodig?	We hebben gezien dat de minister er sinds het begin van het programma Wonen en zorg voor ouderen in 2022 aan werkt om zicht te krijgen op het aantal nultreden-, geclusterde en zorggeschikte woningen in de bestaande voorraad. Samen met het CBS werkt de minister aan het onderscheiden van de 3 woonvormen in de Woonbase, een database met informatie over wonen in Nederland. Voor het antwoord op de vraag hoe haalbaar het is om dit op korte termijn te realiseren verwijzen wij u naar de minister van VRO.			DEFL	H	Het antwoord begint met een feitelijke beschrijving van lopende werkzaamheden (FEIT), maar de kern van de gestelde vraag — of het technisch en administratief haalbaar is — wordt niet beantwoord. De AR verwijst hiervoor expliciet naar de minister van VRO. Omdat de inhoudelijke vraag onbeantwoord blijft, domineert DEFL.		
175	rekenkamer__kamerstuk:2025:06:10:beantwoording-vragen-tweede-kamer-over-het-verantwoordingsonderzoek-2024-bij-het-ministerie-van-binnenlandse-zaken-en-koninkrijksrelaties-2	Beantwoording vragen Tweede Kamer over het Verantwoordingsonderzoek 2024 bij het ministerie van Binnenlandse Zaken en Koninkrijksrelaties	https://www.rekenkamer.nl/binaries/rekenkamer/documenten/kamerstukken/2025/06/10/beantwoording-vragen-tweede-kamer-over-het-verantwoordingsonderzoek-2024-bij-het-ministerie-van-binnenlandse-zaken-en-koninkrijksrelaties-2/Beantwoording+Kamervragen+VO+2024+BZK+2.pdf	2025-06-10	25003011 R	Beantwoording vragen Tweede Kamer over het Verantwoordingsonderzoek 2024 bij het ministerie van Binnenlandse Zaken en Koninkrijksrelaties	10 juni 2025	2024-2025	6	Welke maatschappelijke gevolgen op korte en langere termijn voorziet de Algemene Rekenkamer als dit zorgelijke beeld voor ouderenhuisvesting aanhoudt en de doelstellingen niet worden gehaald?	Als de doelstellingen voor ouderenhuisvesting niet worden gehaald zullen er te weinig geschikte woningen voor ouderen zijn om in te wonen. Ook kan dit zorgen voor minder doorstroom op de woningmarkt. Naar bredere maatschappelijke gevolgen hebben wij in het kader van het verantwoordingsonderzoek 2024 geen onderzoek gedaan.			DEFL	M	De AR geeft een korte, voor de hand liggende inschatting maar sluit af met de expliciete mededeling dat zij naar bredere maatschappelijke gevolgen geen onderzoek heeft gedaan. De feitelijke inhoud is minimaal en eerder tautologisch (te weinig woningen als doelstellingen niet worden gehaald). Het zwaartepunt ligt bij de deflectie: de AR beantwoordt de eigenlijke vraag niet substantieel. Alternatief label FEIT is denkbaar vanwege de beperkte inhoud, maar de deflectie overheerst.		
175	rekenkamer__kamerstuk:2025:06:10:beantwoording-vragen-tweede-kamer-over-het-verantwoordingsonderzoek-2024-bij-het-ministerie-van-binnenlandse-zaken-en-koninkrijksrelaties-2	Beantwoording vragen Tweede Kamer over het Verantwoordingsonderzoek 2024 bij het ministerie van Binnenlandse Zaken en Koninkrijksrelaties	https://www.rekenkamer.nl/binaries/rekenkamer/documenten/kamerstukken/2025/06/10/beantwoording-vragen-tweede-kamer-over-het-verantwoordingsonderzoek-2024-bij-het-ministerie-van-binnenlandse-zaken-en-koninkrijksrelaties-2/Beantwoording+Kamervragen+VO+2024+BZK+2.pdf	2025-06-10	25003011 R	Beantwoording vragen Tweede Kamer over het Verantwoordingsonderzoek 2024 bij het ministerie van Binnenlandse Zaken en Koninkrijksrelaties	10 juni 2025	2024-2025	8	"Kunt u aangeven wat het Rijksvastgoedbedrijf bedoelt met ""realiseren van optimalisaties in de contractvorm en het versoberen van proceseisen""?"	"U vraagt naar wat het Rijksvastgoedbedrijf bedoelt met het ""realiseren van optimalisaties in de contractvorm en het versoberen van proceseisen"". Het is volgens ons aan de minister van VRO om deze vraag te beantwoorden. Wij hebben hier geen verder onderzoek naar gedaan. Overigens meldde de minister in de 12e voortgangsrapportage over de renovatie dat er naast reguliere projectbeheersing onder andere wordt ingezet op ""Het beperken van kosten opdrijvende eisen en het optimaliseren van contracten, werkwijzen en risicoverdelingen.""."			DEFL	H	De AR geeft expliciet aan dat het aan de minister is om deze vraag te beantwoorden en dat zij hier geen verder onderzoek naar hebben gedaan. Het bijgevoegde citaat uit de voortgangsrapportage is slechts aanvullende context, geen eigen inhoudelijke beantwoording van de vraag.		
175	rekenkamer__kamerstuk:2025:06:10:beantwoording-vragen-tweede-kamer-over-het-verantwoordingsonderzoek-2024-bij-het-ministerie-van-binnenlandse-zaken-en-koninkrijksrelaties-2	Beantwoording vragen Tweede Kamer over het Verantwoordingsonderzoek 2024 bij het ministerie van Binnenlandse Zaken en Koninkrijksrelaties	https://www.rekenkamer.nl/binaries/rekenkamer/documenten/kamerstukken/2025/06/10/beantwoording-vragen-tweede-kamer-over-het-verantwoordingsonderzoek-2024-bij-het-ministerie-van-binnenlandse-zaken-en-koninkrijksrelaties-2/Beantwoording+Kamervragen+VO+2024+BZK+2.pdf	2025-06-10	25003011 R	Beantwoording vragen Tweede Kamer over het Verantwoordingsonderzoek 2024 bij het ministerie van Binnenlandse Zaken en Koninkrijksrelaties	10 juni 2025	2024-2025	13	Met welk bedrag denkt u dat het budget voor de renovatie van het Binnenhof opnieuw verhoogt zal worden en kunt u dit onderbouwen?	In ons verantwoordingsonderzoek 2024 schrijven wij dat het denkbaar is dat een toekomstige verhoging van het budget nodig zal zijn. U vraagt met welk bedrag wij denken dat het budget voor de renovatie van het Binnenhof opnieuw verhoogd zal worden. Dit hebben wij niet onderzocht. Wel heeft de minister van VRO kort voor Verantwoordingsdag aan u aangekondigd dat het budget opnieuw hoger uitvalt. Het is aan de minister van VRO om deze vraag te beantwoorden.			DEFL	H	De AR geeft expliciet aan dit niet onderzocht te hebben en verwijst naar de minister van VRO om de vraag te beantwoorden. Er wordt geen substantiële inhoud geleverd; de opmerking dat een toekomstige budgetverhoging denkbaar is, is slechts context en geen inhoudelijk antwoord op de gestelde vraag.		
177	rekenkamer__kamerstuk:2025:06:10:beantwoording-vragen-tweede-kamer-over-het-verantwoordingsonderzoek-2024-bij-het-ministerie-van-defensie-en-het-defensiematerieelbegrotingsfonds	Beantwoording vragen Tweede Kamer over het Verantwoordingsonderzoek 2024 bij het ministerie van Defensie en het Defensiematerieelbegrotingsfonds	https://www.rekenkamer.nl/binaries/rekenkamer/documenten/kamerstukken/2025/06/10/beantwoording-vragen-tweede-kamer-over-het-verantwoordingsonderzoek-2024-bij-het-ministerie-van-defensie-en-het-defensiematerieelbegrotingsfonds/Beantwoording+Kamervragen+VO+2024+Defensie.pdf	2025-06-10	25003015 R	Beantwoording vragen Tweede Kamer over het Verantwoordingsonderzoek 2024 bij het ministerie van Defensie en het Defensiematerieelbegrotingsfonds	10 juni 2025	2024	4	Kunt u toelichten waarom is besloten om niet naar de redenen van de aanpassing in de projectplanning te kijken bij het constateren dat 68% van de defensiematerieelprojecten uitloopt, en of dit aspect in toekomstige onderzoeken mogelijk wel aandacht krijgt?	Net zoals in afgelopen jaren hebben we het overzicht van het uitlopen van Defensiematerieelprojecten gebaseerd op het Defensieprojectenoverzicht (DPO) van de minister van Defensie uit het afgelopen begrotingsjaar die ook met uw Kamer is gedeeld. In het DPO wordt alleen een reden voor de uitloop opgenomen als die zich in het afgelopen jaar heeft voorgedaan. Hierdoor is er dus geen totaaloverzicht van de reden voor uitloop voor uw Kamer beschikbaar gesteld door de minister van Defensie maar moet dit teruggezocht worden in DPO's uit eerdere jaren. Er is gekozen om uw Kamer een kwantitatief overzicht te geven. Om te kijken naar de specifieke oorzaken voor de uitloop van individuele projecten is uitgebreider onderzoek nodig. U kunt de vraag naar de redenen voor uitloop van projecten ook aan de minister van Defensie stellen.			DEFL	M	De AR legt uit waarom zij de redenen voor uitloop niet hebben onderzocht (databeperkingen, keuze voor kwantitatief overzicht) en verwijst de Kamer naar de minister van Defensie voor die vraag. Er wordt geen inhoudelijk antwoord gegeven op de vraag naar de redenen; het is een uitleg van waarom de AR niet kan antwoorden, wat onder DEFL valt. Er is enige FEIT-inhoud (beschrijving DPO-systematiek), maar de kern is deflectie.		
179	rekenkamer__kamerstuk:2025:06:10:beantwoording-vragen-tweede-kamer-over-het-verantwoordingsonderzoek-2024-bij-het-ministerie-van-financien	Beantwoording vragen Tweede Kamer over het Verantwoordingsonderzoek 2024 bij het ministerie van Financiën	https://www.rekenkamer.nl/binaries/rekenkamer/documenten/kamerstukken/2025/06/10/beantwoording-vragen-tweede-kamer-over-het-verantwoordingsonderzoek-2024-bij-het-ministerie-van-financien/Beantwoording+Kamervragen+VO+2024+Financien.pdf	2025-06-10	25003010 R	Verantwoordingsonderzoek ministerie van Financiën (IX), Rapport bij het Jaarverslag 2024	10 juni 2025	2024-2025	1	Heeft de Algemene Rekenkamer inzicht in hoe het personeelstekort bij de Douane zich verhoudt tot voorgaande jaren en hoe het verloop zal zijn in de toekomst?	Dit inzicht in het personeelstekort bij de Douane in verhouding tot voorgaande jaren en het mogelijke verloop in de toekomst hebben we niet. Wij verwijzen voor deze informatie naar de minister.			DEFL	H	De AR geeft expliciet aan dit inzicht niet te hebben en verwijst voor de informatie naar de minister. Er wordt geen inhoudelijk antwoord op de vraag gegeven.		
179	rekenkamer__kamerstuk:2025:06:10:beantwoording-vragen-tweede-kamer-over-het-verantwoordingsonderzoek-2024-bij-het-ministerie-van-financien	Beantwoording vragen Tweede Kamer over het Verantwoordingsonderzoek 2024 bij het ministerie van Financiën	https://www.rekenkamer.nl/binaries/rekenkamer/documenten/kamerstukken/2025/06/10/beantwoording-vragen-tweede-kamer-over-het-verantwoordingsonderzoek-2024-bij-het-ministerie-van-financien/Beantwoording+Kamervragen+VO+2024+Financien.pdf	2025-06-10	25003010 R	Verantwoordingsonderzoek ministerie van Financiën (IX), Rapport bij het Jaarverslag 2024	10 juni 2025	2024-2025	7	In hoeverre hebben de risico's bij het algoritme Persoonlijk Begeleiden door Toeslagen zich gematerialiseerd?	Wij hebben in het verantwoordingsonderzoek 2024 onderzoek gedaan naar de beheersing van de risico's. Wij hebben daarbij geen specifiek onderzoek verricht naar de materialisatie van deze risico's. U kunt deze vraag aan de verantwoordelijke staatssecretaris stellen.			DEFL	H	De AR geeft aan geen specifiek onderzoek te hebben verricht naar de materialisatie van de risico's en verwijst de vraag door naar de verantwoordelijke staatssecretaris. Er wordt geen substantieel inhoudelijk antwoord gegeven op de gestelde vraag.		
179	rekenkamer__kamerstuk:2025:06:10:beantwoording-vragen-tweede-kamer-over-het-verantwoordingsonderzoek-2024-bij-het-ministerie-van-financien	Beantwoording vragen Tweede Kamer over het Verantwoordingsonderzoek 2024 bij het ministerie van Financiën	https://www.rekenkamer.nl/binaries/rekenkamer/documenten/kamerstukken/2025/06/10/beantwoording-vragen-tweede-kamer-over-het-verantwoordingsonderzoek-2024-bij-het-ministerie-van-financien/Beantwoording+Kamervragen+VO+2024+Financien.pdf	2025-06-10	25003010 R	Verantwoordingsonderzoek ministerie van Financiën (IX), Rapport bij het Jaarverslag 2024	10 juni 2025	2024-2025	8	In hoeverre is het algoritme voor het opsporen van carrouselfraude opschaalbaar?	U vraagt naar de opschaalbaarheid van het algoritme voor het opsporen van carrouselfraude. Voor het antwoord op deze vraag verwijzen wij u naar de verantwoordelijke bewindspersonen. Of en hoe verder opschalen van het algoritme mogelijk is, is afhankelijk van diverse factoren zoals het beleidsterrein, de geldende regels en de beschikbaarheid en kwaliteit van data. Die factoren hebben wij niet onderzocht. Over de mogelijkheid van opschalen kunnen wij op basis van ons onderzoek dus geen uitspraken doen.			DEFL	H	De AR verwijst expliciet naar de verantwoordelijke bewindspersonen en geeft aan dat zij de relevante factoren niet hebben onderzocht en geen uitspraken kunnen doen. Er wordt geen substantiële inhoud geleverd.		
179	rekenkamer__kamerstuk:2025:06:10:beantwoording-vragen-tweede-kamer-over-het-verantwoordingsonderzoek-2024-bij-het-ministerie-van-financien	Beantwoording vragen Tweede Kamer over het Verantwoordingsonderzoek 2024 bij het ministerie van Financiën	https://www.rekenkamer.nl/binaries/rekenkamer/documenten/kamerstukken/2025/06/10/beantwoording-vragen-tweede-kamer-over-het-verantwoordingsonderzoek-2024-bij-het-ministerie-van-financien/Beantwoording+Kamervragen+VO+2024+Financien.pdf	2025-06-10	25003010 R	Verantwoordingsonderzoek ministerie van Financiën (IX), Rapport bij het Jaarverslag 2024	10 juni 2025	2024-2025	10	In hoeverre is het aandachtspunt van verlengingsopties van tijdelijke aard, gegeven het feit dat in 2025 het merendeel van de nieuwe verlengingen onder de nieuwe werkwijze vallen?	Wij verwijzen voor de beantwoording van deze vraag naar § 4.5.3 van ons rapport. De Belastingdienst hanteert in opzet een aangescherpte instructie, waarbij bij elk nieuw inhuurcontract expliciet wordt vastgesteld of sprake is van een verlengingsoptie, en zo ja, onder welke voorwaarden. Naar verwachting zal het merendeel van de verlengingen in 2025 onder deze nieuwe werkwijze vallen. Zoals in ons rapport is aangegeven, zullen wij in 2025 toetsen in hoeverre de nieuwe werkwijze in de praktijk wordt nageleefd.			DEFL	M	Het antwoord verwijst primair naar een rapportparagraaf ('wij verwijzen naar § 4.5.3') en naar toekomstig onderzoek ('wij zullen in 2025 toetsen'). De tussenliggende zinnen beschrijven de opzet van de nieuwe werkwijze, maar beantwoorden de vraag niet substantieel: of het aandachtspunt van tijdelijke aard is wordt niet beoordeeld maar doorgeschoven naar toekomstige toetsing. DEFL wint omdat er geen echt inhoudelijk oordeel of bevinding wordt gegeven.		
179	rekenkamer__kamerstuk:2025:06:10:beantwoording-vragen-tweede-kamer-over-het-verantwoordingsonderzoek-2024-bij-het-ministerie-van-financien	Beantwoording vragen Tweede Kamer over het Verantwoordingsonderzoek 2024 bij het ministerie van Financiën	https://www.rekenkamer.nl/binaries/rekenkamer/documenten/kamerstukken/2025/06/10/beantwoording-vragen-tweede-kamer-over-het-verantwoordingsonderzoek-2024-bij-het-ministerie-van-financien/Beantwoording+Kamervragen+VO+2024+Financien.pdf	2025-06-10	25003010 R	Verantwoordingsonderzoek ministerie van Financiën (IX), Rapport bij het Jaarverslag 2024	10 juni 2025	2024-2025	13	Ziet de Algemene Rekenkamer meerwaarde in een tabel met aparte kolommen voor bevindingen; daaruit volgende aanbevelingen; de reactie minister op de aanbevelingen; en het verschil tussen aanbeveling en reactie minister? Zo ja, is de Algemene Rekenkamer bereid deze in het vervolg op te nemen? Zo nee, waarom niet?	Wij danken de Tweede Kamer voor deze suggestie om onze rapportage inzichtelijker te maken. We nemen deze suggestie mee in onze evaluatie en overwegingen voor het Verantwoordingsonderzoek over 2025.			DEFL	H	De AR geeft geen inhoudelijk antwoord op de vraag of zij meerwaarde ziet in de voorgestelde tabel. Ze bedankt voor de suggestie en verwijst naar toekomstige overwegingen (Verantwoordingsonderzoek 2025), zonder zich uit te spreken. Dit is een klassieke deflectie.		
180	rekenkamer__kamerstuk:2025:06:10:beantwoording-vragen-tweede-kamer-over-het-verantwoordingsonderzoek-2024-bij-het-ministerie-van-infrastructuur-en-waterstaat-xii-het-mobiliteitsfonds-a-en-het-deltafonds-j	Beantwoording vragen Tweede Kamer over het Verantwoordingsonderzoek 2024 bij het ministerie van Infrastructuur en Waterstaat (XII), het Mobiliteitsfonds (A) en het Deltafonds (J)	https://www.rekenkamer.nl/binaries/rekenkamer/documenten/kamerstukken/2025/06/10/beantwoording-vragen-tweede-kamer-over-het-verantwoordingsonderzoek-2024-bij-het-ministerie-van-infrastructuur-en-waterstaat-xii-het-mobiliteitsfonds-a-en-het-deltafonds-j/Beantwoording+Kamervragen+VO+2024+IenW.pdf	2025-06-10	25003007 R	Beantwoording vragen Tweede Kamer over het Verantwoordingsonderzoek 2024 bij het ministerie van Infrastructuur en Waterstaat (XII), het Mobiliteitsfonds (A) en het Deltafonds (J)	10 juni 2025	2024-2025	1	In welke mate staan de uitgaven aan mitigerende en adaptieve maatregelen in verhouding tot de waterveiligheid in Nederland, en kunt u dit onderbouwen?	In 2009 heeft de minister van IenW besloten het waterveiligheidsbeleid te verbreden, maar dit is niet goed van de grond gekomen. In 2023 concludeerden we in ons rapport Voorbij de dijk, Keuzes in het waterveiligheidsbeleid dat de minister zich in de praktijk richtte op dijkversterking. (Crisis)maatregelen die de gevolgen van overstromingen beperken werden nauwelijks toegepast. Wij raadden de minister aan meer werk te maken van zijn beleid om op 3 fronten bescherming te bieden: preventie, beperking van de gevolgen en beheersing van crisis. We hebben geen onderzoek gedaan naar de doeltreffendheid en doelmatigheid van de mitigerende en adaptieve maatregelen met betrekking tot de waterveiligheid in Nederland. We kunnen daarom geen antwoord geven op de vraag in hoeverre deze tot elkaar in verhouding staan.			DEFL	M	Het antwoord bevat feitelijke context en een eerdere aanbeveling, maar de kern is dat de AR aangeeft geen onderzoek te hebben gedaan naar de verhouding tussen uitgaven en waterveiligheid en daarom de vraag niet kan beantwoorden. Er is echter ook een eerdere aanbeveling ('wij raadden de minister aan') en een oordeel ('niet goed van de grond gekomen'). Omdat de aanbeveling een verwijzing is naar eerder onderzoek en het antwoord expliciet eindigt met 'wij kunnen geen antwoord geven', overheerst DEFL, maar de aanwezigheid van inhoudelijke elementen maakt de keuze niet volledig dwingend.		
180	rekenkamer__kamerstuk:2025:06:10:beantwoording-vragen-tweede-kamer-over-het-verantwoordingsonderzoek-2024-bij-het-ministerie-van-infrastructuur-en-waterstaat-xii-het-mobiliteitsfonds-a-en-het-deltafonds-j	Beantwoording vragen Tweede Kamer over het Verantwoordingsonderzoek 2024 bij het ministerie van Infrastructuur en Waterstaat (XII), het Mobiliteitsfonds (A) en het Deltafonds (J)	https://www.rekenkamer.nl/binaries/rekenkamer/documenten/kamerstukken/2025/06/10/beantwoording-vragen-tweede-kamer-over-het-verantwoordingsonderzoek-2024-bij-het-ministerie-van-infrastructuur-en-waterstaat-xii-het-mobiliteitsfonds-a-en-het-deltafonds-j/Beantwoording+Kamervragen+VO+2024+IenW.pdf	2025-06-10	25003007 R	Beantwoording vragen Tweede Kamer over het Verantwoordingsonderzoek 2024 bij het ministerie van Infrastructuur en Waterstaat (XII), het Mobiliteitsfonds (A) en het Deltafonds (J)	10 juni 2025	2024-2025	3	Hoe verstrekkend zijn de volksgezondheidsgevolgen bij het gebruik van hemel- en grijswater voor het doorspoelen van het toilet?	U vraagt hoe verstrekkend de gevolgen zijn voor de volksgezondheid bij het gebruik van hemel- en grijswater voor het doorspoelen van het toilet. Wij hebben geen onderzoek gedaan naar dit vraagstuk maar er zijn onderzoeken gedaan waarin deze informatie te vinden is. Bijvoorbeeld het in opdracht van de minister van BZK uitgevoerde onderzoek Hemelwater- en grijswatergebruik in het gebouw Mogelijke verplichting in het Bbl (hoofdstuk 4). Om te beslissen of een hemel- of grijswatersysteem in het Besluit bouwwerken leefomgeving (Bbl) kan worden verplicht, laat de minister van IenW op dit moment verschillende onderzoeken uitvoeren, onder andere naar de gezondheidsrisico's.			DEFL	H	De AR geeft expliciet aan geen eigen onderzoek te hebben gedaan naar dit vraagstuk en verwijst door naar onderzoeken van andere partijen en lopende onderzoeken van de minister. Er wordt geen substantieel inhoudelijk antwoord op de vraag gegeven.		
182	rekenkamer__kamerstuk:2025:06:10:beantwoording-vragen-tweede-kamer-over-het-verantwoordingsonderzoek-2024-bij-het-ministerie-van-onderwijs-cultuur-en-wetenschap	Beantwoording vragen Tweede Kamer over het Verantwoordingsonderzoek 2024 bij het ministerie van Onderwijs, Cultuur en Wetenschap	https://www.rekenkamer.nl/binaries/rekenkamer/documenten/kamerstukken/2025/06/10/beantwoording-vragen-tweede-kamer-over-het-verantwoordingsonderzoek-2024-bij-het-ministerie-van-onderwijs-cultuur-en-wetenschap/Beantwoording+Kamervragen+VO+2024+OCW.pdf	2025-06-10	25003006 R	Beantwoording vragen Tweede Kamer over het Verantwoordingsonderzoek 2024 bij het ministerie van Onderwijs, Cultuur en Wetenschap	10 juni 2025	2024-2025	3	Kunt u toelichten waarom niet is gekozen voor een onderzoek naar het Nationaal Archief, in het bijzonder met betrekking tot de doelmatigheid van de uitgaven aan het Centraal Archief Bijzondere Rechtspleging?	De Algemene Rekenkamer maakt keuzen op basis van een analyse van risico's als het gaat om de rechtmatige, doelmatige en doeltreffende besteding van begrotingsmiddelen. Uit onze analyse is geen aanleiding naar boven gekomen om onderzoek te doen naar de doelmatigheid van de uitgaven aan het Centraal Archief Bijzondere Rechtspleging.			DEFL	M	De AR beantwoordt de vraag niet inhoudelijk over het Nationaal Archief of het CABR, maar legt uit waarom zij geen onderzoek hebben gedaan (buiten scope/geen aanleiding gevonden). Dit is een uitleg van waarom de AR niet kan antwoorden, wat onder DEFL valt. Er zou een argument voor FEIT zijn (beschrijving van eigen werkwijze), maar de kern is dat er geen substantieel antwoord op de vraag wordt gegeven.		
182	rekenkamer__kamerstuk:2025:06:10:beantwoording-vragen-tweede-kamer-over-het-verantwoordingsonderzoek-2024-bij-het-ministerie-van-onderwijs-cultuur-en-wetenschap	Beantwoording vragen Tweede Kamer over het Verantwoordingsonderzoek 2024 bij het ministerie van Onderwijs, Cultuur en Wetenschap	https://www.rekenkamer.nl/binaries/rekenkamer/documenten/kamerstukken/2025/06/10/beantwoording-vragen-tweede-kamer-over-het-verantwoordingsonderzoek-2024-bij-het-ministerie-van-onderwijs-cultuur-en-wetenschap/Beantwoording+Kamervragen+VO+2024+OCW.pdf	2025-06-10	25003006 R	Beantwoording vragen Tweede Kamer over het Verantwoordingsonderzoek 2024 bij het ministerie van Onderwijs, Cultuur en Wetenschap	10 juni 2025	2024-2025	11	Waarom is ervoor gekozen de effecten van het Masterplan basisvaardigheden vooral te baseren op zelfrapportages van subsidieontvangers?	In ons verantwoordingsonderzoek 2024 beschrijven wij wat de staatssecretaris zelf rapporteert over de wijze waarop zij vaststelt of het eerste tussendoel van het Masterplan basisvaardigheden is bereikt. Voor de onderbouwing van deze aanpak verwijzen we u naar de staatssecretaris.			DEFL	H	De AR beschrijft kort wat ze in hun onderzoek rapporteren, maar verwijst voor de eigenlijke vraag (waarom voor zelfrapportages is gekozen) naar de staatssecretaris. Er wordt geen substantieel antwoord gegeven op de gestelde vraag.		
182	rekenkamer__kamerstuk:2025:06:10:beantwoording-vragen-tweede-kamer-over-het-verantwoordingsonderzoek-2024-bij-het-ministerie-van-onderwijs-cultuur-en-wetenschap	Beantwoording vragen Tweede Kamer over het Verantwoordingsonderzoek 2024 bij het ministerie van Onderwijs, Cultuur en Wetenschap	https://www.rekenkamer.nl/binaries/rekenkamer/documenten/kamerstukken/2025/06/10/beantwoording-vragen-tweede-kamer-over-het-verantwoordingsonderzoek-2024-bij-het-ministerie-van-onderwijs-cultuur-en-wetenschap/Beantwoording+Kamervragen+VO+2024+OCW.pdf	2025-06-10	25003006 R	Beantwoording vragen Tweede Kamer over het Verantwoordingsonderzoek 2024 bij het ministerie van Onderwijs, Cultuur en Wetenschap	10 juni 2025	2024-2025	12	Had u normatief kunnen adviseren over de meest geschikte set indicatoren, gezien het inconsistente gebruik tussen het Masterplan en de Monitor Brede Welvaart?	In ons verantwoordingsonderzoek 2024 hebben we geconstateerd dat er inconsistentie zit in het gebruik van indicatoren tussen het Masterplan basisvaardigheden en de Monitor Brede Welvaart. Het is aan de minister van OCW en aan u als Tweede Kamer om normatief te adviseren over de meest geschikte set indicatoren.			DEFL	H	De AR constateert feitelijk een inconsistentie maar wijst de normatieve adviestaak expliciet door naar de minister en de Tweede Kamer ('Het is aan de minister van OCW en aan u als Tweede Kamer'). De kern van de vraag — of de AR normatief had kunnen adviseren — wordt niet inhoudelijk beantwoord maar gedeflecteerd.		
183	rekenkamer__kamerstuk:2025:06:10:beantwoording-vragen-tweede-kamer-over-het-verantwoordingsonderzoek-2024-bij-het-ministerie-van-szw	Beantwoording vragen Tweede Kamer over het Verantwoordingsonderzoek 2024 bij het ministerie van SZW	https://www.rekenkamer.nl/binaries/rekenkamer/documenten/kamerstukken/2025/06/10/beantwoording-vragen-tweede-kamer-over-het-verantwoordingsonderzoek-2024-bij-het-ministerie-van-szw/Beantwoording+Kamervragen+VO+2024+SZW.pdf	2025-06-10	25003016 R	Beantwoording vragen Tweede Kamer over het Verantwoordingsonderzoek 2024 bij het ministerie van SZW	10 juni 2025	<UNKNOWN>	1	Kan de Algemene Rekenkamer een concrete prognoses of kwantitatieve verwachtingen voor de komende jaren geven, specifiek over de ontwikkeling van de wachtlijsten van Wet Werk en Inkomen naar Arbeidsvermogen (WIA)-aanvragen.	Het is volgens ons aan de minister van SZW en UWV om deze vraag te beantwoorden.			DEFL	H	De AR beantwoordt de vraag niet inhoudelijk en verwijst expliciet naar de minister van SZW en UWV. Dit is een klassiek DEFL-antwoord.		
183	rekenkamer__kamerstuk:2025:06:10:beantwoording-vragen-tweede-kamer-over-het-verantwoordingsonderzoek-2024-bij-het-ministerie-van-szw	Beantwoording vragen Tweede Kamer over het Verantwoordingsonderzoek 2024 bij het ministerie van SZW	https://www.rekenkamer.nl/binaries/rekenkamer/documenten/kamerstukken/2025/06/10/beantwoording-vragen-tweede-kamer-over-het-verantwoordingsonderzoek-2024-bij-het-ministerie-van-szw/Beantwoording+Kamervragen+VO+2024+SZW.pdf	2025-06-10	25003016 R	Beantwoording vragen Tweede Kamer over het Verantwoordingsonderzoek 2024 bij het ministerie van SZW	10 juni 2025	<UNKNOWN>	2	Welke voorstellen zouden de WIA op korte termijn weer uitvoerbaar maken?	Het is volgens ons aan de minister van SZW en UWV om deze vraag te beantwoorden. In ons rapport Grip op menselijke maat. Onderzoek naar de uitvoering en gevolgen van de arbeidsongeschiktheidsverzekering voor werknemers (2024) hebben we een Leidraad voor menselijke maat opgenomen die het ministerie, parlement en UWV concrete handvatten biedt om de WIA uit te voeren volgens de bedoeling, of aan te passen als deze onbedoeld nadelig uitpakt voor burgers, onuitvoerbaar of te foutgevoelig is. Een eenvoudiger, beter uitvoerbaar en begrijpelijker arbeidsongeschiktheidsstelsel kan tot gevolg hebben dat deze minder rekening houdt met specifieke situaties. Hierin keuzes maken volgens de menselijke maat vereist een expliciete afweging tussen verschillende publieke belangen.		2024: Grip op menselijke maat. Onderzoek naar de uitvoering en gevolgen van de arbeidsongeschiktheidsverzekering voor werknemers | 2024: Leidraad voor menselijke maat	DEFL	M	Het antwoord begint met een expliciete verwijzing naar de minister en UWV ('Het is volgens ons aan de minister van SZW en UWV om deze vraag te beantwoorden'). De AR beantwoordt de vraag niet zelf maar verwijst naar een eerder rapport en geeft algemene overwegingen. Hoewel er een lichte aanbeveling-achtige toon zit in de verwijzing naar de Leidraad, geeft de AR geen concrete prescriptieve aanbevelingen op de gestelde vraag. DEFL wint omdat er geen substantieel antwoord op de vraag wordt gegeven.		
183	rekenkamer__kamerstuk:2025:06:10:beantwoording-vragen-tweede-kamer-over-het-verantwoordingsonderzoek-2024-bij-het-ministerie-van-szw	Beantwoording vragen Tweede Kamer over het Verantwoordingsonderzoek 2024 bij het ministerie van SZW	https://www.rekenkamer.nl/binaries/rekenkamer/documenten/kamerstukken/2025/06/10/beantwoording-vragen-tweede-kamer-over-het-verantwoordingsonderzoek-2024-bij-het-ministerie-van-szw/Beantwoording+Kamervragen+VO+2024+SZW.pdf	2025-06-10	25003016 R	Beantwoording vragen Tweede Kamer over het Verantwoordingsonderzoek 2024 bij het ministerie van SZW	10 juni 2025	<UNKNOWN>	11	Hoe wordt de effectiviteit van re-integratieprogramma's voor mensen met complexe problematiek gemeten?	Het is volgens ons aan de minister van SZW om deze vraag te beantwoorden.			DEFL	H	De AR beantwoordt de vraag niet inhoudelijk en verwijst expliciet naar de minister van SZW. Dit is een klassiek DEFL-antwoord.		
183	rekenkamer__kamerstuk:2025:06:10:beantwoording-vragen-tweede-kamer-over-het-verantwoordingsonderzoek-2024-bij-het-ministerie-van-szw	Beantwoording vragen Tweede Kamer over het Verantwoordingsonderzoek 2024 bij het ministerie van SZW	https://www.rekenkamer.nl/binaries/rekenkamer/documenten/kamerstukken/2025/06/10/beantwoording-vragen-tweede-kamer-over-het-verantwoordingsonderzoek-2024-bij-het-ministerie-van-szw/Beantwoording+Kamervragen+VO+2024+SZW.pdf	2025-06-10	25003016 R	Beantwoording vragen Tweede Kamer over het Verantwoordingsonderzoek 2024 bij het ministerie van SZW	10 juni 2025	<UNKNOWN>	13	Valt er een prognose te maken van het aantal verzekeringsartsen afgezet tegen de verwachte WIA-instroom voor de komende vijf jaar?	Het is volgens ons aan de minister van SZW en UWV om deze vraag te beantwoorden.			DEFL	H	De AR beantwoordt de vraag niet inhoudelijk en verwijst expliciet naar de minister van SZW en UWV. Dit is een klassiek DEFL-antwoord.		
183	rekenkamer__kamerstuk:2025:06:10:beantwoording-vragen-tweede-kamer-over-het-verantwoordingsonderzoek-2024-bij-het-ministerie-van-szw	Beantwoording vragen Tweede Kamer over het Verantwoordingsonderzoek 2024 bij het ministerie van SZW	https://www.rekenkamer.nl/binaries/rekenkamer/documenten/kamerstukken/2025/06/10/beantwoording-vragen-tweede-kamer-over-het-verantwoordingsonderzoek-2024-bij-het-ministerie-van-szw/Beantwoording+Kamervragen+VO+2024+SZW.pdf	2025-06-10	25003016 R	Beantwoording vragen Tweede Kamer over het Verantwoordingsonderzoek 2024 bij het ministerie van SZW	10 juni 2025	<UNKNOWN>	14	Valt er een prognose te maken van hoe het aantal WIA-aanvragen zich naar schatting de komende vijf jaar zal ontwikkelen?	Het is volgens ons aan de minister van SZW en UWV om deze vraag te beantwoorden.			DEFL	H	De AR beantwoordt de vraag niet inhoudelijk en verwijst expliciet naar de minister van SZW en UWV. Dit is een klassiek DEFL-patroon: 'het is aan de minister om'.		
183	rekenkamer__kamerstuk:2025:06:10:beantwoording-vragen-tweede-kamer-over-het-verantwoordingsonderzoek-2024-bij-het-ministerie-van-szw	Beantwoording vragen Tweede Kamer over het Verantwoordingsonderzoek 2024 bij het ministerie van SZW	https://www.rekenkamer.nl/binaries/rekenkamer/documenten/kamerstukken/2025/06/10/beantwoording-vragen-tweede-kamer-over-het-verantwoordingsonderzoek-2024-bij-het-ministerie-van-szw/Beantwoording+Kamervragen+VO+2024+SZW.pdf	2025-06-10	25003016 R	Beantwoording vragen Tweede Kamer over het Verantwoordingsonderzoek 2024 bij het ministerie van SZW	10 juni 2025	<UNKNOWN>	17	Hoe wordt de effectiviteit van de Wet inburgering 2021 ten opzichte van de Wet inburgering 2013 geëvalueerd en wanneer worden de eerste resultaten verwacht?	Najaar 2025 verwachten we ons onderzoek naar betaald werk voor statushouders onder de Wet inburgering 2021 te publiceren.			DEFL	H	De AR geeft geen inhoudelijk antwoord op de vraag over evaluatie en effectiviteit, maar verwijst naar een toekomstig onderzoek dat nog gepubliceerd moet worden. Dit is een klassiek DEFL-patroon: 'onze rapportage is voorzien voor [toekomstige datum]'.		
183	rekenkamer__kamerstuk:2025:06:10:beantwoording-vragen-tweede-kamer-over-het-verantwoordingsonderzoek-2024-bij-het-ministerie-van-szw	Beantwoording vragen Tweede Kamer over het Verantwoordingsonderzoek 2024 bij het ministerie van SZW	https://www.rekenkamer.nl/binaries/rekenkamer/documenten/kamerstukken/2025/06/10/beantwoording-vragen-tweede-kamer-over-het-verantwoordingsonderzoek-2024-bij-het-ministerie-van-szw/Beantwoording+Kamervragen+VO+2024+SZW.pdf	2025-06-10	25003016 R	Beantwoording vragen Tweede Kamer over het Verantwoordingsonderzoek 2024 bij het ministerie van SZW	10 juni 2025	<UNKNOWN>	20	Welke lessen zijn tot nu toe getrokken uit de WIA-problematiek over het belang van bestuurlijk toezicht en verantwoording?	Ons onderzoek naar de WIA-problematiek zoals die in juni 2024 naar buiten is gekomen, is nog gaande. Op 9 april 2025 hebben we hierover onze tussenrapportage gepubliceerd. In ons verdere onderzoek proberen we lessen te trekken voor de sturing en het toezicht van de minister van SZW op de uitvoering van de WIA en de verantwoording hierover door UWV. De planning van onze rapportage is najaar 2025.			DEFL	H	De AR beantwoordt de vraag niet inhoudelijk maar verwijst naar lopend onderzoek en een toekomstige rapportage (najaar 2025). Er worden geen substantiële lessen gedeeld; het antwoord is volledig deflecterend.		
185	rekenkamer__kamerstuk:2025:06:10:beantwoording-vragen-tweede-kamer-over-het-verantwoordingsonderzoek-2024-bij-koninkrijksrelaties-en-het-bes-fonds	Beantwoording vragen Tweede Kamer over het Verantwoordingsonderzoek 2024 bij Koninkrijksrelaties en het BES-fonds	https://www.rekenkamer.nl/binaries/rekenkamer/documenten/kamerstukken/2025/06/10/beantwoording-vragen-tweede-kamer-over-het-verantwoordingsonderzoek-2024-bij-koninkrijksrelaties-en-het-bes-fonds/Beantwoording+Kamervragen+VO+2024+KR.pdf	2025-06-10	25003019	Verantwoordingsonderzoek 2024 bij Koninkrijksrelaties en het BES-fonds, Rapport bij het Jaarverslag 2024	10 juni 2025	2024-2025	1	In hoeverre heeft de Algemene Rekenkamer in het afgelopen jaar en/of in de afgelopen jaren gekeken naar de situatie Selibon op Bonaire? Hoe heeft de Algemene Rekenkamer gekeken naar de afrekening van de budgetten voor de situatie Selibon op Bonaire?	U vraagt in hoeverre de Algemene Rekenkamer heeft gekeken naar de situatie Selibon op Bonaire en hoe de Algemene Rekenkamer heeft gekeken naar de afrekening van de budgetten. Wij hebben in het kader van ons verantwoordingsonderzoek 2024 geen onderzoek gedaan naar de situatie omtrent Selibon op Bonaire.			DEFL	H	De AR geeft expliciet aan dat zij geen onderzoek heeft gedaan naar de situatie Selibon op Bonaire. Er wordt geen substantiële inhoud geleverd; het antwoord valt volledig onder 'niet onderzocht'.		
2	rekenkamer__kamerstuk:2013:04:18:beantwoording-kamervragen-over-het-eu-trendrapport-2013	Beantwoording Kamervragen over het EU-trendrapport 2013	https://www.rekenkamer.nl/binaries/rekenkamer/documenten/kamerstukken/2013/04/18/beantwoording-kamervragen-over-het-eu-trendrapport-2013/Brief+TK+Beantwoording+TK-vragen+EU-trendrapport+2013.pdf	2013-04-18	33 523	Beantwoording vragen Tweede Kamer bij EU-trendrapport 2013	18 april 2013	2012-2013	2	Denemarken, Zweden, Verenigd Koninkrijk en Nederland leveren de lidstaatverklaring vrijwillig, maar een grote meerderheid van de lidstaten verzet zich tegen de lidstaatsverklaring. Welke landen verzetten zich tegen een verplichte lidstaa tverklaring?	De verslagen die de minister van Financiën naar de Tweede Kamer heeft gestuurd over de onderhandelingen over het Financieel Reglement geven geen overzicht van de EU-landen die zich verzetten tegen de invoering van een openbare en verplichte lidstaatverklaring (in Nederland ook wel 'nationale verklaring' genoemd). Wij hebben geen inzage gehad in andere documenten waaruit blijkt welke EU-landen zich in welke mate verzetten tegen de invoering van een openbare en verplichte lidstaatverklaring.			DEFL	H	De AR geeft aan dat zij geen overzicht heeft van welke landen zich verzetten en geen inzage heeft gehad in relevante documenten. Er wordt geen inhoudelijk antwoord op de vraag gegeven; de AR kan hierover geen uitspraak doen.		
2	rekenkamer__kamerstuk:2013:04:18:beantwoording-kamervragen-over-het-eu-trendrapport-2013	Beantwoording Kamervragen over het EU-trendrapport 2013	https://www.rekenkamer.nl/binaries/rekenkamer/documenten/kamerstukken/2013/04/18/beantwoording-kamervragen-over-het-eu-trendrapport-2013/Brief+TK+Beantwoording+TK-vragen+EU-trendrapport+2013.pdf	2013-04-18	33 523	Beantwoording vragen Tweede Kamer bij EU-trendrapport 2013	18 april 2013	2012-2013	9	In het EU trendrapport wordt geconstateerd dat Eurostat betrouwbare statistische informatie vanuit de lidstaten nodig heeft om voor de Europese Commissie te kunnen beoordelen of is voldaan aan de eis waaraan alle landen binnen de Europese Monetaire Unie (EMU) moeten voldoen, is dit volgens de Algemene Rekenkamer het geval?	Eurostat heeft tot nu toe geen vergelijkbare informatie gepubliceerd waaruit blijkt of alle lidstaten aan de EMU-eisen voldoen. Wij kunnen hierover dan ook geen uitspraken doen.			DEFL	H	De AR geeft expliciet aan geen uitspraak te kunnen doen ('Wij kunnen hierover dan ook geen uitspraken doen'), wat een klassieke deflectie is zonder substantiële inhoud.		
2	rekenkamer__kamerstuk:2013:04:18:beantwoording-kamervragen-over-het-eu-trendrapport-2013	Beantwoording Kamervragen over het EU-trendrapport 2013	https://www.rekenkamer.nl/binaries/rekenkamer/documenten/kamerstukken/2013/04/18/beantwoording-kamervragen-over-het-eu-trendrapport-2013/Brief+TK+Beantwoording+TK-vragen+EU-trendrapport+2013.pdf	2013-04-18	33 523	Beantwoording vragen Tweede Kamer bij EU-trendrapport 2013	18 april 2013	2012-2013	17	De Algemene Rekenkamer constateert twee mogelijke risico's ter grootte van enkele miljoenen euro's bij het ministerie van Economische Zaken, om welk bedrag gaat het precies?	De Algemene Rekenkamer heeft het Ministerie van EZ gewezen op deze risico's. De omvang van de risico's is op dit moment niet exact te kwantificeren.			DEFL	M	De AR geeft geen exact bedrag en stelt dat de omvang niet te kwantificeren is. Er wordt geen inhoudelijk antwoord op de vraag gegeven; de AR verwijst naar het feit dat ze het ministerie heeft gewezen op de risico's maar beantwoordt de vraag niet substantieel. Alternatief zou FEIT zijn (de AR meldt dat kwantificering niet mogelijk is), maar de kern is dat de vraag onbeantwoord blijft.		
2	rekenkamer__kamerstuk:2013:04:18:beantwoording-kamervragen-over-het-eu-trendrapport-2013	Beantwoording Kamervragen over het EU-trendrapport 2013	https://www.rekenkamer.nl/binaries/rekenkamer/documenten/kamerstukken/2013/04/18/beantwoording-kamervragen-over-het-eu-trendrapport-2013/Brief+TK+Beantwoording+TK-vragen+EU-trendrapport+2013.pdf	2013-04-18	33 523	Beantwoording vragen Tweede Kamer bij EU-trendrapport 2013	18 april 2013	2012-2013	19	Is er al meer duidelijkheid of het European Stability Mechanism (ESM) auditcomité in de praktijk daadwerkelijk onbeperkte toegang heeft tot alle relevante data en communicatie?	Het eerste jaarverslag van het ESM-auditcomité, dat naar verwachting in het voorjaar van 2013 zal verschijnen, kan hierover meer duidelijkheid verschaffen.			DEFL	H	De AR geeft geen inhoudelijk antwoord op de vraag maar verwijst naar een toekomstige publicatie (het jaarverslag van het ESM-auditcomité) die meer duidelijkheid zou kunnen geven. Er is geen substantiële inhoud.		
15	rekenkamer__kamerstuk:2022:06:08:beantwoording-vragen-tweede-kamer-over-de-staat-van-de-rijksverantwoording-2021	Beantwoording vragen Tweede Kamer over de Staat van de rijksverantwoording 2021	https://www.rekenkamer.nl/binaries/rekenkamer/documenten/kamerstukken/2022/06/08/beantwoording-vragen-tweede-kamer-over-de-staat-van-de-rijksverantwoording-2021/Beantwoording+Kamervragen+Staat+vd+rijksverantwoording+2021.pdf	2022-06-08	22002940 R	Beantwoording vragen Tweede Kamer over de Staat van de rijksverantwoording 2021	8 juni 2022	<UNKNOWN>	7	Is het mogelijk om een schematisch overzicht te delen waarin per ministerie de staat van het financiële beheer beknopt wordt beschreven of met een score wordt aangeduid?	Voor onze bevindingen bij alle 23 begrotingshoofdstukken verwijzen wij u naar onze rapporten bij de departementale jaarverslagen. De Staat van de rijksverantwoording beschrijft de belangrijkste ontwikkelingen op hoofdlijnen.			DEFL	H	De AR geeft geen inhoudelijk antwoord op de vraag naar een schematisch overzicht, maar verwijst door naar andere rapporten en de Staat van de rijksverantwoording. Er wordt geen eigen inhoud geleverd.		
15	rekenkamer__kamerstuk:2022:06:08:beantwoording-vragen-tweede-kamer-over-de-staat-van-de-rijksverantwoording-2021	Beantwoording vragen Tweede Kamer over de Staat van de rijksverantwoording 2021	https://www.rekenkamer.nl/binaries/rekenkamer/documenten/kamerstukken/2022/06/08/beantwoording-vragen-tweede-kamer-over-de-staat-van-de-rijksverantwoording-2021/Beantwoording+Kamervragen+Staat+vd+rijksverantwoording+2021.pdf	2022-06-08	22002940 R	Beantwoording vragen Tweede Kamer over de Staat van de rijksverantwoording 2021	8 juni 2022	<UNKNOWN>	8	Welke mogelijkheden ziet u vanuit Rijksbreed perspectief om de staat van het financiële beheer op de departementen te verbeteren?	De minister van Financiën stelt in haar reactie op de Staat van de rijksverantwoording 2021 dat zij het financieel beheer verder op orde wil brengen, zodat een toename van meer structurele onrechtmatigheden wordt voorkomen. Zij zal zich hiervoor inzetten en haar collega-ministers verzoeken hetzelfde te doen. Het is aan het parlement om op basis van de jaarverslagen en onze rapporten te bespreken tot welke concrete maatregelen dat leidt en waar nodig bewindslieden aan te sporen.			DEFL	H	De AR beantwoordt de vraag niet zelf maar verwijst naar de reactie van de minister van Financiën en legt de bal vervolgens bij het parlement. Er wordt geen eigen inhoudelijk antwoord, oordeel of aanbeveling gegeven op de gestelde vraag.		
